Date,Open,High,Low,Close,Volume,Ticker
2020-01-02,5.942207075173676,5.971077919006348,5.891682979787332,5.971077919006348,237536000,NVDA
2020-01-03,5.851362305182769,5.9193089700123815,5.826473387405685,5.875504493713379,205384000,NVDA
2020-01-06,5.782172259318857,5.905371684641664,5.756039105428163,5.900145053863525,262636000,NVDA
2020-01-07,5.928516566383579,6.0173697369100445,5.883467865087548,5.971574306488037,314856000,NVDA
2020-01-08,5.967342646120171,6.024089307661958,5.927271825956355,5.982773780822754,277108000,NVDA
2020-01-09,6.069139231981593,6.12090802671999,5.994721708224297,6.048481464385986,255112000,NVDA
2020-01-10,6.155751792284249,6.186116088078672,6.0666498661842505,6.080836296081543,316296000,NVDA
2020-01-13,6.163965346925587,6.296622518260619,6.141316144751401,6.271484851837158,319840000,NVDA
2020-01-14,6.228677860610162,6.2540647613811355,6.141318116147422,6.154509544372559,359088000,NVDA
2020-01-15,6.167201711413345,6.189601691642836,6.086064089642818,6.111948490142822,263104000,NVDA
2020-01-16,6.165459211777373,6.201548119865506,6.142063751814368,6.195574760437012,284192000,NVDA
2020-01-17,6.214738881645233,6.222205699382475,6.156747973897517,6.204285621643066,253792000,NVDA
2020-01-21,6.167699961913598,6.204535602628313,6.136837681171992,6.17093563079834,217916000,NVDA
2020-01-22,6.216232111329572,6.311556154821581,6.197316553531429,6.224943161010742,239240000,NVDA
2020-01-23,6.265014550653041,6.301849711322332,6.176161367963246,6.293387413024902,244516000,NVDA
2020-01-24,6.408870786307661,6.4586486133694825,6.179893636313056,6.234151363372803,373512000,NVDA
2020-01-27,5.9295134446454965,6.029317874683954,5.77993165006869,5.978295803070068,470536000,NVDA
2020-01-28,6.044250844374252,6.204037143136165,5.990988586548067,6.171681880950928,310976000,NVDA
2020-01-29,6.157246913273361,6.193335825898142,6.071380157392558,6.111202716827393,258848000,NVDA
2020-01-30,6.013388746744023,6.131362007202673,5.958384751904467,6.117921829223633,290504000,NVDA
2020-01-31,6.072126406970737,6.084073126385558,5.842651697517958,5.884464740753174,370420000,NVDA
2020-02-03,5.866296047468316,6.000944683491805,5.860073936086424,5.981531620025635,255564000,NVDA
2020-02-04,6.12339567310235,6.1699378282412995,6.073369098849962,6.150773048400879,271544000,NVDA
2020-02-05,6.271735301395451,6.2819398115033085,6.1577444293662715,6.241122245788574,208220000,NVDA
2020-02-06,6.275468324748292,6.327983379364014,6.194330704477738,6.327983379364014,218284000,NVDA
2020-02-07,6.287912938328408,6.310064167998149,6.236392886603285,6.26177978515625,189752000,NVDA
2020-02-10,6.284429085031176,6.545761589769547,6.279451205487257,6.545015335083008,529608000,NVDA
2020-02-11,6.653281636403491,6.782205679027587,6.591308317517079,6.667468070983887,638556000,NVDA
2020-02-12,6.7202319448488455,6.7896720787960385,6.68140534110795,6.783200740814209,374644000,NVDA
2020-02-13,6.72520823441406,6.806594594744795,6.697830379670216,6.739394664764404,528016000,NVDA
2020-02-14,7.149562784000862,7.341455573951124,7.118203005797297,7.212531566619873,1041924000,NVDA
2020-02-18,7.109244481444673,7.399697527489978,7.089831416264805,7.381279468536377,620164000,NVDA
2020-02-19,7.50373169839315,7.850184182869734,7.50373169839315,7.832512855529785,694332000,NVDA
2020-02-20,7.78447774536213,7.872832958406956,7.375803197693167,7.683180332183838,810052000,NVDA
2020-02-21,7.570931179614776,7.596068848922085,7.234185246897619,7.319056034088135,768180000,NVDA
2020-02-24,6.724710209301433,7.015411926138312,6.6702037264038765,6.801616668701172,856916000,NVDA
2020-02-25,6.876783237798609,6.938756558672724,6.420322205484213,6.522117614746094,1055496000,NVDA
2020-02-26,6.522365711253271,6.855627272496365,6.520872727258311,6.661494255065918,747732000,NVDA
2020-02-27,6.347955488412159,6.649290620071094,6.198284236261924,6.290677070617676,906416000,NVDA
2020-02-28,6.038154250442662,6.785265631071536,6.021468903542134,6.725745677947998,1133252000,NVDA
2020-03-02,6.895837826861566,6.913021448545588,6.499868777188003,6.8841328620910645,890744000,NVDA
2020-03-03,6.939917228179043,6.999686077057141,6.5362280041934895,6.621647834777832,652792000,NVDA
2020-03-04,6.728982764642871,7.094818241686137,6.654271347325983,7.085354804992676,597408000,NVDA
2020-03-05,6.885875118485237,7.052729979909677,6.761356579362536,6.805934429168701,540328000,NVDA
2020-03-06,6.626378499509414,6.683906288532201,6.425156400568952,6.625382423400879,515412000,NVDA
2020-03-09,5.974400843675041,6.460023449528423,5.931566710825775,6.112367630004883,614160000,NVDA
2020-03-10,6.388797187781808,6.50186014175415,6.126063463078123,6.50186014175415,580648000,NVDA
2020-03-11,6.361902558315212,6.3902928716186915,6.040893800218456,6.1380181312561035,499964000,NVDA
2020-03-12,5.614791089429549,5.8802646697201535,5.374221317468399,5.386922359466553,816540000,NVDA
2020-03-13,5.740303581448382,6.002290558903225,5.4691025451147235,5.99780797958374,634836000,NVDA
2020-03-16,5.289796840505628,5.6307289757681565,4.831319638794608,4.891088485717773,726972000,NVDA
2020-03-17,5.003404438318646,5.500233677807778,4.756608858076544,5.410829067230225,833632000,NVDA
2020-03-18,4.983232149697851,5.228284456212011,4.499602269107652,5.050970077514648,874268000,NVDA
2020-03-19,5.029553533106183,5.397381660894162,4.816129105879897,5.303743839263916,765512000,NVDA
2020-03-20,5.45391294297646,5.735822960901085,5.10849866717156,5.123939037322998,804636000,NVDA
2020-03-23,5.122942664733292,5.39115604913871,4.943884999796366,5.2967705726623535,643876000,NVDA
2020-03-24,5.70294954037005,6.292171604857981,5.679291186682041,6.205506324768066,1101644000,NVDA
2020-03-25,6.3205614963132195,6.520289265304306,6.068037887825773,6.116849422454834,793432000,NVDA
2020-03-26,6.324047752504339,6.530250721317108,6.22592736148756,6.406230449676514,696108000,NVDA
2020-03-27,6.225926544778391,6.552663238248432,6.193053660221969,6.293913841247559,638828000,NVDA
2020-03-30,6.3594106856467905,6.62339033184806,6.3153311111868184,6.614175796508789,602252000,NVDA
2020-03-31,6.654271627041957,6.858482462958431,6.418931626352314,6.5646185874938965,949960000,NVDA
2020-04-01,6.366632732890536,6.513066364473172,6.008766400221248,6.053343772888184,656912000,NVDA
2020-04-02,6.082481747363266,6.375349509282011,6.034417867069975,6.3621506690979,675764000,NVDA
2020-04-03,6.324546124267488,6.366135274074595,5.93679555989796,6.074264049530029,663212000,NVDA
2020-04-06,6.356423567850926,6.721014090642787,6.298895768250316,6.68415641784668,727884000,NVDA
2020-04-07,6.905798751803751,6.929457580587798,6.407724545831599,6.450808048248291,784520000,NVDA
2020-04-08,6.5598854395602135,6.672948388475926,6.489905987863526,6.648044586181641,542444000,NVDA
2020-04-09,6.773810664902149,6.796721847084574,6.485425409818862,6.548431873321533,525564000,NVDA
2020-04-13,6.488660380343926,6.728981170356699,6.400252342049199,6.720264911651611,398408000,NVDA
2020-04-14,6.848519962641627,7.1055261364577325,6.820876830501493,7.071408271789551,530948000,NVDA
2020-04-15,6.903308409949775,7.076887398298058,6.85798385424075,6.993957996368408,366148000,NVDA
2020-04-16,7.149357193306703,7.4462092792659,7.136158352257488,7.339123249053955,745620000,NVDA
2020-04-17,7.421305667821515,7.442722969423419,7.145870875710724,7.279852867126465,539120000,NVDA
2020-04-20,7.153342548022557,7.3092396501151224,7.10428210942452,7.148610591888428,449388000,NVDA
2020-04-21,7.030565315240723,7.09182802789481,6.652028878107116,6.711797714233398,735160000,NVDA
2020-04-22,6.90405617123317,7.1690319443845985,6.858482711354242,7.126197338104248,483356000,NVDA
2020-04-23,7.1682832559662195,7.300272601538495,7.047749023027894,7.072901725769043,424160000,NVDA
2020-04-24,7.062692442567916,7.213857577547646,6.987981026144072,7.211865425109863,352328000,NVDA
2020-04-27,7.346345919337004,7.558276460300396,7.321691013396195,7.398394584655762,479388000,NVDA
2020-04-28,7.545823301692941,7.575707960165228,7.250465595877795,7.25594425201416,442904000,NVDA
2020-04-29,7.3906747163764015,7.485557989512816,7.315465493772328,7.432762145996094,379160000,NVDA
2020-04-30,7.378719436080781,7.432760720852031,7.264909785203958,7.278855800628662,375916000,NVDA
2020-05-01,7.0813689006672105,7.1946807476885954,6.993956931536458,7.042270183563232,342096000,NVDA
2020-05-04,6.9949537071019074,7.267898528320557,6.9949537071019074,7.254201412200928,317556000,NVDA
2020-05-05,7.358299087604405,7.477836776300249,7.254201291822987,7.315215587615967,368896000,NVDA
2020-05-06,7.394659355932291,7.520921167389781,7.35680560752675,7.416076183319092,323464000,NVDA
2020-05-07,7.555287305768912,7.655649225730638,7.503985819448694,7.59239387512207,373732000,NVDA
2020-05-08,7.664116946015508,7.788635500703007,7.630247978940607,7.78240966796875,339216000,NVDA
2020-05-11,7.777428609621731,8.081254179162244,7.748789399788098,8.034435272216797,469060000,NVDA
2020-05-12,8.09221181454888,8.141022875859981,7.762735725697156,7.7724480628967285,493060000,NVDA
2020-05-13,7.887005024962632,8.047384694158001,7.565498035666604,7.750034809112549,625852000,NVDA
2020-05-14,7.811549415888324,8.005051412298569,7.657893330514845,7.99957275390625,602312000,NVDA
2020-05-15,7.859360560912241,8.467757819588039,7.843671294571095,8.458045959472656,987660000,NVDA
2020-05-18,8.726758578966196,8.882157876251767,8.647066777794294,8.716547966003418,774460000,NVDA
2020-05-19,8.756393042945989,9.052497941010735,8.728998810744676,8.771584510803223,717320000,NVDA
2020-05-20,8.956368621173326,9.008168373058702,8.854512369148708,8.935449600219727,587536000,NVDA
2020-05-21,9.016636148107677,9.01763174915092,8.70384547034908,8.741450309753418,761068000,NVDA
2020-05-22,8.791259527464495,9.05797903478298,8.679691377999005,8.991485595703125,1038764000,NVDA
2020-05-26,9.121476914681947,9.146381181922854,8.638594430388572,8.684167861938477,770780000,NVDA
2020-05-27,8.591778878115948,8.59949858645233,7.965948602292473,8.492413520812988,1175892000,NVDA
2020-05-28,8.379848386112114,8.726757430888176,8.346975498703378,8.45431137084961,734896000,NVDA
2020-05-29,8.521549680755234,8.841313362121582,8.45231740901086,8.841313362121582,745256000,NVDA
2020-06-01,8.799227669489188,8.806698478293196,8.656031150738611,8.772331237792969,389876000,NVDA
2020-06-02,8.762371175601668,8.803212676992109,8.624653302312682,8.791258811950684,391320000,NVDA
2020-06-03,8.788270910721511,8.832101115137124,8.666491209530859,8.735723495483398,365440000,NVDA
2020-06-04,8.698351038544422,8.91286985853475,8.64802266856335,8.73672103881836,424280000,NVDA
2020-06-05,8.764625577406946,8.96643707994783,8.678419249212652,8.88969898223877,481748000,NVDA
2020-06-08,8.847092279963228,8.859549625376184,8.656243125037443,8.7750883102417,387736000,NVDA
2020-06-09,8.770107485305786,9.078804900685602,8.72152316013126,9.015271186828613,468488000,NVDA
2020-06-10,9.136607959914695,9.467728965584438,9.12240561372201,9.334931373596191,632180000,NVDA
2020-06-11,9.11891841421048,9.229790438271351,8.756155499817682,8.76637077331543,583652000,NVDA
2020-06-12,9.13137603070364,9.156041713433337,8.67368562111554,8.902156829833984,570908000,NVDA
2020-06-15,8.78530408707632,9.151056977868004,8.714046204354432,9.142585754394531,400004000,NVDA
2020-06-16,9.193661221979534,9.235269343312108,8.80872289575929,9.037692070007324,535716000,NVDA
2020-06-17,9.082790811495686,9.2674108433434,9.039437684911618,9.204625129699707,408304000,NVDA
2020-06-18,9.1956557675876,9.250967262401565,9.08353774425731,9.186686515808105,254408000,NVDA
2020-06-19,9.211104186655707,9.412915700228654,9.195905784531032,9.229789733886719,524160000,NVDA
2020-06-22,9.268409396093938,9.498873682231611,9.24174969943,9.494388580322266,398468000,NVDA
2020-06-23,9.518554914018466,9.609744370023234,9.375543006727439,9.417898178100586,375108000,NVDA
2020-06-24,9.444058844499436,9.52403697253175,9.113435883941849,9.204127311706543,449372000,NVDA
2020-06-25,9.323969070455242,9.47271210611004,9.151058380419418,9.457762718200684,376072000,NVDA
2020-06-26,9.467726743497437,9.467726743497437,9.094000687833063,9.12389850616455,592084000,NVDA
2020-06-29,9.138602013071738,9.173233957575357,8.869767718362187,9.16874885559082,342248000,NVDA
2020-06-30,9.282358700750349,9.493887403842274,9.235020409436098,9.465484619140625,367892000,NVDA
2020-07-01,9.488407085889033,9.543220549413103,9.381023184467141,9.497625350952148,326648000,NVDA
2020-07-02,9.60625621550432,9.704421861503496,9.545712575907153,9.579597473144531,364056000,NVDA
2020-07-06,9.70865754167774,9.875090068802235,9.679506757953977,9.805826187133789,315892000,NVDA
2020-07-07,9.912463798097562,10.035793168745375,9.81728820722433,9.838216781616211,357800000,NVDA
2020-07-08,9.959798537458099,10.190263688019792,9.931644767766333,10.181293487548828,365480000,NVDA
2020-07-09,10.344986563450181,10.534091670213655,10.198734648692174,10.473299026489258,494548000,NVDA
2020-07-10,10.552778188008505,10.619051987810868,10.34349155398756,10.443650245666504,497676000,NVDA
2020-07-13,10.559008288759605,10.755587630848778,9.990943973478354,10.018101692199707,457076000,NVDA
2020-07-14,10.040775965444766,10.36741283425982,9.752259134498587,10.341750144958496,542676000,NVDA
2020-07-15,10.378872771488924,10.397558316682144,10.02159013052711,10.19250774383545,403984000,NVDA
2020-07-16,9.980980432503275,10.172078651972994,9.861886201857047,10.100323677062988,344964000,NVDA
2020-07-17,10.190763004726778,10.21368463559378,10.053481282951243,10.166844367980957,266284000,NVDA
2020-07-20,10.2393469340289,10.495473837866063,10.122245794191398,10.475043296813965,284852000,NVDA
2020-07-21,10.477288085807832,10.524129314223586,10.251806935143245,10.293415069580078,277036000,NVDA
2020-07-22,10.332281869444877,10.56648323144531,10.256539828820165,10.403289794921875,367292000,NVDA
2020-07-23,10.414501453841453,10.511172069225427,9.997174125900164,10.09533977508545,411660000,NVDA
2020-07-24,9.841454567795491,10.329540792966707,9.743787900157928,10.159869194030762,473292000,NVDA
2020-07-27,10.197488933547117,10.40627657572946,10.18303757746187,10.386096000671387,292132000,NVDA
2020-07-28,10.33900883154469,10.346732063604907,10.174569378566787,10.180797576904297,271636000,NVDA
2020-07-29,10.355450890355183,10.480524273038641,10.311849706196062,10.429946899414062,284508000,NVDA
2020-07-30,10.339756314835071,10.586914007838889,10.260277163298035,10.5779447555542,308880000,NVDA
2020-07-31,10.527366109282356,10.729926548729097,10.397558592820966,10.578691482543945,386080000,NVDA
2020-08-03,10.696043307725434,11.061049246847574,10.67885184268175,10.97284984588623,412720000,NVDA
2020-08-04,11.012461826306753,11.189607620239258,10.868950960809508,11.189607620239258,310336000,NVDA
2020-08-05,11.205806984213835,11.33312248989151,11.128320878944276,11.248411178588867,249924000,NVDA
2020-08-06,11.311193696033985,11.319415905932198,11.140775066047947,11.296992301940918,244316000,NVDA
2020-08-07,11.27407313407633,11.46567034057355,11.000007648007522,11.161457061767578,342516000,NVDA
2020-08-10,11.295744972408942,11.36949298156222,10.81961724127756,11.127069473266602,427796000,NVDA
2020-08-11,11.03612991150539,11.098916565247466,10.759074451969044,10.813140869140625,354512000,NVDA
2020-08-12,10.953415940526174,11.428047867418423,10.921026073336673,11.401389122009277,464412000,NVDA
2020-08-13,11.506777872851407,11.681931581652819,11.317174705404247,11.404128074645996,374460000,NVDA
2020-08-14,11.490831482358997,11.664988170804342,11.401636045031081,11.5247163772583,366436000,NVDA
2020-08-17,11.81099241956231,12.367595550910881,11.777108468542542,12.295092582702637,621300000,NVDA
2020-08-18,12.407710013013002,12.453554240573768,12.045196082630508,12.21910285949707,503448000,NVDA
2020-08-19,12.254727537527799,12.273164067350274,12.056901234463606,12.097264289855957,622624000,NVDA
2020-08-20,11.934320736199705,12.33296153702045,11.838397169779482,12.099756240844727,921388000,NVDA
2020-08-21,12.160300263755312,12.765238624874097,12.153822101047279,12.640414237976074,999868000,NVDA
2020-08-24,12.839982599940852,12.868635351563046,12.46501049196165,12.677038192749023,490564000,NVDA
2020-08-25,12.587841781224544,12.717898299986915,12.531035256257917,12.706686973571777,289076000,NVDA
2020-08-26,12.75576924769513,12.824784104588067,12.63468198080618,12.729608535766602,321244000,NVDA
2020-08-27,12.73808206029818,12.80634988794029,12.523812247203733,12.585352897644043,317604000,NVDA
2020-08-28,12.631945469189624,13.103338346512407,12.599555599788115,13.103089332580566,537160000,NVDA
2020-08-31,13.137967138426383,13.528884701935283,12.993460206549758,13.329066276550293,500840000,NVDA
2020-09-01,13.438226745846599,13.95038477629032,13.394861600029344,13.778170585632324,511316000,NVDA
2020-09-02,14.658185164607415,14.681114606346256,13.856925815100713,14.302042961120605,874012000,NVDA
2020-09-03,13.785896742009523,13.841473875875945,12.838840818617765,12.975167274475098,945128000,NVDA
2020-09-04,12.744135910810883,13.13417413255134,11.668479943380701,12.583386421203613,1463684000,NVDA
2020-09-08,11.698137285184876,12.511110487825011,11.667981426416873,11.876084327697754,795728000,NVDA
2020-09-09,12.361574683143147,12.769556763892693,12.193845970090976,12.675599098205566,736200000,NVDA
2020-09-10,12.94899900089753,13.024763704510125,12.129296630055405,12.273598670959473,698684000,NVDA
2020-09-11,12.446810700699576,12.613293024359079,11.858887908507215,12.126805305480957,636928000,NVDA
2020-09-14,13.040466040853438,13.273740196264075,12.592109741002641,12.832362174987793,1201744000,NVDA
2020-09-15,13.238850605814863,13.257542697604073,12.788002409685681,12.950746536254883,727556000,NVDA
2020-09-16,12.917097425451121,13.0521774893758,12.474972186731756,12.475719451904297,556384000,NVDA
2020-09-17,12.094652551351139,12.550735236367329,11.997454851454291,12.42487621307373,792512000,NVDA
2020-09-18,12.554725337708717,12.59335495759462,11.951600527210127,12.15147876739502,698460000,NVDA
2020-09-21,11.888045766743714,12.483694019829388,11.867609111725981,12.478460311889648,721044000,NVDA
2020-09-22,12.536030677655905,12.608804409623732,12.117831282562603,12.598586082458496,646452000,NVDA
2020-09-23,12.536530607405997,12.68756183930577,12.0418191842963,12.086180686950684,647012000,NVDA
2020-09-24,12.034840589809768,12.530549304190643,11.97677067037228,12.309735298156738,731240000,NVDA
2020-09-25,12.4089288617746,12.843577688833532,12.207804227081587,12.833857536315918,588016000,NVDA
2020-09-28,12.999841634274576,13.011306356370335,12.710491215075473,12.994607925415039,573808000,NVDA
2020-09-29,12.897409079611174,13.401093380463369,12.893172675497496,13.184765815734863,621460000,NVDA
2020-09-30,13.116726900529311,13.580286078672284,13.109499534654345,13.488571166992188,689184000,NVDA
2020-10-01,13.715368014007055,13.720102595299453,13.419038366812762,13.572312355041504,525004000,NVDA
2020-10-02,13.184018292696402,13.477605085052133,13.01055675215891,13.021772384643555,552496000,NVDA
2020-10-05,13.194982445011544,13.601967156828618,13.18177315614802,13.60022258758545,479820000,NVDA
2020-10-06,13.787141968202581,14.098175381402928,13.622653326744505,13.693931579589844,784420000,NVDA
2020-10-07,13.95636829074398,14.075498148808256,13.820540002233665,13.92072868347168,418084000,NVDA
2020-10-08,14.031383838958014,14.040854902094079,13.71536672951191,13.795866012573242,378900000,NVDA
2020-10-09,13.72433966527739,13.781412284485725,13.618419097926854,13.720102310180664,346892000,NVDA
2020-10-12,13.946149317152287,14.3025415705262,13.869388259768023,14.181916236877441,434744000,NVDA
2020-10-13,14.252197472284319,14.304036377631371,13.975308163127476,14.204096794128418,344604000,NVDA
2020-10-14,14.246216365246953,14.298304361964878,13.916740866696482,14.0515718460083,276100000,NVDA
2020-10-15,13.767953352964803,13.962348784110764,13.725086380494536,13.92671012878418,267224000,NVDA
2020-10-16,13.99325283964249,14.07774039175941,13.749759423521498,13.76870059967041,242392000,NVDA
2020-10-19,13.859914912818727,13.940165095952667,13.365202624051472,13.455921173095703,298068000,NVDA
2020-10-20,13.541408020040002,13.756988333381303,13.465145135362771,13.603216171264648,229212000,NVDA
2020-10-21,13.582778214685826,13.748762347991198,13.435735256534779,13.48283863067627,219596000,NVDA
2020-10-22,13.480597733471686,13.56957078572013,13.190748181393985,13.319598197937012,290480000,NVDA
2020-10-23,13.408322054619655,13.551128627236945,13.250064394396585,13.548137664794922,233484000,NVDA
2020-10-26,13.385391699339385,13.650318109771362,12.998095392130589,13.100526809692383,336896000,NVDA
2020-10-27,13.264767528358535,13.400346726970827,13.150622291842872,13.355237007141113,250520000,NVDA
2020-10-28,13.157101249805214,13.218909394525857,12.569926727116144,12.587870597839355,376520000,NVDA
2020-10-29,12.79871724418056,13.151869480796144,12.710491457131447,12.983642578125,320080000,NVDA
2020-10-30,12.810180868510429,12.896412039377154,12.261885015446573,12.495160102844238,416820000,NVDA
2020-11-02,12.618529149153456,12.796974405460587,12.356593626625171,12.541768074035645,299652000,NVDA
2020-11-03,12.669119382527171,13.064390361146998,12.563696992190879,12.979155540466309,272900000,NVDA
2020-11-04,13.347758298035835,13.784650759606524,13.295670305102623,13.751502990722656,410228000,NVDA
2020-11-05,14.118614077596797,14.294566513756212,13.947645310964258,14.116121292114258,319028000,NVDA
2020-11-06,14.066027152955076,14.543542941145084,13.851943272038088,14.516876220703125,383348000,NVDA
2020-11-09,14.507404247847195,14.64597345153763,13.568572984005263,13.588510513305664,582976000,NVDA
2020-11-10,13.564336776684897,13.564336776684897,12.5891185599537,12.730429649353027,644068000,NVDA
2020-11-11,13.0133004455934,13.39336944833699,12.908127137369895,13.376421928405762,404744000,NVDA
2020-11-12,13.437229823328828,13.7233401382559,13.274734839904484,13.415048599243164,365812000,NVDA
2020-11-13,13.58502189438396,13.626393386360808,13.018782160079738,13.2557954788208,346312000,NVDA
2020-11-16,13.13168208255799,13.607204240267464,13.115233690207111,13.473370552062988,413776000,NVDA
2020-11-17,13.51050452007365,13.554118761417424,13.262525590102628,13.380658149719238,312028000,NVDA
2020-11-18,13.423526197588338,13.563590908629301,13.14414499154299,13.387139320373535,510924000,NVDA
2020-11-19,13.17180842574458,13.445706821618874,13.059407748022466,13.398603439331055,565936000,NVDA
2020-11-20,13.412310574058976,13.452684764910122,13.024515078130138,13.047195434570312,341088000,NVDA
2020-11-23,13.130433515692037,13.341028219522052,12.975165900762292,13.09928035736084,361356000,NVDA
2020-11-24,13.101773917836427,13.121213270629385,12.845072163597615,12.917596817016602,346500000,NVDA
2020-11-25,12.992115187065773,13.228380285277073,12.979654112179025,13.193737983703613,259916000,NVDA
2020-11-27,13.333555608644337,13.36595516884803,13.129689084018645,13.220157623291016,167276000,NVDA
2020-11-30,13.223896515186542,13.370939499729205,12.932053292686003,13.359972953796387,286952000,NVDA
2020-12-01,13.450440170378451,13.486827040045208,13.1872573732238,13.348506927490234,296948000,NVDA
2020-12-02,13.309129121055353,13.631128151987834,13.19323932249745,13.502528190612793,283360000,NVDA
2020-12-03,13.549397381312977,13.621694304141695,13.291623122358182,13.358434677124023,199520000,NVDA
2020-12-04,13.410785417444142,13.521973470709733,13.351203372803964,13.520228385925293,202244000,NVDA
2020-12-07,13.563106701684722,13.692742247164368,13.462140948888017,13.568591117858887,223244000,NVDA
2020-12-08,13.546904559527674,13.560616077431042,13.244255468660604,13.3125638961792,271920000,NVDA
2020-12-09,13.26320049071074,13.376381837972524,12.832162653647892,12.894487380981445,401300000,NVDA
2020-12-10,12.83291301548905,13.032102820669692,12.813466967276163,12.935873031616211,207764000,NVDA
2020-12-11,12.930886519220268,12.983489181090265,12.787041115310338,12.976758003234863,209264000,NVDA
2020-12-14,13.05129824509495,13.351204645640843,13.040827735390105,13.271429061889648,270156000,NVDA
2020-12-15,13.402061434232618,13.426243461845102,13.14977159927555,13.323034286499023,193016000,NVDA
2020-12-16,13.38485880478983,13.399567920519228,13.175447671879173,13.205364227294922,223116000,NVDA
2020-12-17,13.329265612676407,13.341980481922512,13.141543929806868,13.303837776184082,231384000,NVDA
2020-12-18,13.341480601086888,13.367407711372202,13.033846398297575,13.234781265258789,342064000,NVDA
2020-12-21,13.0380851445966,13.332507130400108,12.93113568684749,13.294862747192383,302332000,NVDA
2020-12-22,13.281899872364148,13.299849046264637,13.017393488830592,13.24101448059082,185580000,NVDA
2020-12-23,13.218827690318811,13.23777446463362,12.968532080949581,12.972769737243652,179144000,NVDA
2020-12-24,13.000691504961788,13.095674541517754,12.902468411079846,12.957313537597656,97884000,NVDA
2020-12-28,13.0258676033868,13.0258676033868,12.72745716825897,12.863822937011719,212564000,NVDA
2020-12-29,12.888754523484122,13.03584092625599,12.806236260344338,12.906952857971191,170372000,NVDA
2020-12-30,12.95382047640574,13.176693956090814,12.860583496832678,13.108884811401367,225396000,NVDA
2020-12-31,13.099661201740249,13.114120204120733,12.87878196648037,13.018389701843262,192424000,NVDA
2021-01-04,13.067498399117772,13.614211001095564,12.926145609662596,13.076722145080566,560640000,NVDA
2021-01-05,13.063011101945657,13.405797049415114,13.05029718667433,13.367156028747559,322760000,NVDA
2021-01-06,13.185421201480683,13.207858144830338,12.550706673589335,12.579126358032227,580424000,NVDA
2021-01-07,12.93113434405788,13.34023452196622,12.850362120145352,13.306578636169434,461480000,NVDA
2021-01-08,13.325027318748608,13.383362603495904,13.005425734005303,13.239517211914062,292528000,NVDA
2021-01-11,13.381118966632627,13.92184894045649,13.32502709160105,13.583300590515137,518344000,NVDA
2021-01-12,13.713932666822668,13.715927864557273,13.307576126874734,13.44693374633789,291476000,NVDA
2021-01-13,13.452169197546132,13.586790839609762,13.347464109941011,13.493802070617676,210028000,NVDA
2021-01-14,13.536930084160442,13.561610431812436,13.143536640465687,13.163230895996094,283120000,NVDA
2021-01-15,13.190903071841593,13.287880328629798,12.812467905007326,12.823436737060547,277780000,NVDA
2021-01-19,12.979748217546279,13.057280388815155,12.807981463243154,12.988723754882812,226188000,NVDA
2021-01-20,13.074980630078048,13.392837146187576,13.020135512164993,13.328269004821777,258572000,NVDA
2021-01-21,13.380870156744221,13.959992011036567,13.215834583904515,13.828611373901367,337780000,NVDA
2021-01-22,13.701469552054299,13.802934593706915,13.58903567654734,13.674046516418457,246820000,NVDA
2021-01-25,13.74310221612875,13.789721185785888,13.19938129579068,13.614962577819824,251112000,NVDA
2021-01-26,13.542415511367036,13.606485325863583,13.34995690590269,13.397573471069336,163980000,NVDA
2021-01-27,13.192897604485092,13.195640288057769,12.757871281264219,12.881524085998535,371272000,NVDA
2021-01-28,12.959804528349476,13.3023413819018,12.924154394726525,13.014400482177734,228316000,NVDA
2021-01-29,13.038333242858723,13.297355184274961,12.875291917591868,12.953322410583496,271552000,NVDA
2021-02-01,13.01664572884835,13.2335355380806,12.866567471839382,13.199880599975586,217204000,NVDA
2021-02-02,13.361176112515281,13.533939513350386,13.248242969774687,13.518733024597168,220440000,NVDA
2021-02-03,13.597758063712506,13.892679260911207,13.478593987915998,13.492554664611816,245408000,NVDA
2021-02-04,13.493054232332696,13.635154533800035,13.30034647317784,13.625930786132812,201340000,NVDA
2021-02-05,13.6865090793891,13.698724671420008,13.507761064835176,13.552884101867676,169152000,NVDA
2021-02-08,13.688754280440907,14.433160858990226,13.688754280440907,14.398259162902832,434624000,NVDA
2021-02-09,14.300533397758027,14.542353649548263,14.182615117513894,14.223251342773438,287560000,NVDA
2021-02-10,14.422690490908412,14.863201253824297,14.301282039333971,14.722846031188965,485352000,NVDA
2021-02-11,14.938239518630787,15.229420446836574,14.88314429518778,15.207980155944824,450828000,NVDA
2021-02-12,15.007795360880671,15.24836885971314,14.73356597486961,14.919294357299805,374756000,NVDA
2021-02-16,15.0220061893389,15.329392207780066,14.908076391399229,15.287260055541992,321960000,NVDA
2021-02-17,15.128455897288585,15.180809395697596,14.738552573585007,14.8641996383667,274756000,NVDA
2021-02-18,14.687695554072727,14.83154095008502,14.53412713480313,14.787415504455566,233868000,NVDA
2021-02-19,14.982365438062779,15.13443792178438,14.805114282360956,14.88464069366455,271724000,NVDA
2021-02-22,14.7333173121364,15.090812459281109,14.284828587536415,14.315492630004883,325884000,NVDA
2021-02-23,14.035778314628121,14.198820593637908,13.35195136230545,14.102341651916504,391780000,NVDA
2021-02-24,14.083147360949729,14.466070375748892,13.717425083680581,14.458341598510742,448320000,NVDA
2021-02-25,14.006113004928865,14.334440047309721,13.17918902800684,13.270182609558105,824436000,NVDA
2021-02-26,13.713933240960111,13.815647436688753,13.323531609545643,13.676040649414062,500932000,NVDA
2021-03-01,13.836090305328044,13.885950280412095,13.515242901527062,13.802933692932129,353184000,NVDA
2021-03-02,13.861018236603186,13.881460928666272,13.358431951392774,13.368653297424316,264116000,NVDA
2021-03-03,13.38859986982293,13.41377854511925,12.762859005310784,12.768842697143555,377592000,NVDA
2021-03-04,12.764852623838904,12.938614575428367,12.049863300020087,12.335559844970703,573344000,NVDA
2021-03-05,12.514805563806275,12.514805563806275,11.646497027872458,12.426553726196289,542840000,NVDA
2021-03-08,12.415083411003177,12.43627358650024,11.534061114375275,11.560736656188965,543112000,NVDA
2021-03-09,12.100408589821392,12.5857115477266,12.029583156574535,12.489449501037598,521824000,NVDA
2021-03-10,12.808912065236347,12.948068558380744,12.426854829102174,12.437578201293945,384376000,NVDA
2021-03-11,12.91814061708739,13.014154358534435,12.703170905345067,12.961533546447754,299916000,NVDA
2021-03-12,12.617132129280913,12.85704089501398,12.559025962321957,12.824371337890625,243964000,NVDA
2021-03-15,12.833102427316174,13.17426110970681,12.73584243101685,13.158799171447754,221988000,NVDA
2021-03-16,13.323641474792712,13.479257837675465,13.084481372803003,13.258552551269531,272128000,NVDA
2021-03-17,13.007671116067991,13.420153700648893,12.957544682409727,13.308429718017578,243864000,NVDA
2021-03-18,13.104185207444301,13.151568017279345,12.685716806925916,12.691203117370605,293896000,NVDA
2021-03-19,12.718634595532432,12.889712905578849,12.581473040159986,12.814148902893066,299208000,NVDA
2021-03-22,12.880981975157276,13.361546297589527,12.874996218983888,13.15380859375,297804000,NVDA
2021-03-23,13.221644080605948,13.311672080567098,12.989217459153739,13.038596153259277,222048000,NVDA
2021-03-24,13.118894417325768,13.126875108182057,12.605660554953497,12.611894607543945,245840000,NVDA
2021-03-25,12.468751160231504,12.683471654533125,12.241810854541152,12.504412651062012,295144000,NVDA
2021-03-26,12.523612577983327,12.824620384035123,12.343058124473357,12.807662010192871,363968000,NVDA
2021-03-29,12.788709827744805,13.030364297959583,12.668755911865413,12.91639518737793,273520000,NVDA
2021-03-30,12.81040644183664,12.943328859463614,12.673743402077953,12.840083122253418,200204000,NVDA
2021-03-31,12.983480795926578,13.437361379878029,12.950561986434117,13.315412521362305,314776000,NVDA
2021-04-01,13.538862038226707,13.835879080768066,13.47801127894021,13.777772903442383,308276000,NVDA
2021-04-05,13.83338314774415,13.97952235961436,13.699213545574432,13.95308780670166,255672000,NVDA
2021-04-06,13.965309496536149,14.019675048728104,13.739616396250584,13.827399253845215,191744000,NVDA
2021-04-07,13.84660129493534,14.208458937130143,13.677768135683046,14.108705520629883,251284000,NVDA
2021-04-08,14.217687357595498,14.435899213055192,14.213945783814793,14.281779289245605,244416000,NVDA
2021-04-09,14.179033078443032,14.372556078838363,14.14012946049153,14.364575386047363,195172000,NVDA
2021-04-12,14.254595135072282,15.314730471035531,14.104465091205773,15.17158317565918,869324000,NVDA
2021-04-13,15.194025755929456,15.661373246757984,15.08853584794729,15.640923500061035,676212000,NVDA
2021-04-14,15.586562476746503,15.681827538993751,15.19004028928494,15.239418983459473,385500000,NVDA
2021-04-15,15.62396691847129,16.174359665359855,15.593043048827143,16.097549438476562,598480000,NVDA
2021-04-16,16.01350839262557,16.125982027135557,15.826220403097025,15.8733549118042,335208000,NVDA
2021-04-19,15.498279788357147,15.768613030073256,15.19552623110338,15.323959350585938,404420000,NVDA
2021-04-20,15.285551919658973,15.458874387907025,14.926188677668558,15.133926391601562,334132000,NVDA
2021-04-21,15.081556897402692,15.32470783357352,15.065097967523737,15.322712898254395,216776000,NVDA
2021-04-22,15.33717668577237,15.400520875772711,14.747131525503809,14.81371784210205,277788000,NVDA
2021-04-23,14.897511312075965,15.297275618549515,14.863595508360055,15.227697372436523,227500000,NVDA
2021-04-26,15.147642935688191,15.440919322295558,15.087790126519275,15.439921379089355,197796000,NVDA
2021-04-27,15.540174924345006,15.631948601560827,15.316726012485972,15.34390926361084,164572000,NVDA
2021-04-28,15.32670273224523,15.494040417919788,15.178069111051128,15.239168167114258,209416000,NVDA
2021-04-29,15.362114800935823,15.398524986163917,15.034423133882983,15.287050247192383,173196000,NVDA
2021-04-30,15.137169225880765,15.327199878603071,14.960105175895864,14.972574234008789,201912000,NVDA
2021-05-03,15.08779089742156,15.209241257751458,14.751121563712845,14.800250053405762,203912000,NVDA
2021-05-04,14.601240371190695,14.601489619166298,13.975783018917165,14.315943717956543,405324000,NVDA
2021-05-05,14.67281322109117,14.77705690361153,14.352104335830429,14.422929763793945,292024000,NVDA
2021-05-06,14.459590514112755,14.535403762388006,14.183023228828954,14.487272262573242,193380000,NVDA
2021-05-07,14.771820371378341,14.933920031269896,14.63565581990065,14.775810241699219,229328000,NVDA
2021-05-10,14.750872395980661,14.769576460567666,14.214944484231708,14.230655670166016,268904000,NVDA
2021-05-11,13.790988399639572,14.319435012067427,13.71617310026738,14.2710542678833,285584000,NVDA
2021-05-12,13.975031334525427,14.225164943135223,13.675520951447524,13.724649429321289,303408000,NVDA
2021-05-13,13.999223099536502,14.046108350791599,13.42588717938681,13.631629943847656,285404000,NVDA
2021-05-14,13.85583166351833,14.292753932272674,13.714679274314111,14.207962989807129,258616000,NVDA
2021-05-17,14.122173238813382,14.134393050426326,13.819420627888771,14.13065242767334,216980000,NVDA
2021-05-18,14.231901032825663,14.368813321991661,13.969547568974676,13.981268882751465,186256000,NVDA
2021-05-19,13.533125715779056,14.04486420754391,13.50993328439384,14.031147956848145,344000000,NVDA
2021-05-20,14.267315528168957,14.647628031207587,14.235394659351991,14.576553344726562,321592000,NVDA
2021-05-21,15.126444143548222,15.184551264267617,14.83291851571383,14.954867362976074,672992000,NVDA
2021-05-24,15.175076040317867,15.706266327666086,15.138665855139163,15.573594093322754,554816000,NVDA
2021-05-25,15.727214784284769,15.779585403800763,15.444412487570158,15.60925579071045,435408000,NVDA
2021-05-26,15.69554391077236,15.754897282378925,15.547908225786767,15.661377906799316,370440000,NVDA
2021-05-27,15.661128802147099,15.711255241190996,15.421968674803152,15.449899673461914,581476000,NVDA
2021-05-28,15.462870342481201,16.237460021510813,15.462870342481201,16.204540252685547,644536000,NVDA
2021-06-01,16.229976473614617,16.347935473642835,15.864127958324758,16.224489212036133,472804000,NVDA
2021-06-02,16.212271468853235,16.877132024892546,16.195562337610674,16.736976623535156,594168000,NVDA
2021-06-03,16.659660326680882,17.216537251352364,16.542199867808534,16.927997589111328,580008000,NVDA
2021-06-04,17.07039788842642,17.617548491853103,17.0534414177765,17.535003662109375,617120000,NVDA
2021-06-07,17.528023884085115,17.76867947172536,17.150455047093143,17.575654983520508,575756000,NVDA
2021-06-08,17.4841296925654,17.578147544430767,17.20855848653228,17.414052963256836,323848000,NVDA
2021-06-09,17.47666498952007,17.535782653047317,17.21724494368834,17.319515228271484,381656000,NVDA
2021-06-10,17.311290226693114,17.45297360375846,17.13767865694519,17.38612174987793,287772000,NVDA
2021-06-11,17.44049548819086,17.89922071360538,17.40482582522779,17.78547477722168,416308000,NVDA
2021-06-14,17.866042920276705,17.999244162607233,17.62333583892256,17.978540420532227,321376000,NVDA
2021-06-15,17.87502096270632,17.976044703982375,17.688438006595494,17.748802185058594,243032000,NVDA
2021-06-16,17.751048686283887,17.914682262565314,17.545257811678535,17.770503997802734,307124000,NVDA
2021-06-17,17.734834323579165,18.792966905127752,17.716625537466296,18.61561393737793,809656000,NVDA
2021-06-18,18.74208655422543,19.331767425396844,18.542532064726206,18.59716033935547,968856000,NVDA
2021-06-21,18.394107132326592,18.495132769923824,17.782974818131443,18.386125564575195,672384000,NVDA
2021-06-22,18.430284092496997,18.921436154060395,18.344974156997278,18.844606399536133,580144000,NVDA
2021-06-23,18.965331868127812,19.11000874290461,18.86555464748546,19.014720916748047,332356000,NVDA
2021-06-24,19.184842999806214,19.37666328306946,19.045652733544433,19.162641525268555,320924000,NVDA
2021-06-25,19.237476542149953,19.302332029426786,18.852338209521378,18.98853302001953,278364000,NVDA
2021-06-28,19.31804423186524,20.0339437763487,19.275888834778623,19.94040298461914,495436000,NVDA
2021-06-29,19.838132408460762,20.053899319285392,19.61313549933401,19.9820613861084,367632000,NVDA
2021-06-30,19.954623798999663,20.117509490168736,19.81942620130902,19.957866668701172,326568000,NVDA
2021-07-01,20.08008726884415,20.41034795573493,19.974322929566206,20.166893005371094,480136000,NVDA
2021-07-02,20.3946317701508,20.459487235775644,20.24247196796855,20.44127655029297,342764000,NVDA
2021-07-06,20.69122385571064,20.795490483018398,20.304839002416227,20.652311325073242,446708000,NVDA
2021-07-07,20.806969493155897,20.82842115434022,20.286633492945466,20.3262939453125,418428000,NVDA
2021-07-08,19.812193120256214,20.08807493944189,19.65679038448507,19.858339309692383,503300000,NVDA
2021-07-09,19.917950950252028,20.035438344735283,19.710165638972114,20.005504608154297,296624000,NVDA
2021-07-12,20.194835290071577,20.486931440280244,20.142701974510995,20.46672821044922,321984000,NVDA
2021-07-13,20.35497651465563,20.41559191282485,20.069116801359257,20.20481300354004,290708000,NVDA
2021-07-14,20.31231875455306,20.372184323242063,19.70866935395099,19.79722023010254,380100000,NVDA
2021-07-15,19.767541563589802,19.802712615853245,18.81641780631907,18.923927307128906,550564000,NVDA
2021-07-16,18.988030726422647,19.11424759877164,18.032667088106123,18.12047004699707,688224000,NVDA
2021-07-19,17.875275342534227,18.999510194615794,17.825635073987275,18.73784637451172,749060000,NVDA
2021-07-20,18.688205629147088,18.79596444122418,18.123468610489642,18.57046890258789,434687000,NVDA
2021-07-21,18.83986423648893,19.48342535694125,18.700177259556888,19.36668586730957,371017000,NVDA
2021-07-22,19.598170937456786,19.842623177456858,19.232986505120362,19.550277709960938,323826000,NVDA
2021-07-23,19.612141332309406,19.65604377849129,19.2070471107687,19.514360427856445,195672000,NVDA
2021-07-26,19.267908307327364,19.39861459525191,18.871792949550414,19.250946044921875,203943000,NVDA
2021-07-27,19.222010259561046,19.578213977499203,18.69917937861263,19.165138244628906,248863000,NVDA
2021-07-28,19.275888967902034,19.60215891676379,18.952612583216847,19.4594783782959,202191000,NVDA
2021-07-29,19.475443459730137,19.808699693651445,19.284869681606036,19.618125915527344,190781000,NVDA
2021-07-30,19.374667678926546,19.586194490823832,19.22001478198621,19.455488204956055,183497000,NVDA
2021-08-02,19.656041136379148,19.91645840741657,19.317796898621157,19.705928802490234,217444000,NVDA
2021-08-03,19.695945275075143,20.176869927810476,19.1771053217884,19.77077865600586,301811000,NVDA
2021-08-04,19.945394981995584,20.272664117561018,19.783755806867507,20.228761672973633,231309000,NVDA
2021-08-05,20.454254685259734,20.68673455278522,20.296606314971207,20.5909481048584,211435000,NVDA
2021-08-06,20.47819735114053,20.52409422230607,20.16489701488937,20.32054901123047,178497000,NVDA
2021-08-09,20.400372185145788,20.46223410099579,20.098048857451968,20.249710083007812,146443000,NVDA
2021-08-10,20.276656037908232,20.384414859661476,19.79074126476952,19.891517639160156,179238000,NVDA
2021-08-11,19.998272961888595,20.004260090424093,19.386641917461688,19.655040740966797,185925000,NVDA
2021-08-12,19.825660607005055,19.984304288652414,19.576218486098607,19.86058235168457,151652000,NVDA
2021-08-13,19.860582533688213,20.168893013178696,19.806702182493282,20.1429500579834,183063000,NVDA
2021-08-16,20.09006796888295,20.24172919957382,19.409588774585117,19.905481338500977,210876000,NVDA
2021-08-17,19.64107405193435,19.725885371220297,19.224007514423867,19.414581298828125,204585000,NVDA
2021-08-18,19.456485405778384,19.590187158874645,18.95760116460458,18.997512817382812,285913000,NVDA
2021-08-19,19.450499831207676,20.449267516834226,18.720132893608813,19.753822326660156,766555000,NVDA
2021-08-20,19.946390500496992,20.818440769765257,19.888521263811523,20.769550323486328,675741000,NVDA
2021-08-23,20.924203397298,21.947912925807106,20.903250350633197,21.909000396728516,575807000,NVDA
2021-08-24,21.704455946330775,21.909995609508034,21.486942027246627,21.744365692138672,297299000,NVDA
2021-08-25,21.68849539272734,22.419859572593847,21.673529472839984,22.163433074951172,347701000,NVDA
2021-08-26,22.15046228289111,22.290149269083127,21.74137733496381,22.018756866455078,237940000,NVDA
2021-08-27,22.134496340275508,22.671295897934026,22.1175340779144,22.585487365722656,304722000,NVDA
2021-08-30,22.779052466422176,22.99157648068366,22.500675753070578,22.63736915588379,262580000,NVDA
2021-08-31,22.64834767167244,22.64834767167244,22.074530788334712,22.338985443115234,259850000,NVDA
2021-09-01,22.438779025858977,22.650343118704587,22.31104189186069,22.394868850708008,201767000,NVDA
2021-09-02,22.471711189943935,22.546557779786212,22.249170019657587,22.34996223449707,187834000,NVDA
2021-09-03,22.2791141607311,22.93875484692019,22.15437108458687,22.796049118041992,280532000,NVDA
2021-09-07,22.786067428844145,22.85193175199729,22.475705860557778,22.615419387817383,198107000,NVDA
2021-09-08,22.46672147869918,22.56352220177863,21.931822107945237,22.293079376220703,254434000,NVDA
2021-09-09,22.266137144440457,22.491672425697235,22.08550944017978,22.13141441345215,196856000,NVDA
2021-09-10,22.302059384512948,22.57948778548867,22.22422061022854,22.431793212890625,248376000,NVDA
2021-09-13,22.637372339454643,22.916797475878276,21.81306999526155,22.10646629333496,297500000,NVDA
2021-09-14,22.22921646157449,22.363939216302622,22.04060574701212,22.196285247802734,199755000,NVDA
2021-09-15,22.2631425592537,22.321023900271747,21.920847204700245,22.295076370239258,166538000,NVDA
2021-09-16,22.1374064988517,22.231213157906875,21.8819321534371,22.196285247802734,156033000,NVDA
2021-09-17,22.25415976266025,22.275116504076188,21.785126571378843,21.854982376098633,294503000,NVDA
2021-09-20,21.10253035461788,21.388941027272594,20.619526053194374,21.069599151611328,349440000,NVDA
2021-09-21,21.37297767708859,21.380960654634446,20.90693852871404,21.202329635620117,204688000,NVDA
2021-09-22,21.32208186520741,21.91486077380473,21.15243122045159,21.89590072631836,268726000,NVDA
2021-09-23,22.094489243871266,22.488677753626337,21.845003134420406,22.435787200927734,248555000,NVDA
2021-09-24,22.02462931729105,22.10346738517822,21.816059334268658,22.035606384277344,217655000,NVDA
2021-09-27,21.665380716350096,21.754198504102014,21.28117364297724,21.6154842376709,245215000,NVDA
2021-09-28,21.170390970412182,21.37496947470969,20.608546703103997,20.656448364257812,343069000,NVDA
2021-09-29,20.89695571031384,20.9737970920563,20.424926544672726,20.474824905395508,218394000,NVDA
2021-09-30,20.725315029448115,21.022702882900305,20.64547953016276,20.67342185974121,221009000,NVDA
2021-10-01,20.707346685202516,20.816121880682246,20.161470205057466,20.699363708496094,240978000,NVDA
2021-10-04,20.461857035551912,20.499779039253983,19.514808146330243,19.691444396972656,345635000,NVDA
2021-10-05,19.90899634754412,20.60556166121766,19.813192992009895,20.408966064453125,279282000,NVDA
2021-10-06,20.078642049763726,20.6774071635698,20.038723360348456,20.65744972229004,297202000,NVDA
2021-10-07,21.048646320675772,21.27817502268132,20.92889403595207,21.03168296813965,256919000,NVDA
2021-10-08,21.057626777399292,21.16241049332735,20.732296656436677,20.78818130493164,151258000,NVDA
2021-10-11,20.532707830127908,21.019703686500428,20.46883830414969,20.6524600982666,163388000,NVDA
2021-10-12,20.78518639102628,21.013715764405212,20.485803813514003,20.628509521484375,162134000,NVDA
2021-10-13,20.874999299325843,20.9468517954333,20.670420782566904,20.89595603942871,180652000,NVDA
2021-10-14,21.24424280701027,21.710281948455567,21.078583653114016,21.70130157470703,243589000,NVDA
2021-10-15,21.765169217756938,21.885920792719308,21.6174746181001,21.817062377929688,226994000,NVDA
2021-10-18,21.70429374523038,22.245179438302365,21.599508134493956,22.176321029663086,189494000,NVDA
2021-10-19,22.23020952192543,22.332998439284385,21.99170238328711,22.244182586669922,161473000,NVDA
2021-10-20,22.259155897007098,22.386893072073075,21.936819818216655,22.057571411132812,146276000,NVDA
2021-10-21,22.051577096140026,22.664315265498782,22.03760593572372,22.645353317260742,187590000,NVDA
2021-10-22,22.776087696887597,23.082455872198555,22.51462710104004,22.67928695678711,249384000,NVDA
2021-10-25,22.925775538059284,23.30699025615322,22.72319371456026,23.118379592895508,230235000,NVDA
2021-10-26,23.939688832608766,25.207078693379014,23.874821912832736,24.66619110107422,485898000,NVDA
2021-10-27,24.42369310756561,25.038426104852544,24.23208643543216,24.400739669799805,245990000,NVDA
2021-10-28,24.826860232435095,24.898712729396866,24.47259043881091,24.88973045349121,234204000,NVDA
2021-10-29,24.9496059611633,25.65615073845339,24.9486085650079,25.514442443847656,292503000,NVDA
2021-11-01,25.596276915985833,25.840772236021916,25.17514348229192,25.773910522460938,265740000,NVDA
2021-11-02,25.768919034563826,26.623158377452754,25.746962995391332,26.34672737121582,294112000,NVDA
2021-11-03,26.615181750416074,26.728947751139437,26.181076395550274,26.5433292388916,239910000,NVDA
2021-11-04,27.17302872617055,31.30052653095148,27.062256834548624,29.739742279052734,1153631000,NVDA
2021-11-05,30.12495081284974,31.335456833245594,29.34954751211164,29.690845489501953,851260000,NVDA
2021-11-08,30.0870264157735,31.036071770159673,29.845523288055762,30.740680694580078,503101000,NVDA
2021-11-09,32.215644336725056,32.243586659600666,29.9024083019337,30.593982696533203,646746000,NVDA
2021-11-10,29.29566001580233,30.786588600174127,28.7188470671738,29.398447036743164,636206000,NVDA
2021-11-11,30.405370591178073,30.527119549916076,29.715791021450595,30.327529907226562,332172000,NVDA
2021-11-12,29.948311870229972,30.616934698783563,29.56909192980548,30.327529907226562,413054000,NVDA
2021-11-15,30.4892007220748,30.581010672915156,29.186882831682748,29.96328353881836,384909000,NVDA
2021-11-16,29.697833005821565,30.327534638931564,29.64494054309698,30.140918731689453,264484000,NVDA
2021-11-17,30.35547074388643,30.446285187958786,28.74079674255149,29.200849533081055,428508000,NVDA
2021-11-18,32.300468889918044,32.692658808729135,31.25661755420569,31.60988998413086,781711000,NVDA
2021-11-19,32.17672282311157,33.01998709870693,31.839418254930216,32.917198181152344,533867000,NVDA
2021-11-22,33.4481023989034,34.57578069243723,31.834427549306902,31.89031219482422,754335000,NVDA
2021-11-23,31.47017556009909,32.29348042683594,30.8165213124232,31.680742263793945,532163000,NVDA
2021-11-24,31.39632853521681,32.78746210050022,30.864423237348433,32.606834411621094,435162000,NVDA
2021-11-26,32.53298910580226,32.64276360965814,31.285560386970182,31.43824577331543,283069000,NVDA
2021-11-29,32.29946624079579,33.34331359989163,31.970142795523095,33.30738830566406,454964000,NVDA
2021-11-30,33.100819984063634,33.28444369151057,31.79850400483013,32.60883331298828,622066000,NVDA
2021-12-01,33.15477484562234,33.22463920028377,31.31932783633501,31.374221801757812,484368000,NVDA
2021-12-02,31.153649310235703,32.41520534090074,30.965013655135916,32.06388473510742,472890000,NVDA
2021-12-03,31.93813163483009,32.06688384228752,30.07174622980887,30.63365936279297,544325000,NVDA
2021-12-06,29.82223155843537,30.18253369080409,27.983793678236385,29.97892951965332,658938000,NVDA
2021-12-07,30.897148284520917,32.38626422162918,30.591738246734344,32.36430358886719,593053000,NVDA
2021-12-08,31.937136928475184,32.227574704104825,31.36025335466527,31.76447105407715,475551000,NVDA
2021-12-09,31.672645621504326,32.142737576964656,30.369170849219458,30.43105125427246,488507000,NVDA
2021-12-10,31.089775108201945,31.24447612099294,29.80326766525303,30.139616012573242,488825000,NVDA
2021-12-13,30.190518430638814,30.235431505717692,28.06164095629319,28.10655403137207,598344000,NVDA
2021-12-14,27.645446231268327,28.62255352658214,27.1973149206465,28.28221321105957,667035000,NVDA
2021-12-15,28.345089318946364,30.441029430992792,27.784175650057957,30.400108337402344,698297000,NVDA
2021-12-16,31.091770564933462,31.099754518870387,28.038684877718026,28.332115173339844,707366000,NVDA
2021-12-17,27.930895789317223,28.866084513821278,27.706330412496648,27.747251510620117,713758000,NVDA
2021-12-20,27.25221181922181,28.089588585739136,27.09252129792592,27.6654109954834,461847000,NVDA
2021-12-21,28.319142478736474,29.063700457531855,27.348022192079924,29.018787384033203,524385000,NVDA
2021-12-22,28.835142056766554,29.49785781843981,28.39399529208839,29.343156814575195,395184000,NVDA
2021-12-23,29.697468614565754,30.00088169101399,29.374095654399202,29.582691192626953,343022000,NVDA
2021-12-27,29.602654581173876,31.026895635110456,29.582692792715033,30.885169982910156,403686000,NVDA
2021-12-28,31.251463920554766,31.269428770384458,29.95397610422819,30.263378143310547,420591000,NVDA
2021-12-29,30.214474295872787,30.48894226101068,29.30922629538712,29.9429988861084,343139000,NVDA
2021-12-30,29.769336178213297,30.398119287491273,29.482892273989112,29.5288028717041,308864000,NVDA
2021-12-31,29.616629435851035,29.97194206030295,29.274292165132447,29.354137420654297,266530000,NVDA
2022-01-03,29.75735697767053,30.651624582903967,29.727414293582168,30.06276512145996,391547000,NVDA
2022-01-04,30.2184669283259,30.409097659269086,28.294194767957748,29.233375549316406,527154000,NVDA
2022-01-05,28.893029463658266,29.359127526177748,27.479768693565187,27.550630569458008,498064000,NVDA
2022-01-06,27.586559964920273,28.38301743954945,27.01267281731573,28.123519897460938,454186000,NVDA
2022-01-07,28.086595203604723,28.367052077902994,27.004689383729875,27.19432258605957,409939000,NVDA
2022-01-10,26.529606264497083,27.415889845673522,25.594417635721964,27.347023010253906,594681000,NVDA
2022-01-11,27.27017541907624,28.010741462593767,26.787111899859354,27.763219833374023,404089000,NVDA
2022-01-12,28.012739330750005,28.539718460854097,27.554627051101964,27.94487190246582,383413000,NVDA
2022-01-13,28.32413577123768,28.42494034461968,26.446771712443983,26.523624420166016,540171000,NVDA
2022-01-14,26.24915451358075,27.144421643836736,26.15932835464321,26.88991355895996,395832000,NVDA
2022-01-18,26.20922681229784,26.586496212425658,25.720174450253865,25.852916717529297,424270000,NVDA
2022-01-19,26.02858206203493,26.49168380986728,25.003567129964498,25.018537521362305,488315000,NVDA
2022-01-20,25.255075801849063,25.52954371114921,24.031444525420937,24.10330581665039,435181000,NVDA
2022-01-21,23.461552019986037,24.775007677466373,23.218024282355426,23.32880973815918,718958000,NVDA
2022-01-24,22.286823865991998,23.33479288237122,20.847612601237156,23.32680892944336,913982000,NVDA
2022-01-25,22.502410844337714,22.898644579433583,21.957466910396736,22.280839920043945,664616000,NVDA
2022-01-26,23.195073451405133,24.0104935073892,22.25689007590773,22.727977752685547,755959000,NVDA
2022-01-27,23.52243384836739,23.948608321885434,21.63309226715212,21.901573181152344,573353000,NVDA
2022-01-28,21.969444731157765,22.813809883208478,21.254829324418658,22.79584503173828,543774000,NVDA
2022-01-31,23.13717992402368,24.461615916333805,23.007432099177755,24.43865966796875,564680000,NVDA
2022-02-01,25.05546307837745,25.09638417294611,23.84380957085844,24.590364456176758,518925000,NVDA
2022-02-02,25.74413004951072,25.767084393020323,24.505528293848347,25.19319725036621,543419000,NVDA
2022-02-03,24.4107113163615,25.02851397918987,23.734022713171655,23.901697158813477,410178000,NVDA
2022-02-04,23.925651076488982,24.587369295180423,23.586308302613325,24.27198028564453,354829000,NVDA
2022-02-07,24.32488219866303,25.133315720726692,24.1552107776214,24.680194854736328,376868000,NVDA
2022-02-08,24.31190344360398,25.18121973728533,23.933636493420686,25.05945587158203,410359000,NVDA
2022-02-09,25.57245987515864,26.67332787595736,25.303980882340767,26.653366088867188,524282000,NVDA
2022-02-10,25.944741556292165,26.87294187560028,25.550504800745372,25.774070739746094,513200000,NVDA
2022-02-11,25.865894587572004,26.1014383680604,23.727038196145745,23.90269660949707,605472000,NVDA
2022-02-14,23.887726864389506,24.826907552973196,23.709072083831487,24.220083236694336,440424000,NVDA
2022-02-15,24.900764591183574,26.49367965605607,24.73608458162661,26.443777084350586,699869000,NVDA
2022-02-16,26.208231811287334,26.530607279677454,25.502597989095346,26.45974349975586,732676000,NVDA
2022-02-17,25.58044757027019,25.735148587356477,24.118281669763785,24.459619522094727,810595000,NVDA
2022-02-18,24.620305983753607,24.93769195223297,23.05533867775434,23.596290588378906,761255000,NVDA
2022-02-22,22.990464861191477,24.017474761924387,22.955532681143488,23.344778060913086,633422000,NVDA
2022-02-23,23.755982820677037,24.10830099326957,22.257885303841995,22.343717575073242,566511000,NVDA
2022-02-24,20.97436959630377,23.753985005383658,20.84961126769638,23.702085494995117,735801000,NVDA
2022-02-25,23.675138387578873,24.1701778047602,23.33579559273523,24.110294342041016,528866000,NVDA
2022-02-28,23.945614559981106,24.617313720025166,23.661165729918974,24.337854385375977,477319000,NVDA
2022-03-01,24.24403349765344,24.32986765752615,23.087274038657856,23.43160629272461,412056000,NVDA
2022-03-02,23.714111250736686,24.365959685395882,23.373712936549165,24.177291870117188,389642000,NVDA
2022-03-03,24.219219994125485,24.283108229788855,23.427618955251905,23.67218780517578,365095000,NVDA
2022-03-04,23.342769336842796,23.63824694769257,22.442359346497184,22.895559310913086,431415000,NVDA
2022-03-07,22.776767102643568,22.99238774615269,21.29238955966222,21.314350128173828,450821000,NVDA
2022-03-08,21.271424341879477,22.33354729257822,20.613586007361604,21.476062774658203,557467000,NVDA
2022-03-09,22.34752397571556,23.179055323683137,22.207771447985007,22.973419189453125,492742000,NVDA
2022-03-10,22.49127464148192,22.7478214818907,21.843418757214106,22.618051528930664,428066000,NVDA
2022-03-11,22.981408527703135,23.104192759122018,22.007129512410348,22.06103515625,367209000,NVDA
2022-03-14,21.830440015715702,22.22274672696289,21.121692803109244,21.292390823364258,385354000,NVDA
2022-03-15,21.480058765436652,22.99737913390775,21.284405208779518,22.932493209838867,491996000,NVDA
2022-03-16,23.458558771385942,24.553624381420153,23.13113806857909,24.452802658081055,671422000,NVDA
2022-03-17,24.077471154131192,24.798196302698308,23.863847789795177,24.722332000732422,471941000,NVDA
2022-03-18,24.755270261820684,26.5221495744112,24.5805796111346,26.406352996826172,730719000,NVDA
2022-03-21,26.46026011637226,27.10412324336721,25.92121138568289,26.686859130859375,591727000,NVDA
2022-03-22,26.679873158121083,27.189973726396275,26.02602929912915,26.477231979370117,547007000,NVDA
2022-03-23,26.079927675254787,26.565070701682995,25.529900643651544,25.588796615600586,502120000,NVDA
2022-03-24,26.11986368042065,28.270065012059774,25.861319580253287,28.100364685058594,877379000,NVDA
2022-03-25,27.83682564076314,28.307993440069914,27.222910357307455,27.64316749572754,579016000,NVDA
2022-03-28,27.707059896183978,28.20018833538596,27.158028538413475,28.16924285888672,425494000,NVDA
2022-03-29,28.644401446440966,28.894958306684245,27.930662062478252,28.605470657348633,488984000,NVDA
2022-03-30,28.254090010683303,28.445750877229376,27.454501887834226,27.641172409057617,463487000,NVDA
2022-03-31,27.733008247092833,28.19818609722304,27.22191198648288,27.237882614135742,523440000,NVDA
2022-04-01,27.326726985234544,27.44751390350654,26.22068102801102,26.66489601135254,517235000,NVDA
2022-04-04,26.680868720371922,27.509405029535966,26.566071738835454,27.31175422668457,397120000,NVDA
2022-04-05,27.20593995323083,27.270825865218463,25.774468656427768,25.885272979736328,436615000,NVDA
2022-04-06,24.890031380399478,25.2553851988912,23.960673350227694,24.36396026611328,703833000,NVDA
2022-04-07,24.397906520431153,24.678411208744393,23.436605101270906,24.16531753540039,557992000,NVDA
2022-04-08,23.874830885888688,23.880820824954892,23.021338824397546,23.078237533569336,524781000,NVDA
2022-04-11,22.174828362922163,22.280640436406088,21.62180443778006,21.87835121154785,575207000,NVDA
2022-04-12,22.497259071532707,22.684927279513232,21.244471063259667,21.466079711914062,662258000,NVDA
2022-04-13,21.689684227915237,22.46032219872816,21.417164936005605,22.16384506225586,516943000,NVDA
2022-04-14,22.465317170334803,22.736838829968864,21.125684399232618,21.220516204833984,569097000,NVDA
2022-04-18,21.162614873714208,22.049047482223045,21.04182796602704,21.744586944580078,525701000,NVDA
2022-04-19,21.681699582090733,22.33354799958623,21.276415360813395,22.158857345581055,512781000,NVDA
2022-04-20,22.477295203987705,22.630025292014682,21.162618078582742,21.444120407104492,468974000,NVDA
2022-04-21,21.670721632732782,22.35251790891269,19.964735361645406,20.14741325378418,656209000,NVDA
2022-04-22,20.26719955217862,20.44987743487539,19.465615971491907,19.480588912963867,624713000,NVDA
2022-04-25,19.168138831768125,19.90982865501306,19.06232675761767,19.866905212402344,641566000,NVDA
2022-04-26,19.68322780756036,19.753104058239774,18.637075615712774,18.754867553710938,653143000,NVDA
2022-04-27,18.56520619274725,19.133203133217663,18.25775062172566,18.382530212402344,499460000,NVDA
2022-04-28,18.933554552267157,20.001669421051762,18.457396362070916,19.74711799621582,570327000,NVDA
2022-04-29,19.367787435913748,20.092507058531055,18.484347793800964,18.51429557800293,500435000,NVDA
2022-05-02,18.508306677557925,19.53948420995558,18.35857155612756,19.498558044433594,572049000,NVDA
2022-05-03,19.36578706512765,19.790038705689653,19.09925773061518,19.56743049621582,475751000,NVDA
2022-05-04,19.887870698989126,20.364028903111393,18.717936368444736,20.298145294189453,648855000,NVDA
2022-05-05,19.83196878609108,19.889865173375625,18.467378659821374,18.810771942138672,626331000,NVDA
2022-05-06,18.7029678624301,19.477598819171288,17.958282796128376,18.642074584960938,633297000,NVDA
2022-05-09,18.00220284256642,18.222811941526615,16.79733029414801,16.920114517211914,644455000,NVDA
2022-05-10,17.657806577427667,18.16590978890649,16.99497790989981,17.56397247314453,761474000,NVDA
2022-05-11,17.316410271106523,17.721694464260565,16.538784636687943,16.60067367553711,670167000,NVDA
2022-05-12,16.190399781878746,16.75839666865511,15.539550023935458,16.14647674560547,708728000,NVDA
2022-05-13,16.758393829026467,17.89638278631906,16.563738023593256,17.674774169921875,670437000,NVDA
2022-05-16,17.478125554261457,17.75663289781755,17.07583632290922,17.233556747436523,521446000,NVDA
2022-05-17,18.042129937144267,18.33860712731935,17.60290714990144,18.144948959350586,585830000,NVDA
2022-05-18,17.673780282023053,18.08605213605823,16.834263633079882,16.908132553100586,545161000,NVDA
2022-05-19,16.90713478134416,17.655812285056605,16.704491716469843,17.09380531311035,621310000,NVDA
2022-05-20,17.301437670488205,17.379299242685832,15.727217918276924,16.664562225341797,739105000,NVDA
2022-05-23,16.24530571772281,16.885176247645457,16.150473907934177,16.868206024169922,639889000,NVDA
2022-05-24,16.48089204683315,16.567738553668264,15.752178588295978,16.125518798828125,588550000,NVDA
2022-05-25,15.991754187297795,17.080830153303886,15.971788994098624,16.945070266723633,781132000,NVDA
2022-05-26,16.007721031792844,18.060095188303276,15.99374578065661,17.819520950317383,996575000,NVDA
2022-05-27,18.15393222834226,18.847706383566344,18.068083436188743,18.777830123901367,738379000,NVDA
2022-05-31,18.94653372975319,19.166147041089843,18.31764539271089,18.63907814025879,664100000,NVDA
2022-06-01,18.690983767171357,19.01940218977042,18.09004412210462,18.287694931030273,544514000,NVDA
2022-06-02,18.25974260084453,19.584402153884042,18.16590850320256,19.557449340820312,648656000,NVDA
2022-06-03,19.048355791835018,19.297914997640287,18.489341799961554,18.686992645263672,598779000,NVDA
2022-06-06,19.10525063409832,19.30290143941971,18.531263815257763,18.752872467041016,422406000,NVDA
2022-06-07,18.439425936365755,18.966494720425693,18.155926356094692,18.89262580871582,388914000,NVDA
2022-06-08,18.76981947875276,19.15022859840962,18.506229327517012,18.619054794311523,363252000,NVDA
2022-06-09,18.45231168223878,18.90360967908765,18.012994188635677,18.019983291625977,395574000,NVDA
2022-06-10,17.57268450703865,17.669534081205736,16.842818148154638,16.947656631469727,465248000,NVDA
2022-06-13,15.975163876009786,16.28667984582384,15.581775412240182,15.622712135314941,604153000,NVDA
2022-06-14,15.706581027600341,16.041061051837058,15.388075961207294,15.811418533325195,469680000,NVDA
2022-06-15,16.070017900307143,16.841818825545705,15.901280536590404,16.5013484954834,563936000,NVDA
2022-06-16,15.835380972284335,15.917254419069693,15.377093820674675,15.576783180236816,545749000,NVDA
2022-06-17,15.623711204110075,15.970172718486323,15.304208207375476,15.855351448059082,630334000,NVDA
2022-06-21,16.44942865985989,16.981600402488183,16.381533414039843,16.540287017822266,483089000,NVDA
2022-06-22,16.200811500397187,16.63613550115512,16.154883380504458,16.334604263305664,437135000,NVDA
2022-06-23,16.49335423638741,16.55925175967928,15.82838875234843,16.199811935424805,463680000,NVDA
2022-06-24,16.4743834361144,17.113389214535463,16.284677881500357,17.099411010742188,472153000,NVDA
2022-06-27,17.28513052368087,17.303102235686215,16.600194433475785,16.842817306518555,427968000,NVDA
2022-06-28,16.873766731644636,17.175298000307446,15.92024919879893,15.957192420959473,461149000,NVDA
2022-06-29,15.789452817507586,15.795443069795565,15.146452414426411,15.517874717712402,482352000,NVDA
2022-06-30,15.337156508002591,15.542837079558034,14.83893146631367,15.135470390319824,686070000,NVDA
2022-07-01,14.875873577381968,15.039618570774806,14.369660585584475,14.500456809997559,577610000,NVDA
2022-07-05,14.15299631092678,14.947760206321728,14.033182701418724,14.940771102905273,651397000,NVDA
2022-07-06,14.986699419920392,15.29521975828279,14.766041819442789,15.106513023376465,529066000,NVDA
2022-07-07,15.432009036553442,15.920249363063476,15.365112647572856,15.83338451385498,492903000,NVDA
2022-07-08,15.406049788102415,16.012107950332496,15.365113062847506,15.813416481018066,467972000,NVDA
2022-07-11,15.50189899317143,15.502897844600374,15.014656599989385,15.128479957580566,437321000,NVDA
2022-07-12,15.244298205682169,15.407045277525851,14.853905384408769,15.058587074279785,458483000,NVDA
2022-07-13,14.567352563950944,15.35113388131245,14.442546597436209,15.140460968017578,521918000,NVDA
2022-07-14,15.084549597057515,15.448982825985045,14.705139307910507,15.348139762878418,456235000,NVDA
2022-07-15,15.634691868193833,15.757500119489807,15.42102337409571,15.737531661987305,385935000,NVDA
2022-07-18,16.276696063894367,16.870771818679195,15.977162485969991,16.076007843017578,670517000,NVDA
2022-07-19,16.460406952090203,17.08343879377703,16.14689523300348,16.965621948242188,702366000,NVDA
2022-07-20,16.920694158582595,17.90516367987839,16.774920881624166,17.77935791015625,760538000,NVDA
2022-07-21,17.85723740485581,18.11583423265357,17.517765033329383,18.02198028564453,557049000,NVDA
2022-07-22,17.86522258702626,17.939107115384,17.11039568213851,17.2921142578125,536671000,NVDA
2022-07-25,16.992578640781748,17.097417085099938,16.623154098820503,16.99757194519043,480748000,NVDA
2022-07-26,16.86278591155121,16.892740033046326,16.452424540325435,16.507339477539062,397865000,NVDA
2022-07-27,17.005559778739524,17.908157678578863,16.886745027673552,17.76238441467285,569776000,NVDA
2022-07-28,17.947098395523145,18.11184128131467,17.412929010303365,17.956083297729492,474646000,NVDA
2022-07-29,17.785350474084527,18.21568123422587,17.66453800022714,18.134807586669922,435460000,NVDA
2022-08-01,18.153771997363968,18.816742612517846,17.962070637423846,18.412370681762695,476469000,NVDA
2022-08-02,18.093869755691863,18.90860309946713,18.06391563779565,18.497241973876953,489527000,NVDA
2022-08-03,18.15577686644505,18.93856042640232,18.108848930894748,18.863676071166992,418146000,NVDA
2022-08-04,18.819741947233144,19.24408146520657,18.73087939960465,19.18517303466797,409652000,NVDA
2022-08-05,18.780799269497617,19.199149448487784,18.637023710548704,18.959522247314453,386068000,NVDA
2022-08-08,17.474832214042483,18.2106876713627,17.215235587063688,17.765378952026367,981859000,NVDA
2022-08-09,17.22522145250511,17.41991845975433,16.698041160487055,17.059478759765625,668263000,NVDA
2022-08-10,17.670526014260716,18.089874092763363,17.290116951299066,18.068906784057617,597422000,NVDA
2022-08-11,18.10285603043002,18.677962127300052,17.848250796763534,17.914148330688477,509327000,NVDA
2022-08-12,18.131810749254285,18.688945150127985,17.925131336436703,18.67995834350586,478094000,NVDA
2022-08-15,18.67197109315223,19.134251734089823,18.584108348581022,19.002456665039062,457666000,NVDA
2022-08-16,18.8906300185085,19.112285523433606,18.472279819564992,18.849693298339844,451240000,NVDA
2022-08-17,18.494249352454208,18.658992249502052,18.116835824302285,18.30653953552246,446799000,NVDA
2022-08-18,18.272590927539937,18.83571457607667,18.154774075074336,18.743858337402344,415447000,NVDA
2022-08-19,18.377427421122775,18.49125077215721,17.742415041253963,17.821292877197266,441588000,NVDA
2022-08-22,17.4628523157582,17.530747560414262,16.939665485324408,17.00756072998047,409593000,NVDA
2022-08-23,16.96262602355017,17.43788689751564,16.9436545142741,17.154327392578125,369986000,NVDA
2022-08-24,16.985595480724132,17.378984974458614,16.868778397240728,17.195270538330078,522661000,NVDA
2022-08-25,16.817853882408595,17.919142398294323,16.80687127701837,17.885194778442383,770691000,NVDA
2022-08-26,17.82928142778485,17.89617686185633,16.21179527063193,16.234760284423828,769127000,NVDA
2022-08-29,15.995133924685081,16.312639207198323,15.742526376842438,15.776473045349121,496132000,NVDA
2022-08-30,15.935226643010983,16.01410353790401,15.158434390290923,15.443990707397461,530181000,NVDA
2022-08-31,15.360117853461658,15.515875817701323,14.935777428871644,15.070568084716797,573710000,NVDA
2022-09-01,14.186942340955959,14.35767736958631,13.249400817146027,13.915365219116211,1178865000,NVDA
2022-09-02,14.07811421619894,14.149003156104582,13.569903514231424,13.62581729888916,743157000,NVDA
2022-09-06,13.709685355906469,13.757611180820414,13.330275114521564,13.444098472595215,535751000,NVDA
2022-09-07,13.545970723388965,13.820626019078334,13.329243169761526,13.696781158447266,512657000,NVDA
2022-09-08,13.442101543383522,13.990413000100926,13.352215340579692,13.972434997558594,624873000,NVDA
2022-09-09,14.139224819065335,14.455827199487729,14.108264556321975,14.368936538696289,486612000,NVDA
2022-09-12,14.350957931422553,14.528733921971712,14.180172168334149,14.486786842346191,484159000,NVDA
2022-09-13,13.784669421834586,13.904518628297684,13.082552082468736,13.114511489868164,714956000,NVDA
2022-09-14,13.237358200305806,13.273313250736237,12.896786750675185,13.111516952514648,588507000,NVDA
2022-09-15,12.998657958319333,13.21638368394048,12.773940100304305,12.912765502929688,523625000,NVDA
2022-09-16,12.726001122679447,13.195411270329165,12.601158069233653,13.181428909301758,670751000,NVDA
2022-09-19,12.995662804943986,13.446096763090381,12.99366546083005,13.365198135375977,569685000,NVDA
2022-09-20,13.198407796353832,13.4660709531129,13.040606184015623,13.159456253051758,524818000,NVDA
2022-09-21,13.1964094143311,14.013382133890827,13.093538106056018,13.244348526000977,807679000,NVDA
2022-09-22,13.053589709999544,13.132490994300221,12.412396524843558,12.545228958129883,759162000,NVDA
2022-09-23,12.404406911108035,12.595167097596889,12.241611449028817,12.500286102294922,663309000,NVDA
2022-09-26,12.475316755127498,12.643106039060946,12.198664123420288,12.212646484375,547343000,NVDA
2022-09-27,12.491296042868766,12.720008599389836,12.24260909385547,12.397414207458496,553854000,NVDA
2022-09-28,12.394418888771625,12.806900467165594,12.338489441525518,12.720009803771973,542414000,NVDA
2022-09-29,12.432370978846492,12.48430573642893,11.931001405248,12.204657554626465,532763000,NVDA
2022-09-30,12.071823561069651,12.617138488258727,12.059838544347494,12.123758316040039,565638000,NVDA
2022-10-03,12.331498357596713,12.662083111911944,12.089801611564782,12.496291160583496,547478000,NVDA
2022-10-04,12.862828434100942,13.203400820052057,12.862828434100942,13.150466918945312,584182000,NVDA
2022-10-05,12.89479000485159,13.304275082018679,12.60515414886924,13.192415237426758,507131000,NVDA
2022-10-06,13.203401093971486,13.63885351819357,13.086547421310968,13.113513946533203,644157000,NVDA
2022-10-07,12.489299987372316,12.654092790461354,12.006906595827768,12.06083869934082,672478000,NVDA
2022-10-10,12.02188568072584,12.10877633421103,11.393675761746923,11.655346870422363,698699000,NVDA
2022-10-11,11.546483912922639,11.831125915365966,11.268833090820673,11.571453094482422,667482000,NVDA
2022-10-12,11.564462656173577,11.720265977710053,11.330756245153442,11.48556137084961,492590000,NVDA
2022-10-13,10.957224041163421,12.062834393103017,10.79942244062999,11.944982528686523,850103000,NVDA
2022-10-14,12.0418607547837,12.095792850477494,11.189932138993667,11.212903022766113,713432000,NVDA
2022-10-17,11.503537321029368,11.932997705589505,11.502539125284484,11.873072624206543,580774000,NVDA
2022-10-18,12.328502366248351,12.476316320774814,11.603414003628952,11.95197582244873,659362000,NVDA
2022-10-19,11.864082792963758,12.334492010680163,11.81913922499752,12.035866737365723,523131000,NVDA
2022-10-20,12.097790381957378,12.752966821066378,12.089800053684597,12.178689002990723,652398000,NVDA
2022-10-21,12.08280991281554,12.48230826375368,11.872075344682253,12.450347900390625,609494000,NVDA
2022-10-24,12.492295085152598,12.694041114749616,12.048852336359209,12.58318042755127,517457000,NVDA
2022-10-25,12.678061042532914,13.28330006623939,12.648098026202799,13.244348526000977,505482000,NVDA
2022-10-26,12.852841899654189,13.371189335313101,12.69204380253107,12.879807472229004,532953000,NVDA
2022-10-27,13.612886696752097,13.820625721091393,13.105524152883197,13.159456253051758,583113000,NVDA
2022-10-28,13.087547371735592,13.832611021415424,13.04460113938634,13.816630363464355,521040000,NVDA
2022-10-31,13.760698315334567,13.820623390124373,13.28030237881131,13.480051040649414,486341000,NVDA
2022-11-01,13.793659368317671,13.907516554815446,13.502026173930659,13.525996208190918,432817000,NVDA
2022-11-02,13.832609351575078,14.192156967485618,13.194411785659703,13.202401161193848,672628000,NVDA
2022-11-03,13.02662341252142,13.7636966949046,12.939732756516582,13.40414810180664,500065000,NVDA
2022-11-04,13.9684389349222,14.211133849312025,13.679801299085328,14.138225555419922,612576000,NVDA
2022-11-07,14.210134614268167,14.393903593979909,13.936479441145188,14.283042907714844,410061000,NVDA
2022-11-08,14.782415387435028,14.872302535108739,14.198149880032776,14.58366584777832,595292000,NVDA
2022-11-09,14.14421826011374,14.193157476096932,13.741724378458798,13.758703231811523,454414000,NVDA
2022-11-10,14.78141670505855,15.753194539745545,14.528734123134546,15.730223655700684,700819000,NVDA
2022-11-11,15.787154735164645,16.36842382289729,15.462562957739296,16.306501388549805,655487000,NVDA
2022-11-14,16.197635066244544,16.519231225758354,15.9020062807447,16.274538040161133,527852000,NVDA
2022-11-15,16.701002374204336,16.97665487250418,16.3614291584318,16.64507293701172,545876000,NVDA
2022-11-16,16.14170859646812,16.34145634523152,15.853070937382359,15.890024185180664,649547000,NVDA
2022-11-17,15.695267646270135,16.245576378644603,15.515493358092419,15.657315254211426,710894000,NVDA
2022-11-18,15.945952068716577,15.981908069637043,15.101014621390979,15.389652252197266,492072000,NVDA
2022-11-21,15.127981966089996,15.45756754683471,15.06106570167587,15.297768592834473,404739000,NVDA
2022-11-22,15.308757424649226,16.037841483998616,15.103015707686659,16.017866134643555,472866000,NVDA
2022-11-23,16.07778579296999,16.506247963835023,16.027849338465916,16.49825668334961,427241000,NVDA
2022-11-25,16.29750899710752,16.46629549039378,16.1516924322223,16.249568939208984,167934000,NVDA
2022-11-28,16.005879433572836,16.336465163983767,15.705258630782993,15.807129859924316,303741000,NVDA
2022-11-29,15.807127459770173,15.911996118227389,15.500513718012343,15.619363784790039,298384000,NVDA
2022-11-30,15.681296404222124,16.913063676000647,15.581397015008863,16.906070709228516,565298000,NVDA
2022-12-01,16.982002826008905,17.24773568748677,16.618366478545138,17.11786651611328,470977000,NVDA
2022-12-02,16.642339295101205,16.91606542821989,16.428552620891118,16.859121322631836,371389000,NVDA
2022-12-05,16.66231883516899,16.978002762737614,16.455525140941326,16.593387603759766,352255000,NVDA
2022-12-06,16.513468304609546,16.55642456672552,15.803178964975501,15.9710111618042,352694000,NVDA
2022-12-07,15.75622928850062,16.169815824778205,15.65133378658821,16.1038818359375,372388000,NVDA
2022-12-08,16.256726814348887,17.161820901316364,15.943039749464951,17.151830673217773,515456000,NVDA
2022-12-09,17.142838730956267,17.565416038789124,16.95802427651782,16.983997344970703,465338000,NVDA
2022-12-12,17.019962525032387,17.52046094302297,16.78020276960981,17.51746368408203,457328000,NVDA
2022-12-13,18.512469006153694,18.77121078174227,17.693289316822757,18.05392837524414,656589000,NVDA
2022-12-14,17.969013028546826,18.2337493318541,17.402580576281,17.656326293945312,496888000,NVDA
2022-12-15,17.128851458484657,17.302677220211773,16.68329837585279,16.93504524230957,478542000,NVDA
2022-12-16,16.84714015567545,17.02396324166307,16.39359357986779,16.554431915283203,478232000,NVDA
2022-12-19,16.555426124711342,16.592387869431995,16.128853140261523,16.237743377685547,354039000,NVDA
2022-12-20,16.0479374093435,16.293691733158465,15.836150439306303,16.06891632080078,403260000,NVDA
2022-12-21,16.097886834196,16.610374338355122,16.08589779725307,16.484498977661133,325025000,NVDA
2022-12-22,16.07790496925897,16.12186159180077,14.867117143254697,15.323659896850586,565045000,NVDA
2022-12-23,15.180803762657309,15.32366040889023,14.868117043970384,15.190793991088867,349326000,NVDA
2022-12-27,15.058926299176873,15.084900321940324,14.04194370104502,14.106879234313965,464902000,NVDA
2022-12-28,13.913072868778418,14.247737902630835,13.870115648293575,14.021964073181152,351066000,NVDA
2022-12-29,14.387597820165574,14.668315992800219,14.212772636992952,14.588396072387695,354923000,NVDA
2022-12-30,14.319663660456738,14.614368696054798,14.218764842042592,14.599384307861328,310490000,NVDA
2023-01-03,14.836149193445959,14.981004654277776,14.081904060760499,14.300684928894043,401277000,NVDA
2023-01-04,14.552432867835895,14.838146156406989,14.226758666083303,14.73425006866455,431324000,NVDA
2023-01-05,14.476509114267246,14.549436068229195,14.133851704136582,14.25073528289795,389168000,NVDA
2023-01-06,14.45952485401676,14.994989063943777,14.01996530735585,14.84414005279541,405044000,NVDA
2023-01-09,15.268713734456611,16.039940959776242,15.125856157242278,15.612369537353516,504231000,NVDA
2023-01-10,15.491491850303234,15.9460367412462,15.456527005264633,15.89309024810791,384101000,NVDA
2023-01-11,15.824158513514837,16.011970219679487,15.547435115356448,15.984996795654297,353285000,NVDA
2023-01-12,16.083897626620722,16.620359284778843,15.476504976085742,16.49448585510254,551409000,NVDA
2023-01-13,16.26172177332806,16.90507877525791,16.14883581061509,16.88210105895996,447287000,NVDA
2023-01-17,16.882101069354157,17.71027253708016,16.882101069354157,17.684297561645508,511102000,NVDA
2023-01-18,17.64933195026429,17.8551253151724,17.264716740500983,17.359622955322266,439624000,NVDA
2023-01-19,17.018960755905177,17.17980093611209,16.714267402001692,16.748231887817383,452932000,NVDA
2023-01-20,16.99398826883285,17.838144467896704,16.80817535561797,17.8211612701416,564967000,NVDA
2023-01-23,18.045932771346358,19.22575327562238,17.800180419919084,19.173805236816406,655163000,NVDA
2023-01-24,18.808169697179686,19.47550276564291,18.801176728770063,19.245731353759766,496204000,NVDA
2023-01-25,18.89408303130988,19.350626664524295,18.561415920142778,19.303672790527344,449537000,NVDA
2023-01-26,19.681297222805807,20.14583232825715,19.258719930188406,19.782196044921875,489535000,NVDA
2023-01-27,19.44253447559157,20.607368636676057,19.38559227826472,20.34463119506836,542142000,NVDA
2023-01-30,19.93004958460622,20.11985820147362,19.13084848856238,19.142837524414062,488611000,NVDA
2023-01-31,19.150828232771158,19.667311381220713,18.931048939885837,19.5174617767334,498017000,NVDA
2023-02-01,19.671307485536968,21.17080582248784,19.591387567845597,20.922056198120117,660477000,NVDA
2023-02-02,20.978997726890935,21.927048029670438,20.679298521540353,21.687288284301758,564276000,NVDA
2023-02-03,20.979000905493407,21.723256776011066,20.768211454332956,21.078901290893555,429366000,NVDA
2023-02-06,20.78519132864185,21.54842717853091,20.76521087366942,21.067909240722656,452197000,NVDA
2023-02-07,21.360616200100747,22.236739935433913,21.12884786869814,22.15082550048828,664150000,NVDA
2023-02-08,22.364606006421532,22.855116000113323,21.985985399736396,22.182788848876953,559651000,NVDA
2023-02-09,22.58339300958644,22.99697853291516,22.097878989240208,22.314661026000977,523876000,NVDA
2023-02-10,21.668310502396057,22.055921084190924,20.790189793284593,21.24373435974121,550737000,NVDA
2023-02-13,21.51645868835971,22.025948836069368,20.94103456636859,21.76620864868164,474919000,NVDA
2023-02-14,21.556418285015024,23.025947762746878,21.344630419532418,22.948026657104492,675474000,NVDA
2023-02-15,22.526448693208266,22.832142420903672,22.08389284711268,22.741233825683594,420575000,NVDA
2023-02-16,22.110863322037478,22.527446080733473,21.905069975862954,21.979995727539062,412026000,NVDA
2023-02-17,21.609366570739,21.71825680895327,20.954022522936867,21.366609573364258,465888000,NVDA
2023-02-21,20.97899644931204,21.47250184750639,20.597378544387798,20.634342193603516,410015000,NVDA
2023-02-22,20.686293870610594,21.082896233045748,20.400578664452947,20.733245849609375,513184000,NVDA
2023-02-23,23.416558173795323,23.86411008296413,23.001972300962063,23.64033317565918,1117995000,NVDA
2023-02-24,23.201774563076796,23.4505261030738,22.924052694816517,23.262712478637695,589716000,NVDA
2023-02-27,23.646324873974233,23.856113913208368,23.430541317778875,23.477493286132812,452994000,NVDA
2023-02-28,23.348627491238524,23.801175507716838,23.182793127166743,23.19278335571289,455963000,NVDA
2023-03-01,23.16880605034979,23.2327431288166,22.48549007597283,22.67530059814453,460026000,NVDA
2023-03-02,22.46551148905175,23.356617727044704,22.409565830943126,23.29068374633789,389415000,NVDA
2023-03-03,23.296680141971127,23.876100076867033,23.10686960480691,23.86610984802246,412393000,NVDA
2023-03-06,23.86710603242782,24.223747422082624,23.463508860514835,23.53044319152832,437429000,NVDA
2023-03-07,23.580400752368433,24.104964362524335,23.221697740559055,23.268659591674805,515154000,NVDA
2023-03-08,23.467498967392764,24.17990823526979,23.404551548814798,24.16092300415039,513573000,NVDA
2023-03-09,24.154922945379216,24.43369248287704,23.363580850091193,23.41653823852539,501257000,NVDA
2023-03-10,23.389562036275382,23.607381425129905,22.70712862155447,22.94593048095703,474866000,NVDA
2023-03-13,22.733108829622278,23.278654989366956,22.27848671220757,22.946929931640625,421890000,NVDA
2023-03-14,23.476487867060463,24.19888701960605,23.44051655907677,24.04301643371582,474910000,NVDA
2023-03-15,23.741268759575973,24.265832423154546,23.340602676375205,24.207881927490234,524486000,NVDA
2023-03-16,24.007047963864338,25.56675059825911,23.874157083100002,25.519790649414062,583253000,NVDA
2023-03-17,25.960426557252433,26.37708012413153,25.646686200323746,25.70363998413086,848547000,NVDA
2023-03-20,25.59373105710644,26.002391851549323,25.109133153737865,25.878494262695312,432747000,NVDA
2023-03-21,26.15826276917553,26.370086636571166,25.35992640091997,26.17724609375,547408000,NVDA
2023-03-22,26.40305656588551,27.566091472465203,26.215212950904103,26.446022033691406,797295000,NVDA
2023-03-23,27.092485590001715,27.476167523901886,26.667839239162014,27.16842269897461,564889000,NVDA
2023-03-24,27.008555018771276,27.14444177136707,26.333115738961876,26.756763458251953,454920000,NVDA
2023-03-27,26.814715931188335,26.977580691716717,26.343107731941966,26.508970260620117,361026000,NVDA
2023-03-28,26.42504099387314,26.49098617741666,25.828536573761543,26.388071060180664,356104000,NVDA
2023-03-29,26.80272526365729,27.055513525700643,26.57491395467883,26.961591720581055,393694000,NVDA
2023-03-30,27.206388565387414,27.47616480917353,27.079493220776026,27.360260009765625,364516000,NVDA
2023-03-31,27.117462777878853,27.81088673556325,27.082491993767807,27.753934860229492,433933000,NVDA
2023-04-03,27.486161220253447,27.976752786202212,27.313304519409765,27.941781997680664,398716000,NVDA
2023-04-04,27.942775040162378,27.97674720101981,27.28432191499647,27.430200576782227,368592000,NVDA
2023-04-05,26.80672385592453,26.97558225141349,26.373084198934407,26.858680725097656,515015000,NVDA
2023-04-06,26.561920652211157,27.05750899579146,26.405051458084227,27.014545440673828,397654000,NVDA
2023-04-10,26.800724345120734,27.598061968083517,26.64685290782655,27.55609703063965,395279000,NVDA
2023-04-11,27.700978013397847,27.76692318959248,27.103473133288535,27.146438598632812,314378000,NVDA
2023-04-12,27.347272978771652,27.445191173354328,26.426037716955808,26.472999572753906,446259000,NVDA
2023-04-13,26.711795799819694,26.864668606393913,26.30713338513006,26.441020965576172,353615000,NVDA
2023-04-14,26.48199191641149,26.86067692126086,26.198227341528817,26.735780715942383,395660000,NVDA
2023-04-17,26.542940633883788,26.98357440686349,26.41105027878462,26.979578018188477,321471000,NVDA
2023-04-18,27.510138201217032,28.086658738816173,27.334283752804854,27.644025802612305,604812000,NVDA
2023-04-19,27.33827814990457,27.976747432102734,27.2093855674829,27.907804489135742,358660000,NVDA
2023-04-20,27.648020038897844,28.00672306467075,26.977577746060568,27.081491470336914,427713000,NVDA
2023-04-21,26.929620174009735,27.160429263560324,26.699811611017537,27.096481323242188,345103000,NVDA
2023-04-24,26.990565542768596,27.34327110236509,26.64884862147501,27.019540786743164,339282000,NVDA
2023-04-25,27.055512582409374,27.224372863895415,26.203222209345313,26.219207763671875,378527000,NVDA
2023-04-26,26.97957796491873,27.307304704799684,26.682823713649157,26.93361473083496,406337000,NVDA
2023-04-27,27.340281221046943,27.47217159023553,26.60289311743897,27.203393936157227,377161000,NVDA
2023-04-28,27.202396573315646,27.73495308463459,27.048523198303023,27.725961685180664,292216000,NVDA
2023-05-01,27.8168827543935,29.033871779873245,27.75693310998625,28.88599395751953,570329000,NVDA
2023-05-02,28.656185891505462,28.812056494254247,28.05968148797479,28.186574935913086,402730000,NVDA
2023-05-03,27.816885869677318,28.343448752494442,27.449191372808084,27.77891731262207,383387000,NVDA
2023-05-04,27.628036978765422,27.83586443324702,27.217378984903736,27.539112091064453,321850000,NVDA
2023-05-05,27.802894198913098,28.731121728563178,27.707973770612693,28.656185150146484,361494000,NVDA
2023-05-08,28.498315501122327,29.19573585601291,28.326459346526057,29.126792907714844,344979000,NVDA
2023-05-09,28.875004213655114,28.94894217400301,28.426377630267304,28.54727554321289,314869000,NVDA
2023-05-10,28.98091460956097,29.08882663839483,28.437367605326653,28.86101531982422,369350000,NVDA
2023-05-11,28.87200267964506,28.92595868810787,28.222542865572727,28.55426597595215,322149000,NVDA
2023-05-12,28.505305680587945,28.75609857922899,28.02270701560493,28.316463470458984,274222000,NVDA
2023-05-15,28.48432681161874,28.944944446377114,28.128623434840744,28.928956985473633,293926000,NVDA
2023-05-16,28.817050841568992,29.845197623603145,28.808059443130762,29.18874168395996,449405000,NVDA
2023-05-17,29.55943412398546,30.173923220986072,29.405562670982768,30.15294075012207,432535000,NVDA
2023-05-18,30.38474850266172,31.80157031583205,30.29482308288843,31.651695251464844,748725000,NVDA
2023-05-19,31.50981251370551,31.553776602186183,30.89032841498642,31.238039016723633,473908000,NVDA
2023-05-22,30.875342767584065,31.493830215264246,30.654527493113335,31.150115966796875,372000000,NVDA
2023-05-23,30.974258748799674,31.262019710995222,30.605565671093288,30.662517547607422,356253000,NVDA
2023-05-24,30.184911363622657,30.58158294267241,29.781247533939762,30.51263999938965,721419000,NVDA
2023-05-25,38.491004098045735,39.447210007542544,36.60457166088481,37.948455810546875,1543911000,NVDA
2023-05-26,37.85853900635431,39.13747499196258,37.51882115873588,38.91366195678711,714397000,NVDA
2023-05-30,40.56129706980953,41.90318054493991,39.91583350519123,40.07769775390625,923401000,NVDA
2023-05-31,39.45520761311079,40.26153667698876,37.79059071532984,37.802581787109375,1002580000,NVDA
2023-06-01,38.457038285135596,40.01674290011226,38.30816374839411,39.736976623535156,635873000,NVDA
2023-06-02,40.0637069703337,40.46637223130838,39.02556820427834,39.29434585571289,482731000,NVDA
2023-06-05,38.87669761933743,39.53215123073155,38.67486565787904,39.13848114013672,396094000,NVDA
2023-06-06,38.79775882224138,39.12748282035394,38.116322111286685,38.62190246582031,388729000,NVDA
2023-06-07,38.886705495226614,39.47028049803264,37.32883713586247,37.447750091552734,511998000,NVDA
2023-06-08,37.69657810413266,38.83574884803621,37.47773933461828,38.48200607299805,417772000,NVDA
2023-06-09,39.00862167695387,39.682131514283476,38.53896592503453,38.741817474365234,427717000,NVDA
2023-06-12,39.17150398137998,39.501262102808724,38.58992633945342,39.45329666137695,388701000,NVDA
2023-06-13,40.15678529799824,41.07112100095235,39.711110397236205,40.9921760559082,613208000,NVDA
2023-06-14,40.794327015832565,42.96874400584985,40.52252155664653,42.96574783325195,740465000,NVDA
2023-06-15,42.571032403423146,43.25753327513272,42.116361328067455,42.62199401855469,568622000,NVDA
2023-06-16,43.41840945055139,43.689212322344694,42.6299816471878,42.66096115112305,655709000,NVDA
2023-06-20,42.966744812657,43.95802428329941,42.64297902478398,43.776153564453125,451153000,NVDA
2023-06-21,43.46937213953319,43.58329148223386,42.04940765326737,43.013702392578125,551603000,NVDA
2023-06-22,42.22227535860052,43.394422782476106,42.20329197945321,42.993717193603516,417737000,NVDA
2023-06-23,42.43312605670876,42.77787262265415,41.984451203476524,42.17831039428711,358140000,NVDA
2023-06-26,42.43012776772855,42.73290887794561,40.070844243899195,40.60245895385742,594322000,NVDA
2023-06-27,40.76933398174648,41.90950317799757,40.418591274861775,41.845550537109375,462175000,NVDA
2023-06-28,40.63044011815251,41.81457999808646,40.488545059577945,41.08710861206055,582639000,NVDA
2023-06-29,41.52778911037634,41.569758396555315,40.57048532152346,40.79232406616211,380514000,NVDA
2023-06-30,41.649698416136715,42.51906484775984,41.470827697536826,42.271244049072266,501148000,NVDA
2023-07-03,42.48608466102656,42.86680815864475,42.171315066266786,42.38216018676758,198209000,NVDA
2023-07-05,42.104365108899316,43.14560736549417,42.05440222255246,42.28623580932617,323618000,NVDA
2023-07-06,41.81358093287342,42.14833647102733,41.31594188398918,42.072391510009766,303582000,NVDA
2023-07-07,42.29122733401887,43.18258088740522,42.149332286394056,42.47209548950195,355881000,NVDA
2023-07-10,42.625988347315335,42.77987571297271,41.618717966437515,42.14933395385742,353908000,NVDA
2023-07-11,42.45011717550455,42.72691623562603,42.03642048343686,42.37417221069336,298244000,NVDA
2023-07-12,43.001715152832105,43.903059808967086,42.74590075117866,43.87008285522461,481277000,NVDA
2023-07-13,44.485637843052004,46.12144500110187,44.459655768689124,45.94357681274414,478204000,NVDA
2023-07-14,46.54913208580055,48.05303894524698,45.027240569884796,45.435943603515625,772075000,NVDA
2023-07-17,46.255351170399976,46.46219760945773,45.22909733231496,46.427223205566406,510488000,NVDA
2023-07-18,46.66704612621804,47.86117699331049,45.700750131517545,47.459468841552734,569164000,NVDA
2023-07-19,47.42949773035123,47.783240488874554,46.708022451305204,47.04277801513672,427502000,NVDA
2023-07-20,46.47318603639003,47.052766164408155,45.029236960247545,45.48690414428711,537865000,NVDA
2023-07-21,45.754707765315004,45.83265398251241,44.067935310129315,44.27678298950195,963769000,NVDA
2023-07-24,44.69847992512501,45.076207287411634,44.00798419764258,44.579566955566406,382516000,NVDA
2023-07-25,44.90833520333714,46.14942918660317,44.890346731901275,45.64579772949219,348081000,NVDA
2023-07-26,45.98754334626847,46.01952157703273,44.59755574079193,45.4189567565918,364237000,NVDA
2023-07-27,46.48518386639015,47.36054650639366,45.71674188711987,45.866634368896484,455976000,NVDA
2023-07-28,46.63407374046653,46.992813922510294,46.34728362681164,46.71601486206055,331194000,NVDA
2023-07-31,46.72000974655935,47.095735831876695,46.47218895380473,46.69502639770508,251055000,NVDA
2023-08-01,46.42622359131387,46.86590615971662,45.99353971547932,46.47319030761719,237858000,NVDA
2023-08-02,45.79768107011527,45.80667339857495,43.35545767140817,44.23681640625,530142000,NVDA
2023-08-03,43.76815892788042,45.08520160367777,43.76815892788042,44.48263931274414,324176000,NVDA
2023-08-04,44.95229288862931,45.608812879018394,44.360724265707994,44.64751434326172,362666000,NVDA
2023-08-07,45.078210093853784,45.50689911921515,44.53060808479913,45.38398742675781,322154000,NVDA
2023-08-08,44.82039636629239,45.209113535751534,44.023974832392284,44.631534576416016,353843000,NVDA
2023-08-09,44.2418106099287,44.279784996235016,42.10336702177276,42.52306365966797,586449000,NVDA
2023-08-10,42.129358062603245,43.542331834639555,41.80459350942368,42.35719299316406,492705000,NVDA
2023-08-11,41.72064683355446,41.98745483103536,40.609455735906536,40.82529830932617,533085000,NVDA
2023-08-14,40.456564582325726,43.76815430441539,40.28169257903262,43.721187591552734,690286000,NVDA
2023-08-15,44.52760635786077,45.23509182651046,43.67822201869262,43.90805435180664,676512000,NVDA
2023-08-16,44.487636389026356,44.6425224910749,43.37444399152848,43.45438766479492,527451000,NVDA
2023-08-17,43.938036744094546,44.02996891832421,42.969739400582895,43.31249237060547,452395000,NVDA
2023-08-18,42.603998420369834,43.54631355808522,41.6297088674994,43.26751708984375,583768000,NVDA
2023-08-21,44.46165562877054,47.030785847728,44.18985399309083,46.932857513427734,692573000,NVDA
2023-08-22,48.10000155373569,48.15196569860594,45.30004062070193,45.634796142578125,755293000,NVDA
2023-08-23,45.83266139495846,47.165691352034756,45.17513874604211,47.08175277709961,779046000,NVDA
2023-08-24,50.17949363700367,50.229456525679716,47.12471680402284,47.12871170043945,1156044000,NVDA
2023-08-25,46.97782740620056,47.77025023235798,44.99126973402356,45.98455047607422,925341000,NVDA
2023-08-28,46.44820509438741,46.945844136189635,44.85536600768865,46.80094909667969,685192000,NVDA
2023-08-29,46.632071231077255,49.04531628812588,46.35726964870884,48.748531341552734,701397000,NVDA
2023-08-30,49.008334876846455,49.89069219701831,48.38978552002157,49.22817611694336,735206000,NVDA
2023-08-31,49.34410184954682,49.70783563609758,48.922407758819745,49.31911849975586,528570000,NVDA
2023-09-01,49.72582712049024,49.763797697596935,48.107002016363225,48.47373580932617,463830000,NVDA
2023-09-05,48.18794226373671,48.81548788347983,47.82520719547016,48.5127067565918,382653000,NVDA
2023-09-06,48.40977397493204,48.51770224742843,46.54997362392489,47.030662536621094,468670000,NVDA
2023-09-07,45.495655031746296,46.314127328933516,45.122894378455285,46.2111930847168,433330000,NVDA
2023-09-08,45.9123819993529,46.575951562479766,45.24181316746759,45.54261779785156,473069000,NVDA
2023-09-11,46.118252157877485,46.1332418790325,44.283437093528,45.14888000488281,473966000,NVDA
2023-09-12,44.709153407474325,45.643551923371255,44.502286142152805,44.841068267822266,349256000,NVDA
2023-09-13,44.571249185878756,45.900393693899545,44.47431159036819,45.45568084716797,398355000,NVDA
2023-09-14,45.92038211332298,45.95735701328926,45.101909783891045,45.55162048339844,370097000,NVDA
2023-09-15,45.31176938864075,45.56960248299807,43.77975673017383,43.871700286865234,506831000,NVDA
2023-09-18,42.720443095064276,44.213479451862526,41.972924204170205,43.93765640258789,500271000,NVDA
2023-09-19,43.80473745342954,43.937651117962965,42.97427198636258,43.491939544677734,373064000,NVDA
2023-09-20,43.57189573593531,43.874701837692996,42.19578439055347,42.21177291870117,367108000,NVDA
2023-09-21,41.55619180268766,42.0728567871405,40.953579913724376,40.99055480957031,450736000,NVDA
2023-09-22,41.54519433277662,42.087847304445255,41.20441459488325,41.58317184448242,479236000,NVDA
2023-09-25,41.564184746897794,42.50857517454085,41.15045020013546,42.19477844238281,419091000,NVDA
2023-09-26,41.97392575085955,42.79239807025896,41.62814811031587,41.88398361206055,402282000,NVDA
2023-09-27,42.302716514168864,42.8443669656933,41.6021681553093,42.44062423706055,444935000,NVDA
2023-09-28,42.432618445848725,43.41798267758721,42.08784351392444,43.061214447021484,424663000,NVDA
2023-09-29,43.79874253504086,44.11553949357653,43.27907734367155,43.47095489501953,397830000,NVDA
2023-10-02,44.00161019361143,45.14587240598545,43.83272043820974,44.75312805175781,433298000,NVDA
2023-10-03,44.77910527291115,45.100900048116756,43.21811221740107,43.48893737792969,470850000,NVDA
2023-10-04,43.71380433905175,44.11454682903524,43.26409364811851,44.012611389160156,361821000,NVDA
2023-10-05,44.021601937102886,44.87105626291606,43.859707622537925,44.6591911315918,393483000,NVDA
2023-10-06,44.16450946291641,45.759481188953075,43.99761731119279,45.73249816894531,434436000,NVDA
2023-10-09,44.813086880403254,45.57559541910592,44.33939347095082,45.24380874633789,409675000,NVDA
2023-10-10,45.280790227106074,46.22917591041197,45.05893322747722,45.76847457885742,368582000,NVDA
2023-10-11,46.16622190201643,46.82879655508957,46.02031610290556,46.77582931518555,378137000,NVDA
2023-10-12,46.746835327489414,47.57829952732344,46.30012498743077,46.91472625732422,481325000,NVDA
2023-10-13,46.92972437247631,47.0856258439627,45.25080714920821,45.43169021606445,474115000,NVDA
2023-10-16,45.03394854361238,46.19519817588755,44.8830449142491,46.065284729003906,375099000,NVDA
2023-10-17,43.971639725117456,44.72515534952336,42.452618986235684,43.9096794128418,812333000,NVDA
2023-10-18,42.56354235108208,43.19113966201485,41.79803732924531,42.16879653930664,627294000,NVDA
2023-10-19,42.783401532452814,43.26908828015481,41.85499958396407,42.07386016845703,501233000,NVDA
2023-10-20,41.86299514075664,42.44262307555848,41.05151831937694,41.360321044921875,477266000,NVDA
2023-10-23,41.202419597162184,43.22011894655413,40.91860229657802,42.94729232788086,478530000,NVDA
2023-10-24,43.04922503107713,43.668824208033044,42.663476137534204,43.63484573364258,401463000,NVDA
2023-10-25,43.37002340053755,43.62186366950043,41.52821293771827,41.75206756591797,398379000,NVDA
2023-10-26,41.82601906009142,42.22875913409801,39.85429143072344,40.30000305175781,541001000,NVDA
2023-10-27,41.10348715819275,41.17943837928563,39.98920425077625,40.47389221191406,416784000,NVDA
2023-10-30,41.06051827775502,41.73907765520457,40.454906082459445,41.13446807861328,388028000,NVDA
2023-10-31,40.423930186991555,40.85265454459505,39.20471527367733,40.75371551513672,517969000,NVDA
2023-11-01,40.857648711306,42.353685526231295,40.84265898891911,42.29772186279297,437593000,NVDA
2023-11-02,43.300064408208144,43.855705696322225,42.86634611035468,43.47795104980469,409172000,NVDA
2023-11-03,43.99162089726106,45.27978753454021,43.694811487819166,44.97598648071289,424610000,NVDA
2023-11-06,45.25580880956027,45.905391339762694,44.870056042056,45.72150802612305,400733000,NVDA
2023-11-07,45.68952896873558,46.18820402459903,45.128889794516326,45.925376892089844,343165000,NVDA
2023-11-08,46.07027857367067,46.83678620591324,45.93836370236791,46.543975830078125,346719000,NVDA
2023-11-09,47.43639225510904,48.198900759423964,46.719855523319985,46.91972732543945,540496000,NVDA
2023-11-10,47.46937982263058,48.440753359097926,47.25252065392858,48.30384063720703,421245000,NVDA
2023-11-13,48.28884773723465,49.08433598855006,48.06798954522677,48.588653564453125,384136000,NVDA
2023-11-14,49.64797570826254,49.80187576621573,49.00838887341186,49.62398910522461,416954000,NVDA
2023-11-15,49.90281326221653,49.927794859868946,48.168931033577685,48.85648727416992,475497000,NVDA
2023-11-16,48.64761873945954,49.49307401570829,48.29884470682521,49.44810104370117,339756000,NVDA
2023-11-17,49.49207615888525,49.68495254819164,48.975411113822275,49.2662239074707,325205000,NVDA
2023-11-20,49.28021380853264,50.515417145162935,49.14929773253739,50.37650680541992,414120000,NVDA
2023-11-21,50.09367842406972,50.484425150048665,49.19026199029503,49.91179656982422,565747000,NVDA
2023-11-22,49.819862426084605,50.302548939584284,47.659253670052365,48.684593200683594,899420000,NVDA
2023-11-24,48.43875395222816,48.88946341849403,47.71421905232239,47.745201110839844,294645000,NVDA
2023-11-27,47.769182964937485,48.49871188238506,47.62127956875629,48.210899353027344,395662000,NVDA
2023-11-28,48.20490212503735,48.291847835176796,47.442393546125054,47.79016876220703,401491000,NVDA
2023-11-29,48.34781498680007,48.730567513457544,47.82914854414182,48.10896682739258,382005000,NVDA
2023-11-30,47.99303847449865,48.078985380939635,46.39207386383031,46.73984909057617,526247000,NVDA
2023-12-01,46.495004895434896,47.16956893202257,46.15722156787437,46.73484802246094,369317000,NVDA
2023-12-04,46.047299162275486,46.047299162275486,44.98098559161784,45.48066329956055,437543000,NVDA
2023-12-05,45.44068732474864,46.574054864592355,45.245796192072625,46.540077209472656,371718000,NVDA
2023-12-06,47.188713605709914,47.36061873070036,45.38671600748787,45.477664947509766,380590000,NVDA
2023-12-07,45.67455588233509,46.6030394870367,45.578608662273986,46.5700569152832,350823000,NVDA
2023-12-08,46.56905734985708,47.71441917110969,46.52408042310089,47.479549407958984,359224000,NVDA
2023-12-11,47.46456109151934,47.50453592444969,45.8044865345936,46.60103988647461,509728000,NVDA
2023-12-12,46.02035970624614,47.63945650611494,46.02035970624614,47.630462646484375,372387000,NVDA
2023-12-13,47.60248560623417,48.56694852407048,47.58149738885303,48.06122970581055,447792000,NVDA
2023-12-14,48.36305679932983,48.64289968086901,47.395597257027774,48.32307815551758,391232000,NVDA
2023-12-15,48.16716609290554,49.37649145661912,48.09320598416868,48.86277770996094,479948000,NVDA
2023-12-18,49.372493076088325,50.404914981750885,49.12263228888661,50.04911422729492,412587000,NVDA
2023-12-19,49.396473996646186,49.67232125952952,48.86776928450163,49.57637405395508,464444000,NVDA
2023-12-20,49.62734838444094,49.97115859701397,48.07121619318162,48.08420944213867,397894000,NVDA
2023-12-21,48.783821596134075,49.06766385409553,48.39203776733346,48.96272277832031,300425000,NVDA
2023-12-22,49.16761296876515,49.35550803515768,48.44001760392499,48.802818298339844,252507000,NVDA
2023-12-26,48.9407287654443,49.572376781102484,48.93273380006729,49.251556396484375,244200000,NVDA
2023-12-27,49.483437657255976,49.65234228998856,49.05767232034617,49.389488220214844,233648000,NVDA
2023-12-28,49.615361553511725,49.85622468658464,49.38448736257904,49.49442672729492,246587000,NVDA
2023-12-29,49.78526507165566,49.96916454651592,48.72385609264306,49.49442672729492,389293000,NVDA
2024-01-02,49.21657920112469,49.267549491534815,47.56849914375037,48.141178131103516,411254000,NVDA
2024-01-03,47.45855812854748,48.15716638258974,47.29364909537562,47.542510986328125,320896000,NVDA
2024-01-04,47.740404942993884,48.47299856752152,47.481550264732384,47.97127914428711,306535000,NVDA
2024-01-05,48.43501546755193,49.5194103643003,48.27910029347317,49.06966018676758,415039000,NVDA
2024-01-08,49.48442892614956,52.2458907620678,49.4514463575837,52.223899841308594,642510000,NVDA
2024-01-09,52.37182563719699,54.29475419696261,51.66121915258384,53.11041259765625,773100000,NVDA
2024-01-10,53.58614406112618,54.56959344886312,53.459212068887695,54.319732666015625,533796000,NVDA
2024-01-11,54.9683767860804,55.315183696465496,53.530178853161665,54.791473388671875,596759000,NVDA
2024-01-12,54.58958487431233,54.93939227133335,54.29974925258684,54.679534912109375,352994000,NVDA
2024-01-16,54.98736610755934,56.80335188433168,54.86943178251625,56.35060501098633,449580000,NVDA
2024-01-17,56.31562456246964,56.439556064869315,54.709520939803106,56.02178955078125,474394000,NVDA
2024-01-18,57.22811763397988,57.567928484455464,56.0757597125632,57.07520294189453,491650000,NVDA
2024-01-19,57.956711672124605,59.46687197330924,57.19313710812396,59.45787811279297,543501000,NVDA
2024-01-22,60.01556912613644,60.29741362477489,59.03711406646688,59.62078857421875,452955000,NVDA
2024-01-23,59.536835558716284,59.876646424559254,58.552383323292965,59.83966827392578,294654000,NVDA
2024-01-24,60.27042548611156,62.814006680232,59.90462813486255,61.32783508300781,560271000,NVDA
2024-01-25,62.3152848013764,62.68408265284871,60.81611993386063,61.58269500732422,482777000,NVDA
2024-01-26,60.92606110295733,61.74860477846685,60.53927933125107,60.99702072143555,390309000,NVDA
2024-01-29,61.197898867345,62.45419882429467,60.87308290712382,62.430213928222656,348733000,NVDA
2024-01-30,62.86497729318725,63.457645602005435,62.225330458008614,62.739044189453125,410735000,NVDA
2024-01-31,61.40579108468123,62.23433190687522,60.666205224632265,61.49274444580078,453795000,NVDA
2024-02-01,62.06542319875055,63.15581918121957,61.6156767942891,62.99190902709961,369146000,NVDA
2024-02-02,63.93837399186544,66.56291110918288,63.654531745686434,66.12316131591797,476578000,NVDA
2024-02-05,68.18701012748092,69.45830503749701,67.16758142852466,69.29339599609375,680078000,NVDA
2024-02-06,69.59122707783612,69.71515858330277,66.26308702618283,68.18501281738281,683111000,NVDA
2024-02-07,68.28095938687078,70.18090186277372,67.56235796585537,70.05996704101562,495575000,NVDA
2024-02-08,70.0349761659854,70.75457644757603,69.41632519274872,69.60221862792969,414422000,NVDA
2024-02-09,70.49373428612587,72.14481511205457,70.17291382776136,72.09284973144531,436637000,NVDA
2024-02-12,72.55957267433736,74.56945447682682,71.21032591879988,72.20777130126953,613710000,NVDA
2024-02-13,70.36080999462226,73.40910749101484,69.58124543898839,72.08784484863281,602580000,NVDA
2024-02-14,73.16125433620005,74.19467532641171,71.89795802434332,73.8588638305664,504917000,NVDA
2024-02-15,73.82786252680346,73.93379867183279,72.35967890593884,72.6175308227539,420122000,NVDA
2024-02-16,74.05873462198204,74.36056840015162,72.46062602851259,72.57256317138672,495327000,NVDA
2024-02-20,71.90692798783778,71.91592565937303,67.696276964279,69.41332244873047,704833000,NVDA
2024-02-21,67.9681399359681,68.84965273678795,66.21112295055113,67.43444061279297,673755000,NVDA
2024-02-22,74.98323324060954,78.53125229218321,74.17868109913526,78.49427795410156,865100000,NVDA
2024-02-23,80.7450180977802,82.34812129044985,77.52680973171769,78.77311706542969,829388000,NVDA
2024-02-26,79.65562156391138,80.60110162092384,78.46128722131758,79.04796600341797,503973000,NVDA
2024-02-27,79.3367948159067,79.43574633865495,77.11903628247967,78.65717315673828,391705000,NVDA
2024-02-28,77.57678328073024,78.88904810428491,77.08205615581203,77.61975860595703,393110000,NVDA
2024-02-29,79.04996729538055,79.94546455588929,78.30637821286784,79.06795501708984,507289000,NVDA
2024-03-01,79.95544705800646,82.2541692109824,79.39075927311268,82.2331771850586,479135000,NVDA
2024-03-04,84.08315120139147,87.64616854479111,83.67238457234258,85.18953704833984,615616000,NVDA
2024-03-05,85.22651962468665,86.05310143549691,83.37446759481172,85.920166015625,520639000,NVDA
2024-03-06,87.97712182383515,89.67824984643924,86.9856232402923,88.65476989746094,582520000,NVDA
2024-03-07,90.11202114454544,92.71969184649807,89.55630492024456,92.62174224853516,608119000,NVDA
2024-03-08,95.08949635927887,97.35034416273697,86.46189342253078,87.4833755493164,1142269000,NVDA
2024-03-11,86.38491984001777,88.75170831683343,84.12307354021831,85.73025512695312,678364000,NVDA
2024-03-12,88.00411383105026,91.91311538288066,86.10607991861596,91.86614227294922,668075000,NVDA
2024-03-13,91.00856657140831,91.45733510152752,88.38989990202793,90.8416519165039,635713000,NVDA
2024-03-14,89.53131740403234,90.59977243652932,86.55583073162953,87.8991470336914,602318000,NVDA
2024-03-15,86.8856706502334,89.50033394584524,86.2130173215006,87.79220581054688,642086000,NVDA
2024-03-18,90.3419098330075,92.35787961611925,87.04059269589636,88.40989685058594,668976000,NVDA
2024-03-19,86.65579447616338,90.49783644933297,84.96666127835144,89.35242462158203,672171000,NVDA
2024-03-20,89.75120872764549,90.36390274155225,88.17801382637771,90.32592010498047,479063000,NVDA
2024-03-21,92.25293104894116,92.60075314567852,90.35889320815413,91.38836669921875,480372000,NVDA
2024-03-22,91.09451627074266,94.72966241146648,90.78767363601877,94.24091339111328,586719000,NVDA
2024-03-25,93.89309629655145,96.71665262612369,93.46231633076846,94.95355224609375,552136000,NVDA
2024-03-26,95.8021170685874,96.32585191995982,92.45482592449682,92.5137939453125,513648000,NVDA
2024-03-27,93.06451960589087,93.19245268869888,89.07755527294492,90.2039794921875,586067000,NVDA
2024-03-28,89.95410761772509,91.25344777796057,89.14751991247192,90.30992889404297,435212000,NVDA
2024-04-01,90.25295469319977,92.17796738530402,89.15851187965868,90.3169174194336,452441000,NVDA
2024-04-02,88.4028863469108,90.04805054821496,87.57531335437362,89.40637969970703,433064000,NVDA
2024-04-03,88.43888912667452,90.32792493292138,88.35493231864154,88.91864013671875,370067000,NVDA
2024-04-04,90.35988689456467,90.58777505707383,85.83619439258581,85.8611831665039,434965000,NVDA
2024-04-05,86.82169600485652,88.43587785170828,85.88218058642197,87.96311950683594,399678000,NVDA
2024-04-08,88.65475649731144,88.7846950725735,86.68776556126254,87.08856201171875,283220000,NVDA
2024-04-09,87.39739525078261,87.59029759028141,82.97965182031417,85.31045532226562,501700000,NVDA
2024-04-10,83.88320224037439,87.35542960706438,83.66631003801581,86.99461364746094,431929000,NVDA
2024-04-11,87.37543150360503,90.6927397233091,86.88168767581091,90.5698013305664,431637000,NVDA
2024-04-12,89.65326609988566,90.1290289713359,87.4853732060557,88.14103698730469,426805000,NVDA
2024-04-15,89.05256658600005,90.56679344486741,85.88518380835967,85.95714569091797,443077000,NVDA
2024-04-16,86.38892089132743,88.0730591608871,86.02011339953525,87.37042236328125,370453000,NVDA
2024-04-17,88.29494666403578,88.72973001771733,83.90718598900048,83.99214935302734,495400000,NVDA
2024-04-18,84.92666635523963,86.14604537295341,82.35997524716916,84.62781524658203,447260000,NVDA
2024-04-19,83.10760934336838,84.28100677926233,75.56745676539116,76.16114807128906,875198000,NVDA
2024-04-22,78.06418210293918,80.03218015762211,76.36105597772573,79.47746276855469,596341000,NVDA
2024-04-23,80.72781776562408,82.72679808163171,80.22307798101387,82.38097381591797,438559000,NVDA
2024-04-24,83.90719166390734,84.03912814064545,79.14262401880819,79.6363754272461,512208000,NVDA
2024-04-25,78.82778575977734,83.28051623028156,78.18311796504497,82.58987426757812,424641000,NVDA
2024-04-26,83.77525942235107,88.28595859317252,83.34447944649524,87.69026184082031,551011000,NVDA
2024-04-29,87.55033742522801,87.94713054569272,85.22252257935692,87.7122573852539,388971000,NVDA
2024-04-30,87.19551848613133,88.77371581096726,86.25600293117195,86.35794830322266,363709000,NVDA
2024-05-01,85.03362216828636,85.95614804742588,81.2135648082323,82.9986572265625,559863000,NVDA
2024-05-02,84.40593290133356,86.19302312746696,83.15756927733226,85.77323913574219,377898000,NVDA
2024-05-03,87.7442309865165,89.23546686580507,86.99561241116382,88.74372100830078,398341000,NVDA
2024-05-06,89.34441239026923,92.17297098055205,89.00958414820802,92.09300994873047,376203000,NVDA
2024-05-07,91.05153374398775,91.73418402804691,88.96560026111723,90.5078125,437342000,NVDA
2024-05-08,89.43736345879935,91.14748934800362,89.37439205191707,90.36589050292969,325721000,NVDA
2024-05-09,90.48284079234612,91.02556319779642,88.18601596391863,88.70175170898438,378013000,NVDA
2024-05-10,90.25894513362616,91.35438684926548,89.18149198091324,89.83216094970703,335325000,NVDA
2024-05-13,90.43186737899792,90.95160653164567,88.48386356145281,90.35291290283203,289680000,NVDA
2024-05-14,89.55331737042562,91.60427311943869,88.8886555026712,91.3094253540039,296507000,NVDA
2024-05-15,92.42484465754981,94.81362528334245,91.55228873986127,94.58174133300781,417735000,NVDA
2024-05-16,94.8616117597436,95.77014487035822,94.05501639356171,94.3108901977539,323952000,NVDA
2024-05-17,94.3208822477914,94.69168763651655,91.75918564554273,92.43183898925781,359691000,NVDA
2024-05-20,93.70220057081201,95.15145822277206,93.39236106775267,94.73167419433594,318764000,NVDA
2024-05-21,93.55126534071833,95.35134936664903,93.1324803037148,95.33735656738281,328946000,NVDA
2024-05-22,95.41033161983772,95.97104261511556,93.20145926272119,94.9015884399414,548648000,NVDA
2024-05-23,101.97597776870575,106.26578917767765,101.46823355489357,103.74607849121094,835065000,NVDA
2024-05-24,104.39572928386976,106.42069701496759,102.94747076428304,106.41470336914062,429494000,NVDA
2024-05-28,110.1877929460902,114.88039879120554,109.82697694894155,113.84292602539062,652728000,NVDA
2024-05-29,112.99235261607853,115.43310102209165,110.84444643564275,114.76644134521484,557442000,NVDA
2024-05-30,114.59154239421389,115.75994504924772,109.60708571421941,110.44365692138672,484553000,NVDA
2024-05-31,112.46262402548862,112.65952979992652,106.88547499697964,109.57710266113281,613263000,NVDA
2024-06-03,113.56306583418551,114.94136047363281,111.94588702357191,114.94136047363281,438392000,NVDA
2024-06-04,115.65701427286487,116.54055869028879,113.98686086082328,116.37763977050781,403324000,NVDA
2024-06-05,118.31063086603073,122.38654631568058,117.4080915342122,122.37755584716797,528402000,NVDA
2024-06-06,123.98473454180629,125.52295114690725,118.25965887862115,120.93629455566406,664696000,NVDA
2024-06-07,119.70892124903274,121.62994584355768,117.9618191498612,120.82635498046875,412386000,NVDA
2024-06-10,120.30862356189567,123.0372272074531,116.95033628620642,121.72789764404297,313434100,NVDA
2024-06-11,121.71790142895497,122.81743693170633,118.6891989331394,120.8582763671875,222551200,NVDA
2024-06-12,123.00734716397616,126.8257124975509,122.51755894250634,125.14643096923828,299595000,NVDA
2024-06-13,129.3346278393984,129.74445604329242,127.10558642301991,129.55453491210938,260704500,NVDA
2024-06-14,129.90441625095465,132.78317395786428,128.26511837192902,131.82359313964844,309320400,NVDA
2024-06-17,132.9331153831068,133.67278906643185,129.52457044327446,130.92396545410156,288504400,NVDA
2024-06-18,131.08388532556722,136.27166699428068,130.63408092847425,135.52198791503906,294335100,NVDA
2024-06-20,139.74020619139688,140.69978702792184,129.46460449105635,130.72406005859375,517768400,NVDA
2024-06-21,127.0656139833598,130.57411435219748,124.24682083583242,126.5158462524414,649445800,NVDA
2024-06-24,123.18726572238242,124.40674492687346,117.98949375774167,118.05946350097656,476060900,NVDA
2024-06-25,121.14813434618002,126.44586947750777,119.26894156101194,126.03604125976562,414192600,NVDA
2024-06-26,126.07603561970313,128.0651821115694,122.54754706402704,126.3459243774414,362975900,NVDA
2024-06-27,124.04689659574252,126.35591334202208,122.86740120783881,123.93694305419922,252571700,NVDA
2024-06-28,124.52670042256338,127.65535851030685,122.69748155565787,123.48714447021484,315516700,NVDA
2024-07-01,123.41717942454187,124.78658844306486,118.77916507660012,124.246826171875,284885500,NVDA
2024-07-02,121.07817351581278,123.35720445635805,120.97821782460922,122.61751556396484,218374000,NVDA
2024-07-03,121.60795022813568,128.22511291503906,121.30807553564613,128.22511291503906,215749000,NVDA
2024-07-05,127.32549339805952,128.79487325497558,125.62622385121296,125.77616119384766,214176700,NVDA
2024-07-08,127.43543114348468,130.71403368367476,126.98562679747023,128.14512634277344,237677300,NVDA
2024-07-09,130.29424856790877,133.76276548705792,128.59496354527897,131.3238067626953,285366600,NVDA
2024-07-10,133.9726664675838,135.04221608834806,132.36335454676214,134.852294921875,248978600,NVDA
2024-07-11,135.69193143030844,136.09175422496259,126.99565600235432,127.34550476074219,374782700,NVDA
2024-07-12,128.20514625821357,131.86358478076724,127.16559770787343,129.1847381591797,252680500,NVDA
2024-07-15,130.50415923151834,131.33380608467334,127.12560754638835,128.38507080078125,208326200,NVDA
2024-07-16,128.3850428883488,128.98477699663783,124.52669397454281,126.3059310913086,214769500,NVDA
2024-07-17,121.29807714631912,121.79786321418705,116.670060903269,117.93951416015625,390086200,NVDA
2024-07-18,121.79786207097416,122.34762979092075,116.51012460742739,121.0381851196289,320979500,NVDA
2024-07-19,120.29851774276338,121.54798304467437,117.31979673364096,117.87955474853516,217223800,NVDA
2024-07-22,120.2985068676328,124.01691649015211,119.80871864887781,123.48714447021484,258068900,NVDA
2024-07-23,122.72747303753543,124.63665959294896,122.04776363902835,122.53755187988281,173911000,NVDA
2024-07-24,119.11901958919532,119.8986847003661,113.39147504105252,114.20112609863281,327776900,NVDA
2024-07-25,112.99163342891377,116.580093681362,106.25451947131738,112.2319564819336,460067000,NVDA
2024-07-26,116.14028513217615,116.1502753623964,111.53225712550028,113.0116195678711,293399100,NVDA
2024-07-29,113.64136695751597,116.23025532001331,111.25238998649994,111.5422592163086,248152100,NVDA
2024-07-30,111.47228355856528,111.94208369239041,102.49612986212257,103.68562316894531,486833300,NVDA
2024-07-31,112.85168535455355,118.28935209111981,110.83254555393661,116.96991729736328,473174200,NVDA
2024-08-01,117.47971689042026,120.10859659996095,106.76430191931924,109.16327667236328,523462300,NVDA
2024-08-02,103.7155981672913,108.6734746260821,101.32662157502604,107.22409057617188,482027500,NVDA
2024-08-05,92.020610744235,103.36576087778293,90.65120176374947,100.40702056884766,552842400,NVDA
2024-08-06,103.79557030996848,107.66391734722711,100.50698458680512,104.20539855957031,409012100,NVDA
2024-08-07,107.76386930019544,108.75345120343057,98.64777632103673,98.86768341064453,411440400,NVDA
2024-08-08,101.95635654950479,105.45485898012505,97.47827008281362,104.92508697509766,391910000,NVDA
2024-08-09,105.59480355882924,106.55439192807604,103.38574997554278,104.70518493652344,290844200,NVDA
2024-08-12,106.27452369861088,111.02249199260416,106.21455180262768,108.9733657836914,325559900,NVDA
2024-08-13,112.3918952304853,116.18027460234957,111.53226256952769,116.0903091430664,312646700,NVDA
2024-08-14,118.47929970941885,118.54926946313572,114.02120830914065,118.02949523925781,339246400,NVDA
2024-08-15,118.7091971963176,123.18727640390337,117.41974813678404,122.80744171142578,318086700,NVDA
2024-08-16,121.88783295977665,124.94652136236562,121.12815597457694,124.52670288085938,302589900,NVDA
2024-08-19,124.22684228567836,129.94439697265625,123.36720951099952,129.94439697265625,318333600,NVDA
2024-08-20,128.3450585172195,129.82443628728038,125.83613790062299,127.195556640625,300087400,NVDA
2024-08-21,127.26552712895132,129.29466502006431,126.60581346882094,128.4450225830078,257883600,NVDA
2024-08-22,129.96437709388331,130.69406050330699,123.04733191995243,123.68705749511719,376189100,NVDA
2024-08-23,125.80614369005178,129.54454879248973,125.16641816339359,129.31463623046875,323230300,NVDA
2024-08-26,129.51456899800732,131.2038330961495,124.31678931451107,126.40589141845703,331964700,NVDA
2024-08-27,124.99650751528328,129.14472607274774,123.8270022374259,128.2451171875,303134600,NVDA
2024-08-28,128.06518755846798,128.27510443502842,122.58753608006307,125.55626678466797,448101100,NVDA
2024-08-29,121.30807947152184,124.37676573622443,116.66006734390899,117.53968811035156,453023300,NVDA
2024-08-30,119.47885915972935,121.69791057687668,117.169849908653,119.31893157958984,333751600,NVDA
2024-09-03,115.96036355880885,116.1602749319815,107.24409346859224,107.95378875732422,477155100,NVDA
2024-09-04,105.36490525672457,113.22153543398687,104.07545625261184,106.16455841064453,372470300,NVDA
2024-09-05,104.94508720389065,109.60309749669094,104.71518985962717,107.16413879394531,306850700,NVDA
2024-09-06,107.9937729521253,108.10372649561138,100.90680264312543,102.78600311279297,413638100,NVDA
2024-09-09,104.83512245061276,106.50441370678206,103.64563679939363,106.42444610595703,273912000,NVDA
2024-09-10,107.76386463370491,109.35318822314704,104.90508784485718,108.05374145507812,268283700,NVDA
2024-09-11,109.34319126914343,117.13985668962943,107.37403301447969,116.85997772216797,441422400,NVDA
2024-09-12,116.80000446674823,120.74865704096976,115.34050510922769,119.0992202758789,366052700,NVDA
2024-09-13,119.0392295640139,119.91892551173434,117.55973295121166,119.05921936035156,238358300,NVDA
2024-09-16,116.75001183404176,118.13953528569532,114.32084356482326,116.7400131225586,248772300,NVDA
2024-09-17,118.12954900355818,118.75933823796504,114.79069593440207,115.55043029785156,231925900,NVDA
2024-09-18,115.850318172966,117.659695980885,113.18123422247302,113.33118438720703,310318900,NVDA
2024-09-19,117.30982462581498,119.6190390017094,117.20986038538442,117.82965087890625,293506400,NVDA
2024-09-20,117.0199313836397,118.57940262799143,115.35050480567513,115.96029663085938,382462400,NVDA
2024-09-23,116.51010886475667,116.94995306986277,114.82068489843978,116.22020721435547,206228500,NVDA
2024-09-24,116.4801041033547,121.75830281490052,115.34049501127092,120.82862091064453,354966800,NVDA
2024-09-25,121.9782246233193,124.8972307941946,121.56836894761845,123.46772003173828,284692900,NVDA
2024-09-26,126.75659295249227,127.62629022604027,121.75830470715397,123.9975357055664,302582900,NVDA
2024-09-27,123.9275641535197,123.9875411739155,119.21917738287792,121.35844421386719,271009200,NVDA
2024-09-30,118.26949648274505,121.45840689022769,118.10955522149155,121.39842987060547,226553700,NVDA
2024-10-01,121.72830139861978,122.39807778038482,115.75035328043049,116.9599380493164,302094500,NVDA
2024-10-02,116.40014740227824,119.33913591399957,115.1005893150636,118.80931854248047,221845900,NVDA
2024-10-03,120.87860561160097,124.31743049345978,120.2988023230489,122.80794525146484,277118000,NVDA
2024-10-04,124.89723283717322,124.99719707970252,121.78829684578011,124.87723541259766,243678100,NVDA
2024-10-07,124.94720840149982,130.59527568838965,124.90722118000957,127.67627716064453,346250200,NVDA
2024-10-08,130.2153933149511,133.43429200303964,129.3756845929013,132.84449768066406,285722500,NVDA
2024-10-09,134.06409064908044,134.473953954377,131.33502948270424,132.60458374023438,246191600,NVDA
2024-10-10,131.86483875930813,134.95377710780917,130.9551466749852,134.7638397216797,242311300,NVDA
2024-10-11,133.9641223517835,135.73352074472976,133.61425131031754,134.7538604736328,170209500,NVDA
2024-10-14,136.42329237635488,139.5522259694365,136.25335239175735,138.0227508544922,232347700,NVDA
2024-10-15,137.82280508502743,138.52257769243778,128.6959404665834,131.55496215820312,377831000,NVDA
2024-10-16,133.93414345953184,136.57323935639468,131.53497091822635,135.67355346679688,264879700,NVDA
2024-10-17,139.29229632563835,140.8417687676179,136.82314065604464,136.88311767578125,306435900,NVDA
2024-10-18,138.62252759913224,138.85244459278235,137.23300404466042,137.9527587890625,176090200,NVDA
2024-10-21,138.0827206747143,143.6608123779297,137.95276029474488,143.6608123779297,264554500,NVDA
2024-10-22,142.86110303968678,144.3705808600113,141.731484819394,143.54086303710938,226311600,NVDA
2024-10-23,141.9813779606296,142.38123492807873,137.41295033058282,139.51222229003906,285930000,NVDA
2024-10-24,140.7718017861216,141.30161913611144,138.41260905173522,140.3619384765625,172354900,NVDA
2024-10-25,140.8817548130095,144.08067171203157,140.75180968215267,141.49154663085938,205122100,NVDA
2024-10-28,142.95105547012693,143.09100694226274,140.00206821568727,140.47190856933594,173586700,NVDA
2024-10-29,140.2419668294209,142.21129364579818,138.8524432880062,141.20164489746094,157593600,NVDA
2024-10-30,139.49222584841445,140.28196395700422,136.76316465511044,139.29229736328125,179418100,NVDA
2024-10-31,137.55292462080052,137.5629157078968,132.06479759847417,132.71456909179688,270039600,NVDA
2024-11-01,134.65389558133728,137.26300291330367,134.52395044654537,135.35365295410156,207127800,NVDA
2024-11-04,137.16303982117785,138.91244079735898,135.52360180221356,136.00343322753906,187528200,NVDA
2024-11-05,137.40294177771256,140.3219403030432,137.28298774012364,139.8621063232422,160537400,NVDA
2024-11-06,142.9110784725191,146.43986910531262,141.91142072377156,145.56016540527344,242043900,NVDA
2024-11-07,146.33990241230273,148.87902647248674,146.11997647950326,148.8290557861328,207323300,NVDA
2024-11-08,148.71906153874144,149.71871911263233,146.2099112659944,147.57945251464844,175665800,NVDA
2024-11-11,148.6290778599626,148.79903306733925,143.52084240062385,145.2102508544922,182325600,NVDA
2024-11-12,146.7297346202135,149.59874692031187,145.95999403229789,148.2392120361328,198634700,NVDA
2024-11-13,149.01898487542564,149.27889039349282,145.85005645366056,146.21994018554688,191903300,NVDA
2024-11-14,147.58945090415918,148.94898588208457,145.5001701321721,146.70974731445312,194463300,NVDA
2024-11-15,144.8203910682193,145.1902747512061,140.03203789439084,141.93138122558594,250132900,NVDA
2024-11-18,139.45223367342163,141.50153478170088,137.10303223771245,140.1020050048828,221205300,NVDA
2024-11-19,141.27163159656618,147.0796403153284,140.94174272954967,146.9596710205078,227834900,NVDA
2024-11-20,147.35954130772643,147.50948385732136,142.68113546401185,145.84005737304688,309871700,NVDA
2024-11-21,149.29888738883682,152.83766902515802,140.65183891204953,146.6197967529297,400946600,NVDA
2024-11-22,145.88003080645086,147.10962067545384,141.05169787065546,141.90139770507812,236406200,NVDA
2024-11-25,141.9413916908634,142.00136870780395,135.7735059739188,135.9734344482422,344941900,NVDA
2024-11-26,137.6528702588759,139.25232877348597,135.6235662299349,136.87313842773438,190287700,NVDA
2024-11-27,134.96376655836661,137.17301655731904,131.7548742168772,135.2936553955078,226370900,NVDA
2024-11-29,136.7331843976686,139.30231211006736,136.0034385187834,138.2026824951172,141863200,NVDA
2024-12-02,138.78246325473978,140.401903648449,137.77281459318448,138.58253479003906,171682800,NVDA
2024-12-03,138.21267485883047,140.49189330582607,137.90278339727084,140.2119903564453,164414000,NVDA
2024-12-04,141.95140715914127,145.740103497805,140.24198561488052,145.09033203125,231224300,NVDA
2024-12-05,145.07032934736787,146.49993108099994,143.9106428157812,145.0203399658203,172621200,NVDA
2024-12-06,144.56045967909182,145.66014968908138,141.2713509133455,142.4010467529297,188505600,NVDA
2024-12-09,138.93199359328304,139.91172129670065,137.0925004855475,138.77203369140625,189308600,NVDA
2024-12-10,138.97197539548316,141.7812196768295,133.7534018405272,135.03306579589844,210020900,NVDA
2024-12-11,137.32243273699547,140.13166176303284,135.173026862483,139.2718963623047,184905200,NVDA
2024-12-12,137.04252103958567,138.40214979482639,135.76287224107875,137.3024444580078,159211400,NVDA
2024-12-13,138.9020072444441,139.56183041879834,132.50374826625531,134.21328735351562,231514900,NVDA
2024-12-16,134.14327863720246,134.36321966164874,130.3843129319086,131.96388244628906,237951100,NVDA
2024-12-17,129.0546920799943,131.5540083659402,126.82530622422306,130.35433959960938,259410300,NVDA
2024-12-18,133.82339933223892,136.6626191312432,128.2449232385065,128.874755859375,277444500,NVDA
2024-12-19,131.72394769790225,133.99333094415113,129.51456085077075,130.6442413330078,209719200,NVDA
2024-12-20,129.7745000485284,135.24300545668208,128.1849385069714,134.6631622314453,306528600,NVDA
2024-12-23,136.24273302531586,139.75176772445488,135.08304656610844,139.63180541992188,176053500,NVDA
2024-12-24,139.9617148258363,141.86118913948326,138.61207790245493,140.18165588378906,105157000,NVDA
2024-12-26,139.66180603983884,140.8115008078877,137.69234337416663,139.89173889160156,116205600,NVDA
2024-12-27,138.5121216661011,138.9819943823141,134.67317523350815,136.9725341796875,170582600,NVDA
2024-12-30,134.79311660884966,140.2316308377207,133.98334063995796,137.452392578125,167734700,NVDA
2024-12-31,137.99226367763055,138.0322612848829,133.79341493856927,134.25328063964844,155659200,NVDA
2025-01-02,135.96280522543205,138.84202245285945,134.5931847895647,138.2721710205078,198247200,NVDA
2025-01-03,139.9717090810043,144.86037131104774,139.69178686675932,144.4304962158203,229322500,NVDA
2025-01-06,148.54936300568127,152.11839407781596,147.77958455274808,149.38912963867188,265377400,NVDA
2025-01-07,152.98814312185272,153.08812187242287,139.97169998670535,140.10166931152344,351782200,NVDA
2025-01-08,142.5410270870028,143.9106477112154,137.5223950503333,140.0717010498047,227349900,NVDA
2025-01-10,137.41242079266553,139.88174676307978,134.18330808313058,135.8728485107422,207602500,NVDA
2025-01-13,129.95446851982027,133.4535116815908,129.4745887600242,133.19357299804688,204808900,NVDA
2025-01-14,136.0128040706775,136.3427156721725,130.0144445990235,131.72396850585938,195590500,NVDA
2025-01-15,133.61345527658474,136.4126928345012,131.25409986764885,136.2027587890625,185217300,NVDA
2025-01-16,138.60208327625168,138.7120538029648,133.4534978315376,133.53347778320312,209235600,NVDA
2025-01-17,136.65262268416788,138.46212527408701,135.4229633158422,137.67234802246094,201188800,NVDA
2025-01-21,139.12194717769367,141.7912151745994,137.05250594430132,140.79148864746094,197749000,NVDA
2025-01-22,144.62045561465226,147.74958954273308,143.6307207753195,147.02980041503906,237651400,NVDA
2025-01-23,145.01034368405638,147.1897403093082,143.6807055002306,147.17974853515625,155915500,NVDA
2025-01-24,148.32942123311412,148.92926325643236,141.84120577881646,142.58099365234375,234657600,NVDA
2025-01-27,124.76587139934672,128.36487767970476,116.66808057296325,118.38761138916016,818830900,NVDA
2025-01-28,121.77668294561497,128.96471894622445,116.21820602712087,128.95472717285156,579666400,NVDA
2025-01-29,126.46540553655986,126.85529827150769,120.01717249490751,123.66616821289062,467120600,NVDA
2025-01-30,123.06634175444341,124.96582380169083,118.06770880237578,124.61592102050781,392925500,NVDA
2025-01-31,123.74615511454752,127.81504199868698,119.15741376372098,120.03717041015625,388161100,NVDA
2025-02-03,114.71862375628316,118.53757894355685,112.97910166242248,116.62810516357422,371235700,NVDA
2025-02-04,116.92801344303115,121.16685177317855,116.66808241089754,118.6175537109375,256550000,NVDA
2025-02-05,121.72670769553925,124.96581960402936,120.72698113870702,124.79586791992188,262230800,NVDA
2025-02-06,127.38517104864236,128.7348081612174,125.1757760130246,128.6448211669922,251483600,NVDA
2025-02-07,129.18464838201572,130.3343276557766,124.96580169637689,129.80447387695312,228186300,NVDA
2025-02-10,130.05441853152416,134.96307937585763,129.92446445785666,133.53347778320312,216989100,NVDA
2025-02-11,132.54376130884148,134.4432358451655,130.9841901729766,132.76370239257812,178902400,NVDA
2025-02-12,129.98445236307722,132.203846559633,129.04470695043977,131.10414123535156,160278600,NVDA
2025-02-13,131.52401516963508,136.46266649297655,131.13412244698262,135.25299072265625,197430000,NVDA
2025-02-14,136.44266486168982,139.21191146517995,135.46293718873886,138.81202697753906,195479600,NVDA
2025-02-18,141.23137649622348,143.40078131766987,137.89227816645598,139.36187744140625,219176600,NVDA
2025-02-19,139.4718625554808,141.32136300101118,137.18249518803503,139.1919403076172,167536000,NVDA
2025-02-20,139.99172108753137,140.62155375629743,136.75260126124348,140.0717010498047,143903600,NVDA
2025-02-21,140.0017008694862,141.42132600995674,133.99334973043614,134.3932342529297,228217600,NVDA
2025-02-24,136.52266681200447,138.55211066034528,130.04444248958205,130.244384765625,251381100,NVDA
2025-02-25,129.94445760453814,130.16439867421266,124.40597902043103,126.59537506103516,271428700,NVDA
2025-02-26,129.95446947322534,133.69343728770713,128.4548795357506,131.24411010742188,322553800,NVDA
2025-02-27,134.96308744670299,134.9730792207777,119.97718824289691,120.11714935302734,443175800,NVDA
2025-02-28,117.98772650698133,125.05579305607802,116.36817434407594,124.8858413696289,389091100,NVDA
2025-03-03,123.47622912906817,123.66617198823369,112.2492965435478,114.02880859375,411381400,NVDA
2025-03-04,110.61975353757568,119.27738221868555,110.07990024013375,115.95829010009766,398163300,NVDA
2025-03-05,117.54785129486386,118.24765683915241,114.47869104666965,117.26792907714844,284337900,NVDA
2025-03-06,113.49895407905146,115.31845609620828,110.18986163701831,110.53976440429688,321181900,NVDA
2025-03-07,111.21958617661252,113.44897988924723,107.53059251797079,112.65919494628906,341755500,NVDA
2025-03-10,109.8699441866197,111.81940781621753,105.43115607331026,106.95074462890625,366487400,NVDA
2025-03-11,106.960734969355,112.20929903890595,104.74134094243277,108.73025512695312,354865700,NVDA
2025-03-12,114.09929300935045,116.7388133095112,112.85951254411586,115.718994140625,323857500,NVDA
2025-03-13,117.00876245655117,117.73863334670654,113.76935252443205,115.55902862548828,299033100,NVDA
2025-03-14,118.58847644066721,121.85787967708788,118.12856083227834,121.64791870117188,277593500,NVDA
2025-03-17,122.71772499646224,122.86769930249316,118.00858060635532,119.50830841064453,255501500,NVDA
2025-03-18,117.97859103200136,118.99840261510599,114.51921970184797,115.4090576171875,299686900,NVDA
2025-03-19,117.24871784817985,120.42814113812437,115.65901001721268,117.49867248535156,273426200,NVDA
2025-03-20,116.5288475567653,120.17817892707569,116.44886024718888,118.50848388671875,248829700,NVDA
2025-03-21,116.91877807414131,117.96858292451893,115.39904967929496,117.67863464355469,266498500,NVDA
2025-03-24,119.85824123014483,122.19782052957932,119.31833831489072,121.38796997070312,228452500,NVDA
2025-03-25,120.52812446850508,121.26798803028822,118.89841541478116,120.66809844970703,167447200,NVDA
2025-03-26,118.70845626054094,118.81842927999459,112.68954449720724,113.7393569946289,293463300,NVDA
2025-03-27,111.32979509417153,114.42923110356094,110.63992547504299,111.40978240966797,236902100,NVDA
2025-03-28,111.46977019973694,112.84952470784617,109.05021109179135,109.65010070800781,229872500,NVDA
2025-03-31,105.11091847763528,110.93986229194257,103.63119133667838,108.3603286743164,299212700,NVDA
2025-04-01,108.50030342775528,110.17999886185885,106.45068001979016,110.13001251220703,222614000,NVDA
2025-04-02,107.2705266243207,111.95967777974947,106.77061737970816,110.39995574951172,220601200,NVDA
2025-04-03,103.49122110695384,105.61083156865355,101.58156399912866,101.78153228759766,338769400,NVDA
2025-04-04,98.89205625014841,100.11182847125419,92.09328707213024,94.29288482666016,532273800,NVDA
2025-04-07,87.444123819458,101.73153089146867,86.60427995314998,97.62227630615234,611041300,NVDA
2025-04-08,103.79115551332612,105.83078615825814,94.44285411172834,96.28252410888672,476243400,NVDA
2025-04-09,98.87205653888144,115.07911444025873,97.51230269046886,114.30925750732422,612918300,NVDA
2025-04-10,109.35015243101728,110.83987986480561,99.13200610877084,107.55047607421875,437812400,NVDA
2025-04-11,108.4803070767672,111.52975654810143,107.46049556472005,110.90986633300781,313417300,NVDA
2025-04-14,114.08928762467488,114.26925525660798,109.05020155855789,110.68990325927734,264705000,NVDA
2025-04-15,110.94986159507806,113.59938217981927,110.4799456735416,112.17963409423828,228966900,NVDA
2025-04-16,104.53103311878802,106.77062454919468,100.4317709352981,104.47103881835938,397016900,NVDA
2025-04-17,104.43103458781992,104.45103522860795,100.0318394876262,101.47157287597656,292517500,NVDA
2025-04-21,98.75207336541831,99.42195758129023,95.02275450080649,96.89241790771484,288501100,NVDA
2025-04-22,98.76206678289148,99.7918785816798,97.26233908492571,98.8720474243164,241004800,NVDA
2025-04-23,104.5010295750129,104.78098517141211,102.00148324580945,102.69136047363281,247526000,NVDA
2025-04-24,103.46121375263034,106.52065568558213,103.09127819009328,106.41067504882812,220815000,NVDA
2025-04-25,106.83061166162848,111.89969145813895,105.71081975581805,110.98986053466797,251064700,NVDA
2025-04-28,109.67009093365705,110.3499678015911,106.00075133412535,108.71026611328125,207708500,NVDA
2025-04-29,107.65045258784288,110.17999209067304,107.42049861195443,109.00020599365234,170444300,NVDA
2025-04-30,104.45104108413872,108.90023040771484,104.06111247501677,108.90023040771484,235044600,NVDA
2025-05-01,113.05947899879722,114.9191420385801,111.27980327057723,111.5897445678711,236121500,NVDA
2025-05-02,114.15928352450368,115.37906338859757,113.34943293159324,114.4792251586914,190194800,NVDA
2025-05-05,112.889508442552,114.64918347836972,112.63955382209963,113.7993392944336,133163200,NVDA
2025-05-06,111.45977773347964,114.71918078517231,110.79989381468877,113.51940155029297,158525600,NVDA
2025-05-07,113.02949042053457,117.65864757290291,112.25962586336117,117.03875732421875,206758800,NVDA
2025-05-08,118.22854670795566,118.658469001105,115.82898059800607,117.34870910644531,198428100,NVDA
2025-05-09,117.32869985728382,118.20854502226882,115.18908887008638,116.62882995605469,132972200,NVDA
2025-05-12,121.94786454961688,122.97767639160156,120.25816883140327,122.97767639160156,225023300,NVDA
2025-05-13,124.95732666651305,131.19619232916256,124.44741706637032,129.9064178466797,330430100,NVDA
2025-05-14,133.17581874633882,135.4154176381041,131.65609038206884,135.3154296875,281180800,NVDA
2025-05-15,134.2656162138544,136.2752611112406,132.6359224746836,134.80552673339844,226632600,NVDA
2025-05-16,136.19528579014883,136.32526708518697,133.43579205010155,135.37542724609375,226542500,NVDA
2025-05-19,132.36596428610483,135.84532822832756,132.36596428610483,135.54539489746094,193154600,NVDA
2025-05-20,134.26562607401144,134.55558199625042,132.59593092987555,134.35562133789062,161514200,NVDA
2025-05-21,133.0358430493297,137.3750515435132,130.56629021032253,131.7760772705078,270608700,NVDA
2025-05-22,132.20599574301846,134.22563338103308,131.52612648714359,132.80589294433594,187344000,NVDA
2025-05-23,129.97641506418768,132.65592152877483,129.13657112060253,131.26617431640625,198821300,NVDA
2025-05-27,134.1256417936587,135.63537744884945,133.2857979393918,135.47540283203125,192953600,NVDA
2025-05-28,136.00531758419635,137.22509744866613,134.76553707682788,134.78553771972656,304021100,NVDA
2025-05-29,142.22419152756274,143.46397204605128,137.88498259688382,139.1647491455078,369241900,NVDA
2025-05-30,138.6948289010735,139.59465948344436,132.8958783257386,135.10548400878906,333170900,NVDA
2025-06-02,135.46541564458173,138.09492795630163,135.37542038395227,137.35507202148438,197663100,NVDA
2025-06-03,138.75480693174418,141.97422364617418,137.9249557656252,141.19436645507812,225578800,NVDA
2025-06-04,142.1641966028205,142.36415725393297,139.5146683935161,141.8942413330078,167120800,NVDA
2025-06-05,142.14419665233672,143.97386636815438,138.80480646885346,139.964599609375,231397900,NVDA
2025-06-06,142.4841247816278,143.24399658328852,141.4843063108272,141.69427490234375,153986200,NVDA
2025-06-09,143.16402192873528,144.97369107987248,141.91424872977086,142.6041259765625,185114500,NVDA
2025-06-10,142.66410985007164,144.26381035974757,141.50431668274294,143.9338836669922,155881900,NVDA
2025-06-11,144.59379466225064,144.97375695921582,141.85409623212945,142.81399536132812,167694000,NVDA
2025-06-12,141.9540901919345,144.98374938964844,141.83410852298076,144.98374938964844,162365000,NVDA
2025-06-13,142.4640236398758,143.5639064320885,140.83421673860605,141.95408630371094,180820600,NVDA
2025-06-16,143.33393622751285,146.16360555156524,143.18394388862185,144.6737823486328,183133700,NVDA
2025-06-17,144.4738049491523,145.20371882793046,143.7638778428329,144.1038360595703,139108000,NVDA
2025-06-18,143.9938476821936,145.63366319028128,143.10394808189747,145.46368408203125,161494100,NVDA
2025-06-20,145.43368901636921,146.1836049259659,142.63399990245927,143.83387756347656,242956200,NVDA
2025-06-23,142.48402812138661,144.76377135076248,142.01407957999888,144.15383911132812,154308900,NVDA
2025-06-24,145.54367367470394,147.94341367999496,145.4836828445603,147.88340759277344,187566100,NVDA
2025-06-25,149.25328072295656,154.43269305532343,149.24327207878133,154.29270935058594,269146500,NVDA
2025-06-26,155.9625083392563,156.70243086817015,153.98273459501658,155.00262451171875,198145700,NVDA
2025-06-27,156.02250005395288,158.69221415352254,155.24258871826237,157.73231506347656,263234500,NVDA
2025-06-30,158.38224776867892,158.6422284044636,155.94253394670602,157.97230529785156,194580300,NVDA
2025-07-01,156.27249233706732,157.18239409932116,151.47304203431221,153.2828369140625,213143600,NVDA
2025-07-02,152.962850389823,157.58234297497486,152.95285700312823,157.2323760986328,171224100,NVDA
2025-07-03,158.35225101493015,160.96195919540767,157.7523273944205,159.3221435546875,143716100,NVDA
2025-07-07,158.18227071828886,159.29214695363126,157.3223664705724,158.22227478027344,140139000,NVDA
2025-07-08,159.31214783171163,160.20204749093682,158.3722507239072,159.98207092285156,138133000,NVDA
2025-07-09,161.20193770023792,164.40157611225678,161.14194686393122,162.86175537109375,183656400,NVDA
2025-07-10,164.30159583301895,164.48156834124046,161.5918927660757,164.0816192626953,167704100,NVDA
2025-07-11,163.70165728031435,167.87118822352508,163.4516852914618,164.90151977539062,193633300,NVDA
2025-07-14,165.35146259057728,165.4714595173457,162.00184716942397,164.05162048339844,136975800,NVDA
2025-07-15,171.17081299302788,172.38066881478494,169.18103056842588,170.6808624267578,230627400,NVDA
2025-07-16,171.04083672550954,171.73076187811773,168.88107501049606,171.35079956054688,158831500,NVDA
2025-07-17,172.00073538495315,174.1404950617398,170.81086624213197,172.98062133789062,160841100,NVDA
2025-07-18,173.62054394819432,174.23047621121117,171.24080573231237,172.39068603515625,146456400,NVDA
2025-07-21,172.73065099594356,173.36058531454748,170.9808470061149,171.36080932617188,123126100,NVDA
2025-07-22,171.32080634495316,171.37080379639445,164.5615689540832,167.01129150390625,193114300,NVDA
2025-07-23,169.511004310231,171.24080620570157,167.95118153678195,170.7608642578125,154082200,NVDA
2025-07-24,172.42067791171223,173.81052153075,171.28080627636527,173.7205352783203,128984600,NVDA
2025-07-25,173.59054858813744,174.70042482917586,172.9406275198062,173.48056030273438,122316800,NVDA
2025-07-28,174.00050427681666,176.98016607778243,173.9505068282037,176.73019409179688,140023500,NVDA
2025-07-29,177.94006357342778,179.35990260986108,175.00039060425894,175.49032592773438,154077500,NVDA
2025-07-30,176.49022309733303,179.869849375745,176.0202745228646,179.2499237060547,174312200,NVDA
2025-07-31,182.87950237318685,183.2794667127293,175.9102820488597,177.85006713867188,221685400,NVDA
2025-08-01,174.07048465468185,176.52020701181988,170.8708463561498,173.70053100585938,204529000,NVDA
2025-08-04,175.14037394842856,180.17980241597786,174.500446281802,179.97982788085938,148174600,NVDA
2025-08-05,179.59986897635343,180.23979665506658,175.8802845759961,178.24002075195312,156407600,NVDA
2025-08-06,176.31023710297544,179.87982901005608,176.23024423927978,179.39988708496094,137192300,NVDA
2025-08-07,181.54965397485878,183.85939259097617,178.77996020998395,180.74974060058594,151878400,NVDA
2025-08-08,181.52965464990967,183.27945850723472,180.3797743894202,182.6795196533203,123396700,NVDA
2025-08-11,182.02960317073044,183.8193958765311,180.22980182096376,182.0395965576172,138323200,NVDA
2025-08-12,182.9395060522284,184.4593247511904,179.43989822709233,183.1394805908203,145485700,NVDA
2025-08-13,182.59952443546638,183.9493792108361,179.32990196930365,181.56964111328125,179871700,NVDA
2025-08-14,179.7298534235828,182.99949119039164,179.43989264021437,181.99960327148438,129554000,NVDA
2025-08-15,181.85962676701382,181.87961354108583,178.02004541114613,180.42977905273438,156602200,NVDA
2025-08-18,180.57976314427117,182.91949719839158,180.56975450061333,181.98959350585938,132008000,NVDA
2025-08-19,182.4095478886331,182.47954736718557,175.47033846497254,175.6203155517578,185229200,NVDA
2025-08-20,175.1503706193276,175.9802794498554,168.7810892510499,175.38034057617188,215142700,NVDA
2025-08-21,174.83041312567687,176.88017120538285,173.79052111986658,174.96038818359375,140040900,NVDA
2025-08-22,172.59066018618677,178.56998587344157,171.18081451068767,177.97006225585938,172789400,NVDA
2025-08-25,178.33002804439553,181.88962682620624,176.5502286534902,179.78985595703125,163012800,NVDA
2025-08-26,180.0398187111229,182.36955942503778,178.78995879531527,181.7496337890625,168688200,NVDA
2025-08-27,181.95959791056248,182.46955051009175,179.07993109949993,181.57965087890625,235518900,NVDA
2025-08-28,180.79974711518173,184.44933204343067,176.39023757757423,180.14981079101562,281787800,NVDA
2025-08-29,178.09004428153852,178.130033086625,173.13059331145078,174.1604766845703,243257900,NVDA
2025-09-02,169.980952871088,172.36069109354864,167.20126556823303,170.7608642578125,231164900,NVDA
2025-09-03,171.0408442884315,172.3906992342715,168.86109570238054,170.60089111328125,164424900,NVDA
2025-09-04,170.55090333056648,171.8407521362954,169.39102958990665,171.64077758789062,141670100,NVDA
2025-09-05,168.01117837826322,169.0110663720669,164.05163046676552,167.0012969970703,224441400,NVDA
2025-09-08,167.53122834914853,170.940849905597,167.33125381142952,168.2911376953125,163769100,NVDA
2025-09-09,169.0710489481518,170.96083655380463,166.7213214317911,170.74085998535156,157548400,NVDA
2025-09-10,176.62020974984335,179.26990675759993,175.45034266016896,177.3101348876953,226852000,NVDA
2025-09-11,179.66999584989978,180.26996857097555,176.4701769393558,177.16014099121094,151159300,NVDA
2025-09-12,177.76010410307373,178.59005971058946,176.44017029123495,177.8101043701172,124911000,NVDA
2025-09-15,175.66021109761542,178.84004186496986,174.50027206258352,177.74009704589844,147061600,NVDA
2025-09-16,176.99014687805604,177.49011904437822,174.37029760906842,174.87026977539062,140737800,NVDA
2025-09-17,172.63039291663662,173.1903593144249,168.40063256525568,170.280517578125,211843800,NVDA
2025-09-18,173.9703101424577,177.09014682532762,172.95037791227023,176.23019409179688,191763300,NVDA
2025-09-19,175.7602124903078,178.07008136373162,175.17023376194967,176.66015625,237182100,NVDA
2025-09-22,175.29024236301854,184.53972732383275,174.70027887607205,183.5997772216797,269637000,NVDA
2025-09-23,181.9598706713119,182.409842567533,176.20019683221489,178.42005920410156,192559600,NVDA
2025-09-24,179.75999113536878,179.76998508551358,175.39022416770254,176.96014404296875,143564100,NVDA
2025-09-25,174.47028665549124,180.24996380236055,173.12037093203185,177.68011474609375,191586700,NVDA
2025-09-26,178.16008106951017,179.75999811527313,174.920255917913,178.18008422851562,148573700,NVDA
2025-09-29,180.4199550960203,183.98976381560166,180.30997586310093,181.8398895263672,193063500,NVDA
2025-09-30,182.06986121505474,187.3395719841704,181.4698885277926,186.56961059570312,236981000,NVDA
2025-10-01,185.22969505995906,188.12952754318238,183.88975804814035,187.22958374023438,173844900,NVDA
2025-10-02,189.5894532800495,191.0393695238543,188.04953044946197,188.87948608398438,136805800,NVDA
2025-10-03,189.1794627061203,190.34939569471342,185.36967740169,187.6095428466797,137596900,NVDA
2025-10-06,185.48967202648717,187.21957143407985,183.31979467524326,185.5296630859375,157678100,NVDA
2025-10-07,186.21962980709273,189.0494741147918,183.9897582054133,185.02969360351562,140088000,NVDA
2025-10-08,186.55962017208088,189.58945025835604,186.52960780500513,189.09947204589844,130168900,NVDA
2025-10-09,192.21928773885006,195.28912405123697,191.04935474353755,192.5592803955078,182997200,NVDA
2025-10-10,193.49922565779727,195.6091088464203,182.0398719523004,183.14981079101562,268774400,NVDA
2025-10-13,187.9595379156231,190.09941818271824,185.94965529464977,188.3095245361328,153482800,NVDA
2025-10-14,184.75971529942103,184.78971240822688,179.68999030007896,180.0199737548828,205641400,NVDA
2025-10-15,184.7897166440438,184.85970481354866,177.2801249034248,179.8199920654297,214450500,NVDA
2025-10-16,182.21985578014733,183.26980040587233,179.76000120804414,181.7998809814453,179723300,NVDA
2025-10-17,180.16996892604442,184.08976427610557,179.74000017155936,183.20980834960938,173135200,NVDA
2025-10-20,183.1198152646831,185.18969215276272,181.71988400794234,182.6298370361328,128544700,NVDA
2025-10-21,182.77981647710283,182.77981647710283,179.78999271004406,181.14991760253906,124240200,NVDA
2025-10-22,181.1299112106735,183.42978616900905,176.7501502622395,180.26995849609375,162249600,NVDA
2025-10-23,180.40994799999942,183.01980322210497,179.7799782111653,182.1498565673828,111363700,NVDA
2025-10-24,183.8297551720498,187.45955783835475,183.48977777431884,186.24961853027344,131296700,NVDA
2025-10-27,189.979423148828,191.98930570001696,188.41949722334647,191.47933959960938,153452700,NVDA
2025-10-28,193.03926234185508,203.1386912540773,191.89932637827522,201.01881408691406,297986200,NVDA
2025-10-29,207.96842303697136,212.1781954922272,204.76860414707738,207.02847290039062,308829600,NVDA
2025-10-30,205.1385766163601,206.1485301715792,201.39879452489242,202.8787078857422,178864400,NVDA
2025-10-31,206.43850017947892,207.95841980607935,202.05875446792163,202.47872924804688,179802200,NVDA
2025-11-03,208.06841462190084,211.32822759164594,205.5485506791992,206.8684844970703,180267300,NVDA
2025-11-04,202.98869740675082,203.9586446199207,197.9189723693821,198.67893981933594,188919300,NVDA
2025-11-05,198.75894188581304,202.90870481768462,194.63916080574026,195.1991424560547,171350300,NVDA
2025-11-06,196.40906647995496,197.60899664277025,186.3696319662745,188.0695343017578,223029800,NVDA
2025-11-07,184.8897071775586,188.3095303364016,178.90005019006267,188.1395263671875,264942300,NVDA
2025-11-10,195.09914200543773,199.9288750287355,193.7792081445882,199.03892517089844,198897100,NVDA
2025-11-11,195.14913483203398,195.40911485928362,191.28934919242405,193.1492462158203,176483300,NVDA
2025-11-12,195.70910637927892,195.87909508520013,191.1193655455878,193.78921508789062,154935300,NVDA
2025-11-13,191.03936321053533,191.42934088057365,183.8397672401686,186.84959411621094,207423100,NVDA
2025-11-14,182.8498180673128,190.99935813210442,180.56994624954729,190.15940856933594,186591900,NVDA
2025-11-17,185.95964506857126,188.98947511566342,184.30974305565786,186.58961486816406,173628900,NVDA
2025-11-18,183.36979105504545,184.7897101334883,179.63998782140993,181.3498992919922,213598900,NVDA
2025-11-19,184.7796984316032,187.8495347223247,182.8198161698128,186.50961303710938,247246400,NVDA
2025-11-20,195.9390891568929,195.9890894251709,179.83999453744622,180.62994384765625,343504800,NVDA
2025-11-21,181.22991004695137,184.54971718190046,172.92036011460985,178.8700408935547,346926200,NVDA
2025-11-24,179.48001348627363,183.4897847612219,176.47017128450955,182.5398406982422,256618300,NVDA
2025-11-25,174.90026276869568,178.15008177330986,169.54056066153746,177.8101043701172,320600300,NVDA
2025-11-26,181.61988829154,182.8998157763143,178.2300777211247,180.2499542236328,183852000,NVDA
2025-11-28,179.0000253919654,179.28000857805475,176.49017066740046,176.99014282226562,121332800,NVDA
2025-12-01,174.75027181562072,180.28997214473748,173.67033006996684,179.9099884033203,188131000,NVDA
2025-12-02,181.74987648908228,185.6496685428864,179.98997995570696,181.4499053955078,182632200,NVDA
2025-12-03,181.06992440272873,182.43984327721986,179.1000328161426,179.5800018310547,165138000,NVDA
2025-12-04,181.6199951171875,184.52000427246094,179.9600067138672,183.3800048828125,167364900,NVDA
2025-12-05,183.88999938964844,184.66000366210938,180.91000366210938,182.41000366210938,143971100,NVDA
2025-12-08,182.63999938964844,188.0,182.39999389648438,185.5500030517578,204378100,NVDA
2025-12-09,185.55999755859375,185.72000122070312,183.32000732421875,184.97000122070312,144719700,NVDA
2025-12-10,184.97000122070312,185.47999572753906,182.0399932861328,183.77999877929688,162785400,NVDA
2025-12-11,180.27999877929688,181.32000732421875,176.6199951171875,180.92999267578125,182136600,NVDA
2025-12-12,181.11000061035156,182.82000732421875,174.6199951171875,175.02000427246094,204274900,NVDA
2025-12-15,177.94000244140625,178.4199981689453,175.02999877929688,176.2899932861328,164775600,NVDA
2025-12-16,176.25999450683594,178.49000549316406,174.89999389648438,177.72000122070312,148588100,NVDA
2025-12-17,176.10000610351562,176.1300048828125,170.30999755859375,170.94000244140625,222775500,NVDA
2025-12-18,174.52999877929688,176.14999389648438,171.82000732421875,174.13999938964844,176096000,NVDA
2025-12-19,176.6699981689453,181.4499969482422,176.33999633789062,180.99000549316406,324925900,NVDA
2025-12-22,183.9199981689453,184.16000366210938,182.35000610351562,183.69000244140625,129064400,NVDA
2025-12-23,182.97000122070312,189.3300018310547,182.89999389648438,189.2100067138672,174873600,NVDA
2025-12-24,187.94000244140625,188.91000366210938,186.58999633789062,188.61000061035156,65528500,NVDA
2025-12-26,189.9199981689453,192.69000244140625,188.0,190.52999877929688,139740300,NVDA
2025-12-29,187.7100067138672,188.75999450683594,185.91000366210938,188.22000122070312,120006100,NVDA
2025-12-30,188.24000549316406,188.99000549316406,186.92999267578125,187.5399932861328,97687300,NVDA
2020-01-02,150.75860404966377,152.61008924980365,150.33134046315942,152.50564575195312,22622100,MSFT
2020-01-03,150.32190239946755,151.86954723170166,150.07502796286428,150.6067352294922,21116200,MSFT
2020-01-06,149.14454679865977,151.0625033700607,148.60333542196298,150.99603271484375,20813700,MSFT
2020-01-07,151.27138077488013,151.60369056590727,149.3724180103726,149.61927795410156,21634100,MSFT
2020-01-08,150.9010700366723,152.67661008398238,149.97058233307885,152.00247192382812,27746500,MSFT
2020-01-09,153.66405788565248,154.0248654340376,152.89498031182998,153.90142822265625,21385000,MSFT
2020-01-10,154.5945278117641,154.9743144766268,153.0373648172022,153.1892852783203,20725900,MSFT
2020-01-13,153.58806511756865,155.0597637929525,153.11332454408566,155.03128051757812,21626500,MSFT
2020-01-14,155.13574856742852,155.33514601452856,153.55011653968288,153.9394073486328,23477400,MSFT
2020-01-15,154.4046787799735,155.65800132949352,154.35721629474406,154.93638610839844,21417900,MSFT
2020-01-16,156.04729598957823,157.841815510258,155.7434549443291,157.7753448486328,23865400,MSFT
2020-01-17,158.96215166642233,159.00962862726476,157.07267873319398,158.6583251953125,34371700,MSFT
2020-01-21,158.25953798746136,159.69326403956893,158.02216765967506,158.08863830566406,29517200,MSFT
2020-01-22,158.94318658850688,159.02865092857752,157.31007735957985,157.32907104492188,24138800,MSFT
2020-01-23,157.79432238398144,158.37350664025567,156.9208012002122,158.29754638671875,19680800,MSFT
2020-01-24,159.0476126259956,159.06660630924776,156.14220206963714,156.702392578125,24918100,MSFT
2020-01-27,153.00889916761867,155.12625280753838,152.1068948687137,154.08181762695312,32078100,MSFT
2020-01-28,155.50602982130422,157.38599854121892,154.83190628235468,157.10116577148438,24899900,MSFT
2020-01-29,159.3609641502704,160.2249957526191,157.3195848143749,159.5508575439453,34754500,MSFT
2020-01-30,165.2572370102274,165.2572370102274,162.16191844057855,164.0513916015625,51597500,MSFT
2020-01-31,163.51017128130383,163.69056054766398,161.01303097531772,161.63018798828125,36142700,MSFT
2020-02-03,161.8201087625003,165.68450503177763,161.79162547940942,165.57057189941406,30107000,MSFT
2020-02-04,168.1911336080325,171.51431848810714,167.4030623122053,171.0205841064453,36433300,MSFT
2020-02-05,174.733038337566,174.89444841618726,169.39695819420768,170.81167602539062,39186300,MSFT
2020-02-06,171.82763248366683,174.5336599911423,170.9636010212311,174.35325622558594,27751400,MSFT
2020-02-07,173.61265875335346,176.2522155665568,173.26134082611614,174.60011291503906,33529100,MSFT
2020-02-10,174.30578959545088,179.30005632732252,173.9924590084795,179.16712951660156,35844300,MSFT
2020-02-11,181.01863189628392,181.06610886617437,174.22984535212527,175.1223602294922,53159900,MSFT
2020-02-12,176.2047366998145,176.4611007006087,172.6631756017562,175.37869262695312,47062900,MSFT
2020-02-13,173.83103662761303,176.8218969013737,173.63163918165944,174.42921447753906,35295800,MSFT
2020-02-14,173.99242710069515,176.0433099368032,173.42273259468743,175.98634338378906,23149500,MSFT
2020-02-18,176.23325276599533,178.21766552222772,176.1288092268285,177.7714080810547,27792200,MSFT
2020-02-19,179.04712131399614,179.16136560083584,177.53332640335643,178.30450439453125,29997500,MSFT
2020-02-20,177.99036715778334,178.27599248114515,172.4207387260117,175.5816192626953,36862400,MSFT
2020-02-21,174.3915563885083,174.70574284646526,168.7552747658636,170.0310516357422,48572600,MSFT
2020-02-24,159.72958932936746,166.18465515217062,155.40716170842933,162.70005798339844,68311100,MSFT
2020-02-25,165.85142145386897,166.4607487234575,159.6153288264737,160.0152130126953,68073300,MSFT
2020-02-26,161.57658020435423,164.95643327525875,160.14846836228023,162.0145263671875,56206100,MSFT
2020-02-27,155.49286045756762,159.0250497653848,150.4087700779,150.59918212890625,93174900,MSFT
2020-02-28,145.10572645287465,155.86417479843206,144.7153722910139,154.24563598632812,97012700,MSFT
2020-03-02,157.38748705939656,164.6327770616493,154.53126258325238,164.50900268554688,71030800,MSFT
2020-03-03,165.47060721979446,166.6130941024236,154.48365562186393,156.62582397460938,71677000,MSFT
2020-03-04,160.41504106949054,162.51911762282631,157.68257731898743,162.37631225585938,49814400,MSFT
2020-03-05,158.09197981753212,162.6809715328232,157.7492324030183,158.3014373779297,47817300,MSFT
2020-03-06,154.816857162089,155.29289448015368,148.52364323617397,153.8267059326172,72821100,MSFT
2020-03-09,143.7632975964418,150.1898026214483,142.8112227779223,143.40150451660156,70419300,MSFT
2020-03-10,150.5801343469339,153.31258402014208,145.2675559078778,153.20785522460938,65354400,MSFT
2020-03-11,149.5995507378341,150.14222593838542,143.90613172706531,146.2672882080078,56371600,MSFT
2020-03-12,138.33649116305943,146.11494165006954,131.9385464283136,132.39553833007812,93226400,MSFT
2020-03-13,140.43101010915177,154.15040922743378,133.9854606961012,151.218017578125,92727400,MSFT
2020-03-16,133.29041897444304,142.19232062409446,128.53004686821293,128.92991638183594,87905900,MSFT
2020-03-17,133.29045562115147,140.43101574371315,128.53008220611034,139.54559326171875,81059800,MSFT
2020-03-18,131.38635146904977,139.00295155421207,128.5491720050301,133.67132568359375,81593200,MSFT
2020-03-19,135.92771236898116,142.95401395111134,132.3383865929663,135.87059020996094,85922700,MSFT
2020-03-20,139.00292822092638,140.0502163678412,129.34888981462817,130.76748657226562,84866200,MSFT
2020-03-23,130.4437399557186,133.8331378449838,126.1689341603844,129.46310424804688,78975200,MSFT
2020-03-24,136.86075403148243,142.43039748481058,134.49961256876347,141.23077392578125,82516700,MSFT
2020-03-25,141.77341766977642,146.9336597306047,137.5176434809238,139.8787841796875,75638200,MSFT
2020-03-26,141.28789935793438,149.15204677343388,141.25933827515485,148.62840270996094,64568100,MSFT
2020-03-27,144.47731422169113,147.46682775364604,142.0495211925308,142.5255584716797,57042300,MSFT
2020-03-30,145.13427789282522,152.90321137574261,142.82072868520657,152.55093383789062,63420300,MSFT
2020-03-31,151.76072771768509,156.88289514179772,149.05683858683773,150.1517333984375,77927200,MSFT
2020-04-01,145.6674295225216,150.1897843606391,143.59191364370474,144.82008361816406,57969900,MSFT
2020-04-02,144.58207393473876,148.02857992428844,143.15396179177512,147.81912231445312,49630700,MSFT
2020-04-03,147.66679583020962,149.83752504353316,144.89625489063627,146.45765686035156,41243300,MSFT
2020-04-06,152.63664351406544,158.5204589823689,150.02795325346136,157.3494110107422,67111700,MSFT
2020-04-07,161.46238787981076,161.85274209735405,155.4357516807668,155.6547393798828,62769000,MSFT
2020-04-08,157.73022420929914,158.68229897209625,155.66422371733032,157.2161102294922,48318200,MSFT
2020-04-09,158.38713338772783,159.34872351809685,155.5023484691151,157.22560119628906,51385100,MSFT
2020-04-13,156.4735003826598,157.6350328097064,154.5217441222941,157.57789611816406,41905300,MSFT
2020-04-14,160.90063304210452,165.42298811281455,159.94855829037607,165.37538146972656,52874300,MSFT
2020-04-15,162.99515987740097,165.25158643715253,161.12910189683114,163.642578125,40940800,MSFT
2020-04-16,165.94659243587162,168.78377044964205,164.61367938579176,168.55526733398438,50479600,MSFT
2020-04-17,170.8973733268516,171.37341057845845,167.44133823138475,170.04051208496094,52765600,MSFT
2020-04-20,168.16493001095583,170.18332337929624,166.6035283523802,166.670166015625,36669600,MSFT
2020-04-21,165.18493720638514,165.34678813930984,158.149106744516,159.77716064453125,56203700,MSFT
2020-04-22,163.17604098643613,165.6609559061282,162.63336609897644,165.20396423339844,34620200,MSFT
2020-04-23,165.76576526123154,166.6702335316879,162.71912841613675,163.20468139648438,32790800,MSFT
2020-04-24,163.81396026372389,166.19414686415578,162.52866821599432,166.18463134765625,34277600,MSFT
2020-04-27,168.1268971917015,168.42203807592034,164.99457727296354,165.70863342285156,33194400,MSFT
2020-04-28,167.17482073764452,167.25098846954376,161.27195952679392,161.6718292236328,34392700,MSFT
2020-04-29,164.9183938130075,169.1646391773293,163.64261710014011,168.92662048339844,51286600,MSFT
2020-04-30,171.37342464141506,171.75424866294946,167.7840994020573,170.6212921142578,53875900,MSFT
2020-05-01,167.37475277045658,170.07864171625766,165.6705307427977,166.20370483398438,39370500,MSFT
2020-05-04,166.12751167973556,170.42136314126972,165.47057784378438,170.26902770996094,30372900,MSFT
2020-05-05,171.96375599957568,174.84854165369975,171.27826094042646,172.0970458984375,36839200,MSFT
2020-05-06,173.35380172275444,175.3721958874202,172.92537091785033,173.791748046875,32139300,MSFT
2020-05-07,175.34359359711726,175.70538662746563,173.82979832935465,174.80091857910156,28316000,MSFT
2020-05-08,176.11478793585908,176.1338334990748,174.5724314480752,175.82916259765625,30877800,MSFT
2020-05-11,174.37246159084364,178.52350753297063,174.08685082562172,177.79042053222656,30892700,MSFT
2020-05-12,177.84756178761603,178.0760504243352,173.56322551904262,173.76315307617188,32038200,MSFT
2020-05-13,173.80124922811217,175.2293613589471,168.07927065962855,171.13543701171875,44711500,MSFT
2020-05-14,169.03134305352413,172.03038720290988,167.26048345491301,171.8780517578125,41873900,MSFT
2020-05-15,170.47849174244934,178.0950892658203,168.5172202045824,174.3820037841797,46610400,MSFT
2020-05-18,176.84786543647925,177.27629612153746,175.1436582128011,176.04812622070312,35264500,MSFT
2020-05-19,176.1623818105435,177.65714607319842,174.69619315439488,174.82948303222656,26799100,MSFT
2020-05-20,176.44297810112155,177.43590168394044,175.61237082100766,177.25450134277344,31261300,MSFT
2020-05-21,177.00626995004328,178.21877656541264,174.99179664947147,175.12545776367188,29119500,MSFT
2020-05-22,174.89633837713157,176.10884503151505,174.27575745211465,175.20184326171875,20826900,MSFT
2020-05-26,177.90370461198114,178.0564643243358,172.90094786009448,173.34967041015625,36073600,MSFT
2020-05-27,172.04167124776492,173.75063943217944,168.60466541040466,173.5787811279297,39517100,MSFT
2020-05-28,172.55725432023527,175.81286026389589,172.21355223443322,173.18736267089844,33810200,MSFT
2020-05-29,174.45713625736357,175.9274229472376,172.24217877179476,174.95359802246094,42130400,MSFT
2020-06-01,174.27573351783732,174.7149140285798,173.2446419269881,174.5526123046875,22622400,MSFT
2020-06-02,175.90831405939235,176.6243587570561,173.13961372227922,176.53843688964844,30794600,MSFT
2020-06-03,176.45253278895922,177.5218216500527,175.26866685848563,176.96807861328125,27311000,MSFT
2020-06-04,175.9560768868558,177.42634912002515,174.0466241036408,174.6385498046875,28761800,MSFT
2020-06-05,174.35211372363253,179.2307657407467,173.7697300929723,178.72476196289062,39893600,MSFT
2020-06-08,177.52182405822072,180.0136604735111,176.0897344992715,179.83226013183594,33211600,MSFT
2020-06-09,179.4885514465179,182.06630964412432,178.78204871231318,181.20706176757812,29783900,MSFT
2020-06-10,182.4768502186777,189.53227729601076,182.36227315153855,187.92832946777344,43872300,MSFT
2020-06-11,184.38630697155543,186.8972273976251,177.64594118609818,177.83688354492188,52854700,MSFT
2020-06-12,181.91353250337872,183.040117049004,176.79619924208757,179.2403106689453,43373600,MSFT
2020-06-15,176.2233940561889,182.1808918134006,175.67919303595784,180.38600158691406,32770200,MSFT
2020-06-16,184.15714454580453,186.7253604719704,182.79189301007654,184.80636596679688,42556700,MSFT
2020-06-17,186.20027230184343,187.43187740792754,184.9209425343185,185.446044921875,25687800,MSFT
2020-06-18,185.2168673968376,187.59414068160447,185.2168673968376,187.4318389892578,23061600,MSFT
2020-06-19,189.59914203336592,190.267447704649,185.5701948276682,186.31488037109375,44441100,MSFT
2020-06-22,186.92588096506464,191.6708724785976,186.39123649615428,191.48948669433594,32818900,MSFT
2020-06-23,192.9405814871544,194.716372500222,192.31045880588064,192.76873779296875,30917400,MSFT
2020-06-24,192.47282147333826,194.04811398849358,187.6609929241231,188.88304138183594,36740600,MSFT
2020-06-25,188.8448534415882,191.52763184875033,186.62033955121674,191.2698516845703,27803900,MSFT
2020-06-26,190.68745414699424,190.84021383073977,186.05704095618466,187.44139099121094,54675800,MSFT
2020-06-29,186.91634152801396,189.54183924181,184.78730564276714,189.45591735839844,26701600,MSFT
2020-06-30,188.9212863760734,195.1460927295512,188.78762524745198,194.29638671875,34310300,MSFT
2020-07-01,193.94313937645742,197.00781783159889,192.63516874164358,195.43251037597656,32061200,MSFT
2020-07-02,196.36810147157988,198.60217212027828,195.71889457002075,196.92184448242188,29315800,MSFT
2020-07-06,199.37547900173317,201.5713522293772,198.66897635187513,201.1608123779297,31897600,MSFT
2020-07-07,200.92214171818512,204.95108776528608,198.57352323906824,198.82174682617188,33600700,MSFT
2020-07-08,200.55940285341666,203.60496815140957,199.24187562162814,203.19444274902344,33600000,MSFT
2020-07-09,206.53596874184174,206.58370797656386,201.8959977454526,204.61697387695312,33121700,MSFT
2020-07-10,203.94862917922697,204.38780969065328,201.52363076769228,203.99636840820312,26177600,MSFT
2020-07-13,204.7697173498875,206.0299632099416,197.15100463946163,197.69520568847656,38135600,MSFT
2020-07-14,196.79769742525252,199.39455360605243,192.88331455285083,198.9171905517578,37591800,MSFT
2020-07-15,200.07243434393845,201.7623039169299,195.74752551635757,198.62124633789062,32179400,MSFT
2020-07-16,196.100780795123,196.38720160543846,193.1506799551989,194.6877899169922,29940700,MSFT
2020-07-17,195.2129274006865,195.7571139269417,192.2723680509036,193.69491577148438,31635300,MSFT
2020-07-20,195.71889626461106,202.6884013378712,193.81898563689114,202.0200958251953,36884800,MSFT
2020-07-21,203.98682773991482,204.25414994239006,198.6117139304938,199.2991180419922,37990400,MSFT
2020-07-22,199.7287445152915,202.68840195351845,198.9554185219914,202.16329956054688,49605700,MSFT
2020-07-23,197.80977168162164,201.370897192234,192.9979423085979,193.3702850341797,67457000,MSFT
2020-07-24,191.34628316276613,193.67581815097424,188.56802555463418,192.1864471435547,39827000,MSFT
2020-07-27,192.34871831188454,194.73553417958752,191.7663346574463,194.6209716796875,30160900,MSFT
2020-07-28,194.39180574531326,195.43245382616968,192.6064723801774,192.87379455566406,23251400,MSFT
2020-07-29,193.33205584779677,195.38471135430314,192.86423476448752,194.82142639160156,19632600,MSFT
2020-07-30,191.89997044030474,195.2033295752021,190.5347189367611,194.66867065429688,25079600,MSFT
2020-07-31,195.14602526126697,195.81434524128466,190.0000517365161,195.72840881347656,51044000,MSFT
2020-08-03,201.94374901611042,207.7866704087044,200.91264267012852,206.73646545410156,78983000,MSFT
2020-08-04,204.47372396192068,205.0465655524078,200.78847996863612,203.63356018066406,49280100,MSFT
2020-08-05,205.17067863132021,205.2661570897117,201.9914528320211,203.29942321777344,28806400,MSFT
2020-08-06,202.7266216376732,206.57416826958868,201.97239411211882,206.55508422851562,32656800,MSFT
2020-08-07,205.12294061058364,205.93444918218864,201.38040089130416,202.8602294921875,27820400,MSFT
2020-08-10,202.08690893945885,202.2874078671722,197.00777273033472,198.82174682617188,36716500,MSFT
2020-08-11,197.78112103265053,198.24892763690127,193.94311689329845,194.17225646972656,36446500,MSFT
2020-08-12,195.99573630411274,200.75982531370755,195.48019056308206,199.71917724609375,28013100,MSFT
2020-08-13,199.9579066140326,201.78143759879455,198.72630135644118,199.25140380859375,22588900,MSFT
2020-08-14,199.3086606756937,200.10108526689314,198.11525277954402,199.44232177734375,17958900,MSFT
2020-08-17,200.11063503817505,201.62864633406465,199.46141358943777,200.7598419189453,20184800,MSFT
2020-08-18,200.99852592603722,202.7456767958263,199.73829479069403,201.91506958007812,21336200,MSFT
2020-08-19,202.4031628267386,202.98695425732413,200.25940101866428,200.6900634765625,27627600,MSFT
2020-08-20,200.53693686471104,205.7623499445164,199.9340152578286,205.3603973388672,26981500,MSFT
2020-08-21,204.6713675107207,206.9586790324315,203.70476807042115,203.86746215820312,36249300,MSFT
2020-08-24,205.56138064913605,206.26002616768562,203.30277922932777,204.50865173339844,25460100,MSFT
2020-08-25,203.94400397105503,207.30318892242852,203.94400397105503,207.16920471191406,23043700,MSFT
2020-08-26,208.51864063728559,212.54774691429176,208.02097870599704,211.64813232421875,39600800,MSFT
2020-08-27,213.31337447169233,221.21847252990807,209.97331950866044,216.84483337402344,57602200,MSFT
2020-08-28,218.37604632550872,220.73035677056092,216.84480044049,219.07469177246094,26292900,MSFT
2020-08-31,217.24676147372583,218.8737166786634,214.67233716204333,215.8399200439453,28774200,MSFT
2020-09-01,215.8207528636933,217.67740133897408,214.78715429178908,217.50514221191406,25725500,MSFT
2020-09-02,218.17505166750306,222.85494754756553,217.58169523463175,221.69692993164062,34080800,MSFT
2020-09-03,219.4192157670536,219.4574907062767,205.7240599096668,207.96351623535156,58400300,MSFT
2020-09-04,205.8580711279521,208.97799749718706,196.37385829268598,205.04458618164062,59664100,MSFT
2020-09-08,197.62755281283188,201.00588220839958,193.51230302974906,193.95254516601562,52924300,MSFT
2020-09-09,198.6803323298292,205.60925151836284,197.81899267273667,202.21177673339844,45679000,MSFT
2020-09-10,204.23106392788355,205.51350067527326,195.34022387645345,196.54608154296875,35461500,MSFT
2020-09-11,198.29749929866702,199.66606590860468,192.5935831848138,195.26370239257812,33620100,MSFT
2020-09-14,195.46463776926265,200.21151843431403,195.26365419527556,196.58436584472656,30375800,MSFT
2020-09-15,199.4650831634592,200.7666503702022,198.03909682712376,199.8096160888672,21823900,MSFT
2020-09-16,201.57052545994566,201.5992353158293,195.84746540395426,196.23985290527344,26328100,MSFT
2020-09-17,191.45472985517046,195.5508358165322,191.36860026608792,194.1918487548828,34011300,MSFT
2020-09-18,194.0865463499344,194.90001669016874,187.817969171596,191.78009033203125,55225300,MSFT
2020-09-21,188.71758312450748,194.00041619027272,187.94238773071473,193.83770751953125,39839700,MSFT
2020-09-22,196.24943997909537,199.15883226221052,193.39748201736504,198.50804138183594,33517100,MSFT
2020-09-23,198.96741460862307,199.1588331410497,191.43555973887763,191.97149658203125,30803800,MSFT
2020-09-24,191.26328716801197,196.73752385885328,190.6412061876266,194.45977783203125,31202500,MSFT
2020-09-25,194.80431377069104,200.05842216755153,193.8376998854324,198.89085388183594,29437300,MSFT
2020-09-28,201.8193853049063,203.43677550782257,199.12054173723172,200.44125366210938,32004900,MSFT
2020-09-29,200.35513217537783,201.04419802460012,197.92425692862588,198.35491943359375,24221900,MSFT
2020-09-30,198.80470457764105,202.8720998110342,197.66583157578174,201.29299926757812,33829100,MSFT
2020-10-01,204.31725660536154,204.79577375217923,202.24049394055493,203.33151245117188,27158400,MSFT
2020-10-02,199.06311643094566,201.92465398678647,196.7088058400637,197.3308868408203,33154800,MSFT
2020-10-05,198.31661938607914,201.36956068656312,198.0869259310169,201.34085083007812,21331600,MSFT
2020-10-06,199.84788496263428,201.1494374315409,196.01974823333427,197.0629119873047,28554300,MSFT
2020-10-07,198.16347981904158,201.0824367654406,197.83809172749062,200.81446838378906,25681100,MSFT
2020-10-08,201.46527293243025,202.11606381034258,199.3693802101008,201.5322723388672,19925800,MSFT
2020-10-09,202.15434835187833,206.58542177365823,202.15434835187833,206.53756713867188,26458000,MSFT
2020-10-12,209.38949984869137,214.2416701052122,207.4945762789934,211.88735961914062,40461400,MSFT
2020-10-13,213.15068374881272,215.53370444968047,210.95906699025755,213.28466796875,28950800,MSFT
2020-10-14,213.41867378421077,214.5862569346035,209.71495528438328,211.37062072753906,23421700,MSFT
2020-10-15,207.77213221733243,210.8920584755525,206.72895383310072,210.22213745117188,22733100,MSFT
2020-10-16,210.69107486664674,212.73912748585784,209.89674932549886,210.22213745117188,26057900,MSFT
2020-10-19,210.94946260728395,212.74869145685682,204.5373368136033,205.01585388183594,27625800,MSFT
2020-10-20,206.5279815053005,208.03051759272938,203.93441242019458,205.42738342285156,22753500,MSFT
2020-10-21,203.96314342538997,207.59987665183556,203.96314342538997,205.5709686279297,22724900,MSFT
2020-10-22,204.73836030997748,206.77684823635343,202.60417770638836,205.65711975097656,22351500,MSFT
2020-10-23,205.7910759676318,206.98736879384143,204.00142657264104,206.93951416015625,18879600,MSFT
2020-10-26,204.66176438764387,207.04477013994912,199.15881787540803,201.05374145507812,37111600,MSFT
2020-10-27,202.49887456316478,205.44654182171075,201.29301665869846,204.08755493164062,36700300,MSFT
2020-10-28,198.74730111501765,199.8670294360928,193.41662793161626,193.97169494628906,51195600,MSFT
2020-10-29,195.30199057234228,198.45062689659414,194.6320549005072,195.92405700683594,31432600,MSFT
2020-10-30,194.75643484993753,195.5124853460683,191.0431379547193,193.77069091796875,36953700,MSFT
2020-11-02,195.5125282945089,196.45999749689346,191.5216970654332,193.63674926757812,30842200,MSFT
2020-11-03,195.12970170057392,199.1779522620544,194.39278128052757,197.56056213378906,27512000,MSFT
2020-11-04,204.82446966001,208.93971976294654,203.29320905322973,207.09263610839844,42311800,MSFT
2020-11-05,212.4998438568253,214.4904765251998,211.64808409709025,213.69613647460938,36080100,MSFT
2020-11-06,212.71038983035956,214.72016724404165,208.66213975196808,214.107666015625,25231900,MSFT
2020-11-09,214.7967584460861,218.31863729684716,208.51861642294992,209.00669860839844,44395000,MSFT
2020-11-10,205.28381030217406,207.1978784634997,200.70918856486028,201.94375610351562,44045100,MSFT
2020-11-11,203.26447733100426,208.67171429881148,203.08263851065,207.24574279785156,29440800,MSFT
2020-11-12,207.87739570923154,209.6957547666248,205.24555177695154,206.18344116210938,21593900,MSFT
2020-11-13,207.06390921491047,208.0783630770916,204.9584370061897,207.20745849609375,18621100,MSFT
2020-11-16,205.63792890983984,208.38462692760493,205.3029757098469,207.8965301513672,24953300,MSFT
2020-11-17,206.81506443563234,208.3271653866801,204.88185156210218,205.2455291748047,24154100,MSFT
2020-11-18,205.00568264712743,206.46418731553092,202.3957330895279,202.5396728515625,28372800,MSFT
2020-11-19,202.8275548867203,204.41078991307708,201.4362102764716,203.82546997070312,24792700,MSFT
2020-11-20,203.61435882766034,204.66025377891347,201.50337402803095,201.87759399414062,22843100,MSFT
2020-11-23,202.41489655187553,203.70067623444444,199.73778723420364,201.60888671875,25683500,MSFT
2020-11-24,201.10992980573758,205.58138849058068,200.40946989787446,205.20716857910156,33979700,MSFT
2020-11-25,206.40658559838184,206.57929571662513,203.86381124815216,205.2167510986328,21012900,MSFT
2020-11-27,206.1571286123674,207.5196733497575,205.3798890879226,206.52174377441406,14512200,MSFT
2020-11-30,205.43744590699689,206.07073095156065,202.30933726248776,205.40866088867188,33064800,MSFT
2020-12-01,205.83086786900017,208.52718688320113,204.71781287908087,207.46209716796875,30904500,MSFT
2020-12-02,206.18591702157005,206.75204198993873,204.190072479513,206.6560821533203,23724500,MSFT
2020-12-03,205.9268328948881,207.62522240610232,205.0056682633133,205.57180786132812,25120900,MSFT
2020-12-04,205.55260044936085,206.66567004098926,204.5546709391374,205.6869354248047,24666000,MSFT
2020-12-07,205.69653117219067,206.81919092081037,204.3723762756061,205.61976623535156,24620000,MSFT
2020-12-08,205.31273262389476,208.17215713451805,204.2764278806708,207.2701873779297,23284100,MSFT
2020-12-09,206.45455305295152,206.52171321441085,202.66437439228125,203.23049926757812,32440600,MSFT
2020-12-10,203.20174406539516,204.45873883924034,201.84878945662726,202.0023193359375,26733300,MSFT
2020-12-11,201.55130982077503,204.6890086289566,200.64934019188877,204.6314239501953,30979400,MSFT
2020-12-14,204.47791660062674,207.4620856631206,204.26681669461775,205.5334014892578,28798400,MSFT
2020-12-15,206.4641624379437,206.70404737101398,203.65271805023914,205.46624755859375,27000600,MSFT
2020-12-16,206.061153696116,211.2042871516733,206.03236867599313,210.40786743164062,35023300,MSFT
2020-12-17,210.9740110508689,211.95274574604827,209.1029113699491,210.54222106933594,32515800,MSFT
2020-12-18,209.7458038330078,210.8013034819783,207.2797941315631,209.7458038330078,63354900,MSFT
2020-12-21,208.7478500330063,214.93687773596008,208.48877023256824,213.58392333984375,37181900,MSFT
2020-12-22,213.6799239847867,216.50097338667925,212.87391405322188,214.8793487548828,22612200,MSFT
2020-12-23,214.08290333376428,214.5146932710485,211.86636896648002,212.0774688720703,18699600,MSFT
2020-12-24,212.46129811786358,214.56269259636701,212.2501981931746,213.73748779296875,10550600,MSFT
2020-12-28,215.36870333861185,216.8847779666073,213.99656846423386,215.8580780029297,17933500,MSFT
2020-12-29,217.15341974197162,217.9882145671855,214.53388055010456,215.080810546875,17403200,MSFT
2020-12-30,216.11716977888082,216.5009945276408,212.5093049890394,212.71080017089844,20272300,MSFT
2020-12-31,212.72998279464358,213.97738753366116,210.79170818913673,213.4208526611328,20942100,MSFT
2021-01-04,213.52635524032226,213.9773400431163,206.1187080370233,208.88218688964844,37130100,MSFT
2021-01-05,208.46963527850713,209.67866493389053,206.97275536366772,209.083740234375,23823000,MSFT
2021-01-06,203.58552755083278,207.73074590269525,203.36483752901268,203.66229248046875,35930700,MSFT
2021-01-07,205.3798725038288,210.46543588069164,205.06323728487098,209.45791625976562,27694500,MSFT
2021-01-08,209.83219147172505,211.65532618098246,208.24895639393904,210.73416137695312,22956200,MSFT
2021-01-11,209.63065248213846,210.05285231905128,207.96104802927815,208.6903076171875,23031300,MSFT
2021-01-12,207.74034052523803,208.3160701892637,204.68901137357724,206.23385620117188,23249300,MSFT
2021-01-13,205.36069794074126,207.98982744101792,205.27432823721875,207.58682250976562,20087100,MSFT
2021-01-14,207.1742691440808,208.66155895915375,204.13252933258465,204.4011993408203,29480800,MSFT
2021-01-15,204.8809522010558,205.83088727894048,203.45123255832522,204.046142578125,31746500,MSFT
2021-01-19,205.1016509122703,208.20096064868125,204.0269709237377,207.6828155517578,30480900,MSFT
2021-01-20,208.89182426038445,216.6544982014575,208.4984094044723,215.26316833496094,37777300,MSFT
2021-01-21,215.60859592868792,217.1438655065322,213.42084629718013,215.86767578125,30709400,MSFT
2021-01-22,217.89226790023852,220.76129675652857,216.66405830590344,216.8079833984375,30172700,MSFT
2021-01-25,219.84976447113186,220.48306428239718,215.1480250899788,220.24317932128906,33152100,MSFT
2021-01-26,222.4789162100641,224.70504110859784,220.770936402289,222.92990112304688,49169600,MSFT
2021-01-27,228.37046532559663,230.71174470769552,220.8284821455737,223.476806640625,69870600,MSFT
2021-01-28,226.07716818506384,232.8227316681534,225.57820339979344,229.26283264160156,49111200,MSFT
2021-01-29,226.44177281435506,228.38963718019693,221.98950931508602,222.5748291015625,42503100,MSFT
2021-02-01,225.54936084534248,232.6883373312444,223.02576718202414,229.95364379882812,33314200,MSFT
2021-02-02,231.53696622596047,232.5060961930559,229.03256665892405,229.8193817138672,25916300,MSFT
2021-02-03,229.87693764522302,235.17358635543027,229.57946803336847,233.16815185546875,27158100,MSFT
2021-02-04,232.84191028192274,233.39844507245968,230.64455613985325,232.21820068359375,25296100,MSFT
2021-02-05,232.42931297571354,233.4368326563768,230.69254834518915,232.40052795410156,18054800,MSFT
2021-02-08,233.31211754611243,233.8206725146445,231.06679772564047,232.65963745117188,22211900,MSFT
2021-02-09,232.08387859856478,234.85694793762076,231.61371348356542,233.90701293945312,23565000,MSFT
2021-02-10,235.08724254171878,235.97001736898727,231.14353351995416,232.99545288085938,22186700,MSFT
2021-02-11,234.8761299477972,235.23115495661315,232.35253581551774,234.59786987304688,15751100,MSFT
2021-02-12,234.06055791477417,235.37513751785033,232.9091129771485,235.0776824951172,16561100,MSFT
2021-02-16,235.11603342688002,236.1715330517929,233.0914038855764,233.83984375,26728500,MSFT
2021-02-17,232.0894541766409,234.96507650561446,231.72398457959287,234.85928344726562,21653500,MSFT
2021-02-18,232.55107806974718,234.5995949311717,231.647031012765,234.46495056152344,16925600,MSFT
2021-02-19,234.4264858275061,234.53227887991062,230.99303240639816,231.75282287597656,25262600,MSFT
2021-02-22,228.33862759094472,228.82911468835837,223.51063965852657,225.53993225097656,36446900,MSFT
2021-02-23,221.5198046781942,225.84767822105573,219.98099932623367,224.34735107421875,30228700,MSFT
2021-02-24,221.2120477133172,226.20353110586373,220.24068577960895,225.57839965820312,26339700,MSFT
2021-02-25,223.20285135829647,225.6168375975213,219.16350592936016,220.23104858398438,39542200,MSFT
2021-02-26,222.6739313555886,226.36704708770696,220.76004395905966,223.49142456054688,37819200,MSFT
2021-03-01,226.8767253204976,228.3866792402262,224.23191391407957,227.876953125,25324000,MSFT
2021-03-02,227.9443015684846,228.22321721235295,224.5204748274745,224.92440795898438,22812500,MSFT
2021-03-03,223.279844277028,224.6455272759705,218.56726130025564,218.8557891845703,34029500,MSFT
2021-03-04,218.06715252474712,223.5972138136232,215.68200248101138,218.05752563476562,44727800,MSFT
2021-03-05,220.74078515082306,224.3473463607686,217.79783355152915,222.74122619628906,41872800,MSFT
2021-03-08,222.52003591331203,224.44353542154002,218.4422263479561,218.69227600097656,35267400,MSFT
2021-03-09,223.97227598423436,226.37665024660328,222.808552384188,224.8378448486328,33080500,MSFT
2021-03-10,227.9346612370885,227.9346612370885,223.16437663768343,223.52984619140625,29746800,MSFT
2021-03-11,225.97271258487288,230.02167054315927,225.34756648415365,228.05970764160156,29907600,MSFT
2021-03-12,225.05906350687266,226.79984295722946,224.3088998432436,226.73251342773438,22653700,MSFT
2021-03-15,225.9727625007269,226.1939608682374,222.9432415168151,225.8284912109375,26034900,MSFT
2021-03-16,227.24225901905038,230.87767236818883,226.91526758397492,228.61756896972656,28092200,MSFT
2021-03-17,227.11723348186302,229.42544205169168,224.30892552910623,227.9731903076172,29562100,MSFT
2021-03-18,223.66452881126907,225.23218566499116,221.51983088863727,221.89491271972656,34833000,MSFT
2021-03-19,222.18344837964992,223.57798268898384,220.57732793509152,221.53907775878906,46430700,MSFT
2021-03-22,221.46212328057254,227.83851426603098,221.3370911146356,226.9633331298828,30127000,MSFT
2021-03-23,228.4059234728698,231.8297497860793,228.0019903918306,228.4924774169922,31638400,MSFT
2021-03-24,228.75219470524345,228.8964513044981,226.3189688968999,226.45361328125,25620100,MSFT
2021-03-25,226.29971226671537,227.87698122201323,222.71238991673437,223.4529266357422,34061900,MSFT
2021-03-26,222.69316616439068,227.65579858844697,222.69316616439068,227.43458557128906,25479900,MSFT
2021-03-29,227.54037302898925,227.74234693638846,223.0105398608901,226.2420196533203,25227500,MSFT
2021-03-30,224.59740664901904,224.90517359760773,222.26036191810903,222.98167419433594,24792000,MSFT
2021-03-31,224.00110452094995,229.95433693716646,223.50099061619966,226.751708984375,43623500,MSFT
2021-04-01,229.34845404428125,233.5512955722621,228.9445209279314,233.08004760742188,30338000,MSFT
2021-04-05,233.4743464742084,240.39895589372134,233.41664384156837,239.54299926757812,36910600,MSFT
2021-04-06,238.13886553157835,239.86039119458903,237.43679229555985,238.37930297851562,22931900,MSFT
2021-04-07,238.33117904802756,241.33183326791055,237.73489895949572,240.3412322998047,22719800,MSFT
2021-04-08,243.10148983669302,244.41908230584644,242.3609384158286,243.56312561035156,23625200,MSFT
2021-04-09,243.1976350767871,246.19830403516193,242.78408976152787,246.06365966796875,24326800,MSFT
2021-04-12,244.9673172688886,247.8141033576994,244.88074862698014,246.1214141845703,27148700,MSFT
2021-04-13,247.41978857557922,249.27595883783357,247.00621381251946,248.60272216796875,23837500,MSFT
2021-04-14,247.6313657416882,248.92970457887813,245.400099011404,245.8136444091797,23070900,MSFT
2021-04-15,248.06409680754706,249.9875962364744,247.87176447481755,249.5740509033203,25627500,MSFT
2021-04-16,249.54522040689776,251.01669641879005,247.74675298683772,250.76663208007812,24878600,MSFT
2021-04-19,250.23765794238443,251.47832327916888,247.95831583894045,248.84310913085938,23209300,MSFT
2021-04-20,247.95837370378536,250.24734323052627,247.01584820739834,248.3815460205078,19722900,MSFT
2021-04-21,249.03555345103194,250.70898909995228,247.41019356317747,250.61280822753906,24030400,MSFT
2021-04-22,250.2568580859373,251.7668120194269,245.8616699942858,247.33316040039062,25606200,MSFT
2021-04-23,248.01606862134477,251.50722545035353,247.42938592087856,251.16098022460938,21462600,MSFT
2021-04-26,251.6514773046846,252.4016410376156,250.21847937453774,251.54566955566406,19763300,MSFT
2021-04-27,251.57448846765723,253.12292083823525,250.17034204081673,251.9495849609375,31014200,MSFT
2021-04-28,246.28487770524828,246.72730374874308,243.2746107879085,244.82302856445312,46903100,MSFT
2021-04-29,245.68859868614197,246.3041179418775,239.47568881641504,242.85142517089844,40589000,MSFT
2021-04-30,240.18738532021044,243.39962592937061,240.05274094363295,242.53404235839844,30945100,MSFT
2021-05-03,243.70737597050828,244.62104995508665,241.51458775779273,242.22628784179688,19626600,MSFT
2021-05-04,241.37033780215654,241.6011630269946,236.35961510876282,238.3119659423828,32756100,MSFT
2021-05-05,239.53340899269972,239.95658126359143,236.41734895274763,237.04248046875,21901300,MSFT
2021-05-06,237.0231967181629,240.30276652470482,235.3305226285614,240.177734375,26491100,MSFT
2021-05-07,242.50522046149104,244.57299145817746,241.56270971110115,242.80337524414062,27032900,MSFT
2021-05-10,241.2741549439333,242.1012603154502,237.66759338356374,237.7252960205078,29299900,MSFT
2021-05-11,235.19591291269418,237.16750290744034,233.29165244697984,236.8116455078125,33641600,MSFT
2021-05-12,232.90696061119263,235.0324342476835,228.963795010998,229.85821533203125,36684400,MSFT
2021-05-13,232.55112159269123,236.20577403515946,232.1856519459029,233.73406982421875,29624300,MSFT
2021-05-14,236.18646850792337,239.6487582625336,236.09991456596333,238.6581573486328,23901100,MSFT
2021-05-17,237.11939542012004,237.15785895170106,234.2052949545859,235.80178833007812,24970200,MSFT
2021-05-18,236.85010365399245,236.9847480255134,233.60899717322914,233.78211975097656,20168000,MSFT
2021-05-19,230.6877638651082,234.46652622846455,230.0033530891012,234.36048889160156,25739800,MSFT
2021-05-20,235.17024649146305,239.01647932099823,235.07384355914962,237.5994415283203,21800700,MSFT
2021-05-21,238.65017736788573,239.38278963306004,235.92213916070435,236.33663940429688,21863100,MSFT
2021-05-24,238.86222991233876,242.11082031164497,238.59231936466642,241.7445068359375,21411500,MSFT
2021-05-25,242.6988667519636,243.64355376177159,241.78309768160725,242.65066528320312,17704300,MSFT
2021-05-26,242.37110449046097,243.8267094116998,241.71561158716582,242.428955078125,17771600,MSFT
2021-05-27,242.12048523027423,242.41931375220793,240.26966350914816,240.32749938964844,24426200,MSFT
2021-05-28,241.9566218428521,242.9977118612827,240.56850181827792,240.68417358398438,18270200,MSFT
2021-06-01,242.17829092022103,242.23612679351132,238.0621477081634,238.4862823486328,23213300,MSFT
2021-06-02,239.189989807818,240.2889155202473,236.9824892647927,238.389892578125,19406700,MSFT
2021-06-03,236.38487261967325,237.46451498894615,234.2448567027044,236.8572235107422,25307700,MSFT
2021-06-04,238.83332101073105,242.5831655924148,238.59232839054823,241.754150390625,25281100,MSFT
2021-06-07,240.97335057747247,244.935270070548,240.80947735136266,244.6653594970703,23079200,MSFT
2021-06-08,245.96675800268207,246.78613895017997,243.41222691926356,243.47007751464844,22455000,MSFT
2021-06-09,244.66533700434073,246.32336735128976,244.08696356106984,244.45326232910156,17937600,MSFT
2021-06-10,245.12804601734126,248.1838306630145,244.53038902874928,247.9717559814453,24563600,MSFT
2021-06-11,248.69474693138196,249.1767321950456,247.364462896783,248.59837341308594,18999700,MSFT
2021-06-14,248.60798486236368,250.58414202862005,247.54761143389015,250.52630615234375,19150500,MSFT
2021-06-15,250.41062415177618,250.6226988537061,248.39592919246516,249.05142211914062,18038900,MSFT
2021-06-16,250.0539296958221,251.19140777035565,245.2533609570407,248.10671997070312,27220000,MSFT
2021-06-17,246.84394367477012,252.31928929132428,246.7861077957115,251.49990844726562,27565500,MSFT
2021-06-18,250.27564581778176,252.8494303750151,249.42734713801974,250.0828399658203,37202200,MSFT
2021-06-21,250.45883242002785,254.0255057623141,248.62729428014612,253.16758728027344,26696100,MSFT
2021-06-22,253.25434630223117,256.2137429771152,252.94586866318434,255.94383239746094,24694100,MSFT
2021-06-23,256.4065233683773,257.2162551197523,254.90273162753124,255.71246337890625,19518700,MSFT
2021-06-24,256.570395632236,258.1995081549481,255.9052536238839,257.081298828125,21446900,MSFT
2021-06-25,256.63784563239585,257.6210848324682,255.22080799279775,255.47142028808594,25611100,MSFT
2021-06-28,256.59933308019987,259.21168513568006,256.3294224923796,259.0381774902344,19590000,MSFT
2021-06-29,259.1827378969011,261.86257465092103,258.3248194682553,261.62158203125,19937800,MSFT
2021-06-30,260.93716184615096,261.5830055695424,259.8864375923306,261.13958740234375,21656500,MSFT
2021-07-01,259.89610109622566,262.04576613920506,259.8864813944336,261.8144226074219,16725300,MSFT
2021-07-02,262.99039844923954,267.9837578114395,262.6819208763211,267.6463623046875,26458000,MSFT
2021-07-06,268.0127312917453,269.304448300758,264.417110543685,267.65606689453125,31565600,MSFT
2021-07-07,269.3333046648363,270.57683462918703,267.1643714195464,269.8442077636719,23260000,MSFT
2021-07-08,266.92346009994077,268.6875428172763,264.9666009084915,267.42474365234375,24618600,MSFT
2021-07-09,265.7859183850825,268.03195646064023,265.40033611083743,267.9259338378906,23916700,MSFT
2021-07-12,269.1020103084746,269.6900181971794,266.6149499259008,267.32830810546875,18931700,MSFT
2021-07-13,267.52108615678264,272.6590654647847,267.3957947012604,270.8564453125,26120100,MSFT
2021-07-14,272.1770295270336,273.43982831038124,270.44186527603904,272.3312683105469,23113700,MSFT
2021-07-15,271.83971576724895,272.3313501989015,269.74788657077227,270.9046630859375,22604200,MSFT
2021-07-16,271.907244630901,273.86410413510293,269.3912656008965,270.6347961425781,26186800,MSFT
2021-07-19,268.88031761183106,270.2684376561935,264.56174806763556,267.0295104980469,32935600,MSFT
2021-07-20,268.01272587997516,270.84680159797193,266.3065086285469,269.2562561035156,26259700,MSFT
2021-07-21,268.8513652655665,271.37696325645936,267.29938688873733,271.26129150390625,24364300,MSFT
2021-07-22,273.6133860645504,276.1004464547859,273.20853492440204,275.8305358886719,23384100,MSFT
2021-07-23,277.01624823364324,279.54184669585493,276.17759845308217,279.2333984375,22768100,MSFT
2021-07-26,278.58749439112125,279.2526364370559,276.3125379693512,278.63568115234375,23176100,MSFT
2021-07-27,279.00198503858365,279.14657473530417,272.7554747958883,276.21612548828125,33604100,MSFT
2021-07-28,278.57774922035594,279.6959582248122,273.6036592700659,275.9075622558594,33566900,MSFT
2021-07-29,275.92687903313424,278.22113330159044,275.7726402383259,276.1775207519531,18168300,MSFT
2021-07-30,274.8955087129223,276.33181549192943,273.6808963441765,274.6448669433594,20944800,MSFT
2021-08-02,276.0425682865481,276.43779970743464,273.5169703746794,274.5580749511719,16267400,MSFT
2021-08-03,275.13650564382874,276.88129010205466,273.76765442774865,276.7752380371094,17879000,MSFT
2021-08-04,275.90766563142967,277.2283006433001,274.3942247328133,276.1872253417969,16191300,MSFT
2021-08-05,276.5438176650731,279.1947361175097,275.79192197164906,279.08868408203125,13900200,MSFT
2021-08-06,278.11519032895563,279.0695118884768,277.2572423030038,279.03094482421875,16589300,MSFT
2021-08-09,279.31044035047853,281.04557540856166,277.44033530754433,277.94158935546875,16117600,MSFT
2021-08-10,278.3947075539528,278.82850610681834,274.9244368032252,276.1197509765625,18616600,MSFT
2021-08-11,276.86203206954394,278.2598014303188,275.5606656677972,276.6114196777344,13955900,MSFT
2021-08-12,276.30283684367316,279.5224944073813,276.0232771942792,279.3682556152344,14561300,MSFT
2021-08-13,279.0502817076785,282.3470454160356,278.8767446035113,282.2988586425781,18249000,MSFT
2021-08-16,282.62654619739277,284.19782300246135,279.5707464122041,283.9857482910156,22507600,MSFT
2021-08-17,281.8553646766232,282.8578728727567,280.592536185062,282.5204772949219,20075300,MSFT
2021-08-18,282.0569648821331,284.7419326780572,280.3474513834384,280.791748046875,21813000,MSFT
2021-08-19,278.82137366846274,287.3012354570532,278.77309466681965,286.6251525878906,29850500,MSFT
2021-08-20,289.47437850845176,295.3851678311773,287.8711203793521,293.95574951171875,40817600,MSFT
2021-08-23,292.88361220046016,294.9601100689228,291.5314761099047,294.2357482910156,22830200,MSFT
2021-08-24,294.59319058056553,295.2016593865255,291.67643682310614,292.2752380371094,18175800,MSFT
2021-08-25,293.8977628351036,294.1778576953558,290.1504219493204,291.6860656738281,20006100,MSFT
2021-08-26,290.7009502786529,292.0917276855508,288.7307068475188,288.86590576171875,17666100,MSFT
2021-08-27,288.7693089617846,290.5850477108611,286.6831429186562,289.474365234375,22605700,MSFT
2021-08-30,290.82650002669567,293.82053542708803,290.76855342647343,293.2120666503906,16348100,MSFT
2021-08-31,294.01372783579956,294.09098014921955,291.19353206893163,291.560546875,26285300,MSFT
2021-09-01,292.5166638438568,294.7573638587632,291.18383315439763,291.51220703125,18983800,MSFT
2021-09-02,291.869531938692,292.98985227317246,289.9185652567679,290.85540771484375,16285600,MSFT
2021-09-03,290.70095972775636,292.25593887497536,289.9959328838972,290.8458557128906,14747900,MSFT
2021-09-07,290.7203145252385,290.7975668447377,288.00637363441695,289.9186706542969,17180400,MSFT
2021-09-08,289.53230752909224,290.3339218077792,287.3012750177518,289.9476013183594,15046800,MSFT
2021-09-09,290.5367763480211,291.8116605425452,286.8473521522156,287.08880615234375,19927000,MSFT
2021-09-10,288.2187922077664,289.6675160495283,285.28270363564104,285.6014099121094,19633400,MSFT
2021-09-13,287.3785621651602,288.3347401247705,284.02717919615515,286.83770751953125,23652900,MSFT
2021-09-14,289.31987438683,291.08733439108437,287.9097911052449,289.5420227050781,21853400,MSFT
2021-09-15,292.89335389276897,294.88293238817874,291.50257656936515,294.4000244140625,28356300,MSFT
2021-09-16,293.37629376819706,294.87329686099383,290.4788456084354,294.786376953125,19550800,MSFT
2021-09-17,293.7722276064099,294.09093387637466,289.29082779964784,289.61920166015625,41372500,MSFT
2021-09-20,286.2002599629633,288.5085744930262,279.6230549552569,284.2396545410156,38278700,MSFT
2021-09-21,285.58212453468485,287.3688899615911,284.0175073900998,284.7225341796875,22364100,MSFT
2021-09-22,286.5865552261978,289.9572431984659,284.44244280452375,288.373291015625,26626300,MSFT
2021-09-23,288.6340727004144,290.61398340339673,287.35918870442185,289.3197937011719,18604600,MSFT
2021-09-24,288.0353560761729,289.55166500509824,286.7797774181247,289.1170654296875,14999000,MSFT
2021-09-27,286.01679464242454,286.3355009874164,282.92617132575367,284.1141357421875,23571700,MSFT
2021-09-28,279.89354151155163,280.8400520610261,273.08454864024446,273.8282165527344,43186200,MSFT
2021-09-29,275.35409028586133,276.9669861651131,273.33553880217,274.29168701171875,26353700,MSFT
2021-09-30,275.9432889541892,277.99081421651636,271.99310493878147,272.2828674316406,32343600,MSFT
2021-10-01,272.4760308196086,280.0673606199404,271.67441643296945,279.2174377441406,30086300,MSFT
2021-10-04,277.5755184047133,277.91355990677107,270.66993975281525,273.4321594238281,31350700,MSFT
2021-10-05,274.34005351613433,280.4729916929737,274.34005351613433,278.8890686035156,24993000,MSFT
2021-10-06,276.010853750545,283.5925141040802,275.75009408057105,283.09027099609375,28002600,MSFT
2021-10-07,285.0895192542269,286.4996316351916,283.8726113098916,284.77081298828125,20430500,MSFT
2021-10-08,286.0939760041724,286.4996316351916,283.71807723494913,284.77081298828125,17685700,MSFT
2021-10-11,282.90678071411924,287.7841387766023,282.74257905730633,284.1719970703125,19298600,MSFT
2021-10-12,285.24409368544315,285.3406811802425,282.35631327944327,282.8681945800781,17974100,MSFT
2021-10-13,284.82871108539644,287.1176895741717,283.45723982527284,286.18084716796875,23416300,MSFT
2021-10-14,288.981730216928,292.90293991134115,287.6488997295382,292.4007263183594,27262900,MSFT
2021-10-15,292.0047810007027,294.0426679135802,290.2469889567608,293.81085205078125,25384800,MSFT
2021-10-18,293.19277722849347,297.67414824934616,292.3428544122026,296.7856140136719,22729300,MSFT
2021-10-19,297.80931359250326,298.72682093565703,296.71793700146924,297.69342041015625,17682100,MSFT
2021-10-20,298.6399462045998,299.1132160698903,295.6459108190313,296.9014892578125,16537100,MSFT
2021-10-21,296.6697476260682,300.3881160719364,295.88740946015713,300.13702392578125,16918100,MSFT
2021-10-22,299.7893078396651,300.45572329837756,297.27818011582957,298.5917053222656,17449300,MSFT
2021-10-25,298.7847975055776,298.8234383950236,295.9839372451796,297.59686279296875,17554500,MSFT
2021-10-26,300.3688067843873,301.7209434280929,298.05085404169654,299.50921630859375,28107300,MSFT
2021-10-27,305.197858471987,314.9526060458698,305.197858471987,312.1227722167969,52588700,MSFT
2021-10-28,313.2431465023909,313.7646954887712,310.374671288855,313.2624816894531,26297900,MSFT
2021-10-29,313.0499226160472,320.65088928161384,312.82777434101513,320.28387451171875,34766000,MSFT
2021-11-01,320.03280442498834,320.1583652321911,315.2133915828915,318.11083984375,27073200,MSFT
2021-11-02,319.01870120060556,322.05137778411626,318.719300579223,321.7423095703125,26487100,MSFT
2021-11-03,322.4859320437034,323.45174797044365,319.3470302817975,322.58251953125,21500100,MSFT
2021-11-04,321.5104524364955,325.0356743939293,318.2459901477775,324.9390869140625,23992200,MSFT
2021-11-05,326.9383432170597,327.20877048468907,322.98815980180524,324.57208251953125,22570100,MSFT
2021-11-08,325.76973752761745,326.1077790354794,323.00751780917733,325.4703369140625,20897000,MSFT
2021-11-09,325.5862019162056,327.141180927912,323.09440972505246,324.46588134765625,21307400,MSFT
2021-11-10,323.1330579322974,323.19100453286666,318.6420195419929,319.4919128417969,25500900,MSFT
2021-11-11,319.9265064583286,322.36035183631327,319.21181214739465,321.066162109375,16849800,MSFT
2021-11-12,322.5053214666148,325.70217036384037,322.379760659123,325.2095947265625,23831000,MSFT
2021-11-15,326.0015377948578,326.3299116948135,322.61151423527605,324.581787109375,16723000,MSFT
2021-11-16,324.2051134719756,329.02455543876874,324.04094125475103,327.9042053222656,20886800,MSFT
2021-11-17,327.95258165019357,331.0972263739965,327.04305127550737,328.1267395019531,19053400,MSFT
2021-11-18,327.2171731593675,331.3487709789064,326.1915376629134,330.2070007324219,22463500,MSFT
2021-11-19,331.53259961586156,333.91284514256006,331.10686080252884,331.9873352050781,21963400,MSFT
2021-11-22,333.44845158059155,338.33476348925745,328.542798641945,328.813720703125,31031100,MSFT
2021-11-23,326.12378600321955,328.4460084531874,322.7469313241808,326.7333679199219,30427600,MSFT
2021-11-24,325.3787981778286,327.1978588759329,323.0856312760888,326.9559631347656,21661300,MSFT
2021-11-26,323.5113621421092,326.97529607751204,317.4833097911147,318.99273681640625,24217200,MSFT
2021-11-29,324.08222027388626,328.03963080841186,323.88869188174414,325.7174377441406,28563500,MSFT
2021-11-30,324.4499077650363,326.8301534505589,318.32509142216554,319.87322998046875,42885600,MSFT
2021-12-01,324.2660412742455,328.2815041469173,318.7121252323069,319.3797302246094,33337600,MSFT
2021-12-02,319.59266935097634,322.67926164029905,317.17371172788904,318.8089294433594,30766000,MSFT
2021-12-03,321.22787810651,321.914883312674,307.7204273838724,312.53900146484375,41779300,MSFT
2021-12-06,313.4484686429607,316.83500853773074,308.8814765180251,315.6158447265625,30032600,MSFT
2021-12-07,320.8891653754491,324.914283730808,319.39907963541896,324.0628356933594,31021900,MSFT
2021-12-08,324.44027230322723,324.6241154462202,320.0764632694871,324.1112976074219,24761000,MSFT
2021-12-09,323.5694111588265,325.5819706607434,321.35363798124615,322.3018798828125,22214200,MSFT
2021-12-10,324.12098743855466,331.8809930302429,323.9371442929801,331.4359130859375,38095700,MSFT
2021-12-13,329.636149025462,332.64534732460373,328.08801041527346,328.39764404296875,28899400,MSFT
2021-12-14,322.4180382281001,323.79201920748443,313.60334092903327,317.69622802734375,44438700,MSFT
2021-12-15,317.957456288933,324.3241693819211,313.98070407195604,323.8016662597656,35381100,MSFT
2021-12-16,324.82721295108735,325.8431926062779,312.5485848783329,314.3676452636719,35034800,MSFT
2021-12-17,310.4780190725008,314.38706242508175,306.9656882694308,313.3033447265625,47750300,MSFT
2021-12-20,309.674936015178,312.33578933972996,307.27534900605167,309.53948974609375,28326500,MSFT
2021-12-21,312.8098446680069,317.1059145659694,309.4329606924699,316.68017578125,24740600,MSFT
2021-12-22,317.6574109023736,322.79527303785596,315.19008665544754,322.3985900878906,24831500,MSFT
2021-12-23,321.96324913227005,325.4852654901964,321.94390810210103,323.8403625488281,19617800,MSFT
2021-12-27,324.5853307619091,331.3777811868385,324.55630445788313,331.3487548828125,19947000,MSFT
2021-12-28,332.0260541252137,332.6646623593274,329.28780761048364,330.1876525878906,15661500,MSFT
2021-12-29,330.2360072562147,333.1387557390819,328.6685277999919,330.8649597167969,15042000,MSFT
2021-12-30,330.8262877450351,332.00674011719934,327.83645999310903,328.32025146484375,15994500,MSFT
2021-12-31,327.536520049174,328.35894194960014,324.96274581009436,325.4175109863281,18000800,MSFT
2022-01-03,324.4789321117376,327.0430208965413,319.08948826047026,323.89837646484375,28865100,MSFT
2022-01-04,323.975761808593,324.33379227694843,315.5481232153685,318.3444519042969,32674300,MSFT
2022-01-05,315.2964746266156,315.4996882476473,305.7367826521656,306.1238098144531,40054300,MSFT
2022-01-06,302.9986402827555,308.3687441767891,301.3924488017178,303.7049865722656,39646100,MSFT
2022-01-07,303.9661611560191,306.23998686939547,300.037776956861,303.8597412109375,32720000,MSFT
2022-01-10,299.4571700806818,304.517638395895,294.812784781449,304.08221435546875,44289500,MSFT
2022-01-11,303.2211788519228,306.34645318386146,299.84432347965804,304.7693176269531,29386800,MSFT
2022-01-12,309.3072459156857,312.9259965978094,306.8011801608075,307.9526062011719,34372200,MSFT
2022-01-13,310.08131932128936,310.4780318871743,294.1452264318281,294.9192810058594,45366000,MSFT
2022-01-14,294.38709603316755,300.7441227450604,293.9033045852905,300.14422607421875,39846400,MSFT
2022-01-18,294.2129087897325,299.75713933010854,291.95842433213926,292.83892822265625,42333200,MSFT
2022-01-19,296.3609228324797,303.7338985153527,292.8873043729129,293.4968566894531,45933900,MSFT
2022-01-20,299.0508119575389,301.54716249622516,291.3778877257741,291.8229675292969,35380700,MSFT
2022-01-21,292.8777000608215,294.25165138229846,286.0271958983454,286.43359375,57984400,MSFT
2022-01-24,282.727768608137,287.47857522376313,267.101279303545,286.7625732421875,85731500,MSFT
2022-01-25,282.06977569492784,285.4272897689935,275.92564748178614,279.13800048828125,72848600,MSFT
2022-01-26,298.0058564603818,298.4993332025726,283.5308241295649,287.0915222167969,90428900,MSFT
2022-01-27,292.84867784956623,297.33824766891416,288.27199957427445,290.1200866699219,53481300,MSFT
2022-01-28,290.49743069503995,298.4799897848547,284.9048025987013,298.2671203613281,49743700,MSFT
2022-01-31,298.93473377389125,302.2535358676551,296.4383534812512,300.89892578125,46444500,MSFT
2022-02-01,300.34736009812974,300.5602294808075,295.23852444214555,298.7508544921875,40950400,MSFT
2022-02-02,299.59272363577713,304.90474476135483,298.8670363988058,303.2985534667969,36636000,MSFT
2022-02-03,299.4572493683748,301.1408638459518,290.2361846781371,291.484375,43730000,MSFT
2022-02-04,290.47807776902533,298.78961201270425,290.24586730318873,296.0223388671875,35096500,MSFT
2022-02-07,296.24484477716817,297.860691549558,290.17808160206255,291.1940612792969,28533300,MSFT
2022-02-08,291.48440560863713,295.6546863606417,290.2265594040496,294.6871032714844,32421200,MSFT
2022-02-09,299.8249328306882,301.81815140418445,297.4253459420539,301.1214904785156,31284700,MSFT
2022-02-10,294.183888778049,299.0991965098226,290.95216570355126,292.57769775390625,45386200,MSFT
2022-02-11,293.3615038676102,294.4258511158453,284.68228282928357,285.4757080078125,39175600,MSFT
2022-02-14,284.24678271615846,287.13987530826006,281.9052489238554,285.4369201660156,36359500,MSFT
2022-02-15,290.28456489456636,291.04893415052186,287.3914718484893,290.7296447753906,27058300,MSFT
2022-02-16,289.29465510017036,291.7186141094078,284.74730563169356,290.3902893066406,29982100,MSFT
2022-02-17,287.34575422063546,287.77237333129176,281.1792173127968,281.88702392578125,32461600,MSFT
2022-02-18,284.13644314148104,284.9218034378094,277.6014595831245,279.17218017578125,34264000,MSFT
2022-02-22,276.3312985806441,282.67238298045737,275.84650682874826,278.96856689453125,41736100,MSFT
2022-02-23,281.353818205858,282.8276045097349,271.5804265828889,271.7452392578125,37811200,MSFT
2022-02-24,264.2212168610139,286.1822778670693,263.2613090468984,285.6296081542969,56989700,MSFT
2022-02-25,286.1628662410245,288.57711950054835,282.77899996721817,288.266845703125,32546700,MSFT
2022-02-28,285.35815893426843,290.04126448899723,284.0880067320678,289.701904296875,34627500,MSFT
2022-03-01,287.3846078844976,290.84602885663736,283.2638770860494,285.9787292480469,31217800,MSFT
2022-03-02,286.37619041849695,292.30036144633044,284.76670772312764,291.0592956542969,31873000,MSFT
2022-03-03,293.67715703394936,293.90984760260005,285.1060129570107,286.9191589355469,27314500,MSFT
2022-03-04,285.33873439242245,286.6670590433166,278.43530465770755,281.04345703125,32356500,MSFT
2022-03-07,279.75405923534305,280.87878018143505,270.0582196200893,270.4266662597656,43157200,MSFT
2022-03-08,269.35032612555074,275.32296496007893,261.78758549153326,267.45965576171875,48159500,MSFT
2022-03-09,274.8187631313371,280.79140133597923,272.2396673436956,279.724853515625,35204500,MSFT
2022-03-10,274.41154435304935,277.88267026842374,272.04575796281966,276.90338134765625,30628000,MSFT
2022-03-11,279.201236908851,280.7041089826737,270.9306914140536,271.5512390136719,27209300,MSFT
2022-03-14,271.813047149481,276.71913751452684,267.43054018316315,268.03167724609375,30660700,MSFT
2022-03-15,271.822797240653,279.06558869061246,270.2520763750094,278.41595458984375,34245100,MSFT
2022-03-16,280.3163001707601,285.61024792688795,274.58608713792756,285.43572998046875,37826300,MSFT
2022-03-17,284.3692195417673,286.61863130022596,280.5684383130834,286.2405090332031,30816600,MSFT
2022-03-18,286.38593157017544,291.8446925132739,283.826245999044,291.2920227050781,43390600,MSFT
2022-03-21,289.79880052322176,291.01077978950843,285.9301425844851,290.0605773925781,28351200,MSFT
2022-03-22,290.6811789941739,295.7230260277627,289.6825089750966,294.8116149902344,27599700,MSFT
2022-03-23,291.3696401752131,294.0069093216569,288.66449306063384,290.3806457519531,25715400,MSFT
2022-03-24,290.0412760670834,294.9473671178432,289.2462103485092,294.85040283203125,24484500,MSFT
2022-03-25,295.9460487854715,296.20782573706765,290.18671913558006,294.44317626953125,22566500,MSFT
2022-03-28,295.0733315627351,301.34653794936406,295.0733315627351,301.2496032714844,29578200,MSFT
2022-03-29,304.3620002900689,306.21390857071964,299.64980847038635,305.8163757324219,30393400,MSFT
2022-03-30,304.21657238754335,306.3399629265181,302.10285756421536,304.3135070800781,28163600,MSFT
2022-03-31,304.35237390091476,305.55467803242675,298.5251949050416,298.9324035644531,33422100,MSFT
2022-04-01,299.96001747976396,300.6969103464924,296.2465260058126,300.0085144042969,27110500,MSFT
2022-04-04,300.65819745176503,305.5254968355015,300.2897509219235,305.3897705078125,24289600,MSFT
2022-04-05,303.741391804676,305.29273121739135,300.4448140459923,301.4241027832031,23156700,MSFT
2022-04-06,295.90722237881243,297.66216633435283,287.68514276731554,290.3902893066406,40110400,MSFT
2022-04-07,287.63666926754246,294.41404904374673,287.33610072397653,292.2033996582031,31411200,MSFT
2022-04-08,291.3017431608268,291.96105300699253,287.2682712247313,287.9372863769531,24361900,MSFT
2022-04-11,282.9148149628091,283.7098510494845,276.3313338468451,276.58343505859375,34569300,MSFT
2022-04-12,280.44240903056135,281.8967847315319,271.95855077489966,273.4808044433594,30966700,MSFT
2022-04-13,274.1303944317771,279.80243508000837,272.7438673323913,278.87164306640625,21907200,MSFT
2022-04-14,279.3273746344273,279.54068423967755,270.8241359315861,271.318603515625,28221600,MSFT
2022-04-18,270.4265639610484,273.8685738866559,269.8738942106014,271.9875793457031,20778000,MSFT
2022-04-19,270.8822739757197,277.4657549794319,269.94177668947515,276.6221923828125,22297700,MSFT
2022-04-20,280.59750599779863,280.88839885014346,276.6900850216622,277.64996337890625,22906700,MSFT
2022-04-21,279.80245359132033,284.3788898792056,271.5416110467196,272.268798828125,29454600,MSFT
2022-04-22,273.1123477234531,274.58613398289475,265.06481431264797,265.6950378417969,29405800,MSFT
2022-04-25,264.9774895553303,272.5596102250069,262.5341201377057,272.1814880371094,35678900,MSFT
2022-04-26,269.0594525267125,269.89328023075717,261.7875754313959,262.0008850097656,46518400,MSFT
2022-04-27,273.5195398508142,282.1197416602457,270.66896169578,274.60546875,63477700,MSFT
2022-04-28,276.515542164648,282.129439349792,272.898984777169,280.82049560546875,33646600,MSFT
2022-04-29,279.83153709016864,281.0629273247488,268.0898927013259,269.078857421875,37073900,MSFT
2022-05-02,269.2630493387839,276.27314931657503,267.8183792644711,275.81744384765625,35151100,MSFT
2022-05-03,275.3229748824453,275.4878171281924,271.6288634100802,273.20928955078125,25978600,MSFT
2022-05-04,273.99464411060274,282.03250097169206,268.3128980413791,281.1598815917969,33599300,MSFT
2022-05-05,276.8549873023271,277.6403478720846,265.99563609208957,268.9140930175781,43260400,MSFT
2022-05-06,266.4512719319163,270.7562255668046,263.0189376361337,266.37371826171875,37780300,MSFT
2022-05-09,261.845769469364,264.07580012501256,255.31078485449888,256.5324401855469,47726000,MSFT
2022-05-10,263.426185984904,265.4235259500196,257.00754691357685,261.30279541015625,39336400,MSFT
2022-05-11,257.5989531386787,263.1061806584497,251.41300529112004,252.62498474121094,48975900,MSFT
2022-05-12,249.8520131079963,251.9754036684089,242.41530828868,247.58319091796875,51033800,MSFT
2022-05-13,249.52232362114918,255.0392561912561,247.5831565902319,253.17764282226562,34925100,MSFT
2022-05-16,252.0529146897847,257.73468930316983,248.00006282048204,253.54608154296875,32550900,MSFT
2022-05-17,258.0158894934678,260.16836636831925,254.4769151081099,258.7043151855469,28828800,MSFT
2022-05-18,255.5943947492182,256.1775057639479,245.65245723489335,246.92556762695312,31356000,MSFT
2022-05-19,246.75067954747607,250.4145428936976,244.78756937109227,246.0120849609375,32692300,MSFT
2022-05-20,249.99659233543315,251.260004557282,239.5007120368587,245.44837951660156,39199300,MSFT
2022-05-23,248.2958846153238,254.1366489134325,246.29387790737587,253.31057739257812,33175400,MSFT
2022-05-24,250.62833324775218,253.97144225049283,246.3619328763729,252.30960083007812,29043900,MSFT
2022-05-25,250.87130200295312,257.1299370448451,249.88973211622664,255.12794494628906,28547900,MSFT
2022-05-26,254.88495947054466,259.5886706159191,254.0686158494394,258.4127502441406,25002100,MSFT
2022-05-27,260.92010410159867,265.643241139635,260.0259965721128,265.5460510253906,26910800,MSFT
2022-05-31,264.8561410603611,267.0330579948154,261.35750337408183,264.2147216796875,37827700,MSFT
2022-06-01,267.45095690332687,269.87083423371934,262.43624812483444,264.7492370605469,25292200,MSFT
2022-06-02,257.00356501404997,266.9163331602478,254.2338100694297,266.8482971191406,44008200,MSFT
2022-06-03,262.69859051173177,265.75018841702905,260.85209677085874,262.416748046875,28059000,MSFT
2022-06-06,264.39932013596905,266.4596203370496,259.6956086286452,261.1825256347656,22400300,MSFT
2022-06-07,259.13195514945534,265.439199996227,258.45165391231484,264.8269348144531,22860700,MSFT
2022-06-08,264.0591283318473,265.3128125636582,262.01825461124446,262.7957458496094,17372300,MSFT
2022-06-09,260.2397817065618,265.0309543991037,257.1784861365602,257.333984375,26439700,MSFT
2022-06-10,253.2425174195424,253.2425174195424,245.4192029712448,245.8662567138672,31422800,MSFT
2022-06-13,238.20817089954593,242.00807632258994,234.728975085956,235.43841552734375,46135800,MSFT
2022-06-14,236.99334100220605,238.82040832428856,234.7095068496029,237.60560607910156,28651500,MSFT
2022-06-15,241.3180771254135,248.11125783215647,239.48129639583155,244.67092895507812,33111700,MSFT
2022-06-16,239.05368334595116,240.45313815375846,236.17703942246422,238.07212829589844,33169200,MSFT
2022-06-17,237.8096900838926,243.44637559850622,237.15855784482125,240.67662048339844,43084800,MSFT
2022-06-21,243.2131485780948,247.57672404798697,242.48426715302713,246.5951690673828,29928300,MSFT
2022-06-22,244.7972301666433,249.9285685083653,243.32002647994867,246.0023193359375,25939900,MSFT
2022-06-23,248.37363027538592,252.0666174651717,246.48825470193722,251.5709686279297,25861400,MSFT
2022-06-24,254.4378861963467,260.43416284351514,254.350423997837,260.16204833984375,33923200,MSFT
2022-06-27,260.65770592471864,260.74516813613343,255.86653250823528,257.43121337890625,24615100,MSFT
2022-06-28,256.54684051732926,259.39433022271277,249.10252785697745,249.25802612304688,27295500,MSFT
2022-06-29,250.33668828688562,254.5933594799912,248.55821627920625,252.9315185546875,20069800,MSFT
2022-06-30,249.8119509376396,252.2221295498261,245.7788129454486,249.59814453125,31730900,MSFT
2022-07-01,249.17054274453085,252.4553432396003,247.4406506324261,252.27069091796875,22837700,MSFT
2022-07-05,248.94701449783307,255.57498310317843,247.56700083567833,255.44863891601562,22941000,MSFT
2022-07-06,256.3232970437693,260.4438971435167,255.0113045680069,258.7140197753906,23824400,MSFT
2022-07-07,257.65464582555956,261.4837041851286,257.55745573180474,260.84228515625,20859900,MSFT
2022-07-08,257.33404822115955,260.55084282770747,255.8762852396449,260.12322998046875,19658800,MSFT
2022-07-11,258.169743253347,259.02496869990176,254.7974513473784,257.0618591308594,19455200,MSFT
2022-07-12,258.39331011954675,258.45161825659886,244.94300794231012,246.52711486816406,35868500,MSFT
2022-07-13,243.14512305849968,246.41051237825036,241.12369016254638,245.6038818359375,29497400,MSFT
2022-07-14,243.51440822943295,247.95571756773037,239.01477592635922,246.92556762695312,25102800,MSFT
2022-07-15,248.51939960298733,253.0384582835576,247.59615280932707,249.49124145507812,29774100,MSFT
2022-07-18,252.4359355465149,253.4952396670065,246.16755820714366,247.09080505371094,20975000,MSFT
2022-07-19,250.32700351696752,252.40675925247564,246.53682634197378,252.22210693359375,25012600,MSFT
2022-07-20,252.58167319380988,257.4117280363677,251.61955932033453,254.8849334716797,22788300,MSFT
2022-07-21,252.47483920219835,257.4312392890504,249.79254581579903,257.38262939453125,22404700,MSFT
2022-07-22,257.7713097746288,257.8587719777169,251.77506247182694,253.02871704101562,21881300,MSFT
2022-07-25,253.65076507358918,254.1366860794773,249.57874467158572,251.54185485839844,21056000,MSFT
2022-07-26,252.5428140385053,252.56226985718692,242.5425825526762,244.8069610595703,39348000,MSFT
2022-07-27,253.80618244101655,262.4458397490854,251.56123048216568,261.1727294921875,45994000,MSFT
2022-07-28,262.15436025094607,270.01655789466145,260.32729267977885,268.6268310546875,33459300,MSFT
2022-07-29,269.88046135026275,274.059368942466,268.840583577074,272.8348388671875,32152800,MSFT
2022-08-01,269.9970493773769,273.35961312049795,268.0727922686385,270.18170166015625,21539600,MSFT
2022-08-02,268.2282784075426,270.06507324564194,264.71021660273493,267.0815124511719,22754200,MSFT
2022-08-03,268.9669954414521,275.5172008854387,268.8211954180765,274.5162048339844,23518900,MSFT
2022-08-04,273.864989686515,275.8086731609637,272.2809125677745,275.66290283203125,18098700,MSFT
2022-08-05,271.2896818162804,275.66297071065867,270.83291490098145,274.9438171386719,16774600,MSFT
2022-08-08,276.0517095079037,277.86907896921457,271.4549158080247,272.4267578125,18739200,MSFT
2022-08-09,271.765878834773,275.1089876320651,269.7930113371827,274.3509521484375,23405200,MSFT
2022-08-10,280.05567781115093,281.6494830162943,278.8603016635988,281.0177917480469,24687800,MSFT
2022-08-11,282.66025129822157,283.01010018184206,278.44246058218863,278.9380798339844,20065900,MSFT
2022-08-12,280.3569882585623,283.6903991699219,278.8603432880128,283.6903991699219,22619700,MSFT
2022-08-15,282.8060309314532,285.89648147107107,281.9410772881699,285.20648193359375,18085700,MSFT
2022-08-16,283.76804623274165,285.7603394968302,282.24227731616503,284.4677734375,18102900,MSFT
2022-08-17,282.1791399463547,285.69495138930665,281.91619637542664,283.7179260253906,18253400,MSFT
2022-08-18,282.61736778226833,284.2924848210628,281.5363182612863,282.597900390625,17186200,MSFT
2022-08-19,281.3610379905131,281.7019105508063,278.10820013531355,278.68280029296875,20570000,MSFT
2022-08-22,274.71900818026165,275.0890966994029,269.9858458890411,270.50201416015625,25061100,MSFT
2022-08-23,269.2262268066406,271.58305961695726,268.2133575622362,269.2262268066406,17527400,MSFT
2022-08-24,268.2231121213267,269.9956259083875,267.9309228621196,268.59320068359375,18137000,MSFT
2022-08-25,270.09297956266056,271.7388808966969,267.35630971117797,271.5733337402344,16583400,MSFT
2022-08-26,271.79728794342236,273.024417273925,260.9869704514699,261.0940856933594,27549300,MSFT
2022-08-29,258.9125930668451,260.4221335952859,256.96478349661675,258.30877685546875,20338500,MSFT
2022-08-30,259.71121737335454,260.081276247606,253.8580397603448,256.1077575683594,22767100,MSFT
2022-08-31,258.464585387242,260.13967295694687,254.51050491907353,254.64686584472656,24791800,MSFT
2022-09-01,252.11473941611692,254.0820462007677,248.7450370151719,253.6048126220703,23263400,MSFT
2022-09-02,254.87084211416317,257.83149065713957,247.8295012558283,249.3780059814453,22855400,MSFT
2022-09-06,249.5144035204149,251.10184326326072,245.36555986305348,246.64137268066406,21328200,MSFT
2022-09-07,248.05352047263693,252.07573671931658,246.61214569878825,251.3550567626953,24126700,MSFT
2022-09-08,250.79021068457934,253.63399578598168,248.14117383130036,251.77383422851562,20319900,MSFT
2022-09-09,253.7022135226594,258.3087941645709,253.49770182602154,257.5588684082031,22084700,MSFT
2022-09-12,258.8444189971821,260.47085310586147,258.24060277088006,259.69171142578125,18747700,MSFT
2022-09-13,252.08548374554073,253.60477266828747,245.02467481719648,245.41424560546875,33353300,MSFT
2022-09-14,246.9140727462819,247.5958031065258,243.3398440584392,245.6382598876953,23913000,MSFT
2022-09-15,243.252171211811,244.83962570319943,237.65221941398767,238.9767303466797,31530900,MSFT
2022-09-16,237.88595437992277,238.89882358010237,235.74336703268992,238.3534393310547,39791800,MSFT
2022-09-19,236.1426981198614,238.74302215341444,234.56497709875475,238.1392059326172,26826900,MSFT
2022-09-20,235.7531105348159,237.15552077631924,233.38651445985508,236.12318420410156,26660300,MSFT
2022-09-21,237.89570341294743,241.1972397263064,232.66582510868037,232.7145233154297,28625600,MSFT
2022-09-22,231.6626994562865,237.49639378843938,231.37053994331876,234.69154357910156,31061200,MSFT
2022-09-23,233.28914678516338,234.83766669484226,229.06240356442768,231.71142578125,34176000,MSFT
2022-09-26,230.8641214166978,235.14929632525457,230.71802678944272,231.25367736816406,27694200,MSFT
2022-09-27,233.71764626825262,235.49015995931182,228.38065266127452,230.24081420898438,27018700,MSFT
2022-09-28,230.6303619280171,236.00631985347113,228.60463843638797,234.77920532226562,29029700,MSFT
2022-09-29,232.65609511384054,233.68843172668625,228.29300618270508,231.3023681640625,27484200,MSFT
2022-09-30,232.0717644033824,234.2630501670301,226.65685618291016,226.82241821289062,35694800,MSFT
2022-10-03,229.2669257521109,235.30513236136022,228.53649717371928,234.4578399658203,28880400,MSFT
2022-10-04,238.69432941200785,243.82681198824184,238.58719928709414,242.38543701171875,34888400,MSFT
2022-10-05,239.5708111265556,244.0410299207372,237.7301319253864,242.69703674316406,20347100,MSFT
2022-10-06,241.46016522278586,243.80727892274643,239.6584505927513,240.34991455078125,20239900,MSFT
2022-10-07,234.61363538940842,235.02268843917923,227.08535624814024,228.12744140625,37769600,MSFT
2022-10-10,226.96847977157327,228.43907043105446,220.81339530154835,223.26763916015625,29743600,MSFT
2022-10-11,221.68018361933272,223.08260876857707,218.26178346350437,219.52786254882812,30474000,MSFT
2022-10-12,219.5181209293946,221.91393311184666,218.1157105964302,219.85899353027344,21903900,MSFT
2022-10-13,214.11295342121704,229.93890473575348,213.41174085104754,228.12744140625,42551800,MSFT
2022-10-14,229.393492314521,231.0491420906271,222.38138188024428,222.59564208984375,30198600,MSFT
2022-10-17,229.66623513189379,232.72429558367523,229.00397214596376,231.33160400390625,28142300,MSFT
2022-10-18,236.89255823159834,237.56453991695395,229.2279189898158,232.2762451171875,26329600,MSFT
2022-10-19,230.85437475930172,233.3573170929322,228.17613670425018,230.30899047851562,19985700,MSFT
2022-10-20,229.61750568038707,235.01293095415457,228.7409825706679,229.98757934570312,21811000,MSFT
2022-10-21,228.6144117292178,236.65885980316088,228.3806692339145,235.80181884765625,26299700,MSFT
2022-10-24,237.39902532056323,241.37255863130235,235.0032278685901,240.79795837402344,24911200,MSFT
2022-10-25,240.80768764987562,244.48904648504563,239.41501096435695,244.1189727783203,34775500,MSFT
2022-10-26,225.13755100638363,232.0814963742718,224.05651617915876,225.2836456298828,82543200,MSFT
2022-10-27,225.01094581972592,227.59180231118427,219.888212209169,220.83290100097656,40424600,MSFT
2022-10-28,220.33621230472642,230.42586594040267,220.15116802762412,229.71490478515625,40647700,MSFT
2022-10-31,227.65997973649493,228.7897128662686,225.1180876248081,226.07252502441406,28357300,MSFT
2022-11-01,228.47803488612004,229.58828558322924,221.3977439800207,222.2158203125,30592300,MSFT
2022-11-02,223.47217862480318,225.26415970324368,214.2979832888999,214.35643005371094,38407000,MSFT
2022-11-03,214.34667250941115,214.65832913291175,208.39611445747363,208.65907287597656,36633900,MSFT
2022-11-04,211.8729869376078,215.80755569299043,207.86048915628433,215.61277770996094,36789100,MSFT
2022-11-07,216.1970958555256,222.44956184578618,215.50561702414757,221.92364501953125,33498000,MSFT
2022-11-08,222.73202097791747,225.6050371166513,219.9466527031385,222.8975830078125,28192500,MSFT
2022-11-09,221.4367201317789,222.66384963798401,218.47605620531436,218.65135192871094,27852900,MSFT
2022-11-10,229.2863751045428,236.98023110784243,228.86760321897782,236.6393585205078,46268000,MSFT
2022-11-11,236.64909297043917,241.51861615288743,235.61674157285157,240.6615753173828,34620200,MSFT
2022-11-14,235.67520929864517,237.54510458377084,232.9677553572084,235.24668884277344,31123300,MSFT
2022-11-15,239.2494265791224,240.55445528008838,233.76633849082606,235.6557159423828,31390100,MSFT
2022-11-16,237.120710497432,238.10713596741456,234.80605609814359,236.08546447753906,24093300,MSFT
2022-11-17,232.22766434937833,237.5699370972691,232.0811729185345,236.03659057617188,23123500,MSFT
2022-11-18,237.82387701389203,238.0485170933891,233.44849211403692,235.5873565673828,27613500,MSFT
2022-11-21,235.79244700156886,238.95679628172485,235.55806069358533,236.39797973632812,26394700,MSFT
2022-11-22,237.90201790004144,239.58185601879657,235.08927783112682,239.3083953857422,19665700,MSFT
2022-11-23,239.38651834176036,242.48249493563225,238.56613647954853,241.79884338378906,19508500,MSFT
2022-11-25,241.53511763128728,242.89265945895485,240.9686592920648,241.71092224121094,9200800,MSFT
2022-11-28,240.33386298973988,240.89054534482318,235.17715584666723,236.11473083496094,24778200,MSFT
2022-11-29,235.76313137502686,237.1206732847148,232.64763267479685,234.71812438964844,17956300,MSFT
2022-11-30,234.95253887719915,249.36787777071672,234.2591112887046,249.18231201171875,47594200,MSFT
2022-12-01,247.94192311019697,250.1393837700927,245.06081100327486,248.74278259277344,26041500,MSFT
2022-12-02,243.98655080896413,250.08083329127504,243.8595816230871,249.06512451171875,21528500,MSFT
2022-12-05,246.12539896649085,247.89314681984325,242.26763698881598,244.357666015625,23435300,MSFT
2022-12-06,244.96315243589063,245.97886101751882,238.0875339206959,239.396240234375,22463700,MSFT
2022-12-07,239.11305308285705,240.41199845740607,236.5542366516699,238.66378784179688,20481500,MSFT
2022-12-08,239.1228268856705,242.93176834963776,237.38439220863714,241.623046875,22611800,MSFT
2022-12-09,238.98609654359035,242.51180134599122,238.4587124437862,239.6892852783203,20609700,MSFT
2022-12-12,241.6718504871447,246.64299152218828,241.39838989324147,246.6136932373047,30665100,MSFT
2022-12-13,255.579352180181,257.7572908019212,247.16064016484373,250.92074584960938,42196900,MSFT
2022-12-14,251.12588075984334,256.4583784732962,248.37172212570653,251.21377563476562,35410900,MSFT
2022-12-15,247.7954592877002,248.26424677465207,241.56443204275277,243.1954345703125,35560400,MSFT
2022-12-16,242.74620073337888,244.0060718471809,237.82387962727623,238.97633361816406,86102000,MSFT
2022-12-19,239.14233870840474,239.48417191084002,233.13595171264518,234.83531188964844,29696400,MSFT
2022-12-20,233.80987149856165,237.23792059289175,232.85275921382146,236.15383911132812,25150800,MSFT
2022-12-21,236.04638713125163,239.8846119779552,234.50327934808365,238.72239685058594,23690600,MSFT
2022-12-22,235.62640311504308,236.33936782887625,228.40896543431774,232.6280975341797,28651700,MSFT
2022-12-23,230.5966404384966,233.2921868332272,228.47731348824905,233.15545654296875,21207000,MSFT
2022-12-27,233.1261790492013,233.35080420983945,230.32320039769817,231.42681884765625,16688600,MSFT
2022-12-28,231.35845128578754,234.122370583587,228.70196400671827,229.05355834960938,17457100,MSFT
2022-12-29,230.14742187789756,236.27101770155872,230.14742187789756,235.38226318359375,19770700,MSFT
2022-12-30,232.64764099629804,234.35677730572505,231.13383157030836,234.2200469970703,21938500,MSFT
2023-01-03,237.40391403529475,240.011565882423,231.85653825258547,233.9856414794922,25740000,MSFT
2023-01-04,226.85611938033796,227.43233894450995,220.6837029776662,223.75038146972656,50623400,MSFT
2023-01-05,221.89471081098847,222.23654401593947,216.58173640623133,217.118896484375,39585600,MSFT
2023-01-06,217.79280825495562,220.48835513572715,214.2280440359925,219.677734375,43613600,MSFT
2023-01-09,221.1622513114738,225.8404102334112,221.12319189298108,221.8166046142578,27369800,MSFT
2023-01-10,222.4416512068121,225.90875938940619,222.0216991383432,223.50621032714844,27033900,MSFT
2023-01-11,225.8892031998331,230.44039237661667,225.71341348434925,230.2646026611328,28669300,MSFT
2023-01-12,229.76651770584309,234.29817003437267,228.10621681309263,232.9406280517578,27269500,MSFT
2023-01-13,231.4659053791777,233.78055966417364,229.43447286012528,233.64382934570312,21333300,MSFT
2023-01-17,232.41324073937315,235.28459213527947,231.55378456577233,234.7376708984375,29831300,MSFT
2023-01-18,235.9291902032741,236.72027379093637,230.0204586660314,230.30368041992188,30028700,MSFT
2023-01-19,228.3210895299991,230.02046480616403,225.29347050869634,226.5142822265625,28623000,MSFT
2023-01-20,229.37587644436226,235.11857962918376,229.03404319669926,234.6107177734375,35389800,MSFT
2023-01-23,235.47015159128358,239.44510648286737,234.0539981879018,236.91558837890625,31934000,MSFT
2023-01-24,236.83747939221803,238.25361804107612,234.82558401353157,236.38821411132812,40234400,MSFT
2023-01-25,229.00472733419514,237.61878145041626,225.5083209962778,234.99159240722656,66526600,MSFT
2023-01-26,237.96061466071725,242.51180433252105,236.34914915023313,242.20904541015625,33454500,MSFT
2023-01-27,243.17590081279988,243.99628260178545,241.06633486756434,242.3652801513672,26498900,MSFT
2023-01-30,238.8005289422948,239.86508806743547,236.54447131176642,237.04257202148438,25867400,MSFT
2023-01-31,237.76529133415198,242.16021359505123,237.2769666384965,242.0234832763672,26541100,MSFT
2023-02-01,242.2090148020215,249.22134928704855,239.7380933835384,246.8480987548828,31259900,MSFT
2023-02-02,252.77635548169766,258.5092815709829,251.24300907004084,258.42138671875,39940400,MSFT
2023-02-03,253.47958267391422,258.03077225795073,251.09655585643634,252.31736755371094,29077300,MSFT
2023-02-06,251.42859910463446,252.26850319934903,248.83070838044688,250.77423095703125,22518000,MSFT
2023-02-07,254.44644293620124,262.49402369384705,254.00693882575916,261.3122863769531,50841400,MSFT
2023-02-08,266.8206631444049,270.2975330819385,259.9938626718781,260.5017395019531,54686000,MSFT
2023-02-09,267.4066092650487,267.5824288189988,256.6634652436556,257.4643249511719,42375100,MSFT
2023-02-10,255.42310477455004,257.9233247404557,254.57342460398476,256.9564514160156,25818500,MSFT
2023-02-13,261.39043477453396,268.187905604371,260.9118563468283,264.9844970703125,44630900,MSFT
2023-02-14,266.3029608494868,268.54924217498206,262.9921056261591,265.81463623046875,37047900,MSFT
2023-02-15,262.71093736345534,265.07056133423544,260.6156584468026,263.6900329589844,28922400,MSFT
2023-02-16,258.5007952473413,261.16393632712175,256.42511747097006,256.6698913574219,29603600,MSFT
2023-02-17,253.96760380179387,254.65295274483813,250.64845561375148,252.66539001464844,30000100,MSFT
2023-02-21,249.16022201193073,250.14911804172624,246.33063657642128,247.3880615234375,28397400,MSFT
2023-02-22,248.77838767780975,249.0231615682259,245.10677932156742,246.2523193359375,22491100,MSFT
2023-02-23,250.2176316666575,251.47087265175512,245.24382497088402,249.44415283203125,29219100,MSFT
2023-02-24,244.73471364848396,245.75296637788725,242.91359545143786,244.0101776123047,24990900,MSFT
2023-02-27,247.18246470486716,247.5349396941545,244.17663424902608,244.9305419921875,21190000,MSFT
2023-02-28,243.86333443445264,246.23274385931393,243.53043059507243,244.2060089111328,22491000,MSFT
2023-03-01,245.51800152780746,245.68444598313184,240.6518953145832,241.1218719482422,27565300,MSFT
2023-03-02,241.3960138819759,246.14461839541934,240.47566166300976,245.86068725585938,24808200,MSFT
2023-03-03,246.91810564854498,250.27639616638209,246.1348262316736,249.9532928466797,30760100,MSFT
2023-03-06,251.0694397510907,254.68230436172686,250.62884978536187,251.500244140625,24109800,MSFT
2023-03-07,250.94217713898314,252.30313429367388,248.09302044698885,248.83712768554688,21473200,MSFT
2023-03-08,248.7294190422308,249.21896680166975,245.56694469940246,248.3965301513672,17340200,MSFT
2023-03-09,250.47222930235247,254.1340370763852,246.32085881638,247.04539489746094,26653400,MSFT
2023-03-10,245.83132500399927,247.5055701134534,242.42407649965673,243.39337158203125,28333900,MSFT
2023-03-13,242.2282016193256,252.51850407419997,240.5931140560638,248.61190795898438,33339700,MSFT
2023-03-14,251.38277879923007,255.61247868470284,250.51138437002095,255.3383331298828,33620300,MSFT
2023-03-15,254.5452601893461,260.9093809729157,253.79133752741032,259.89111328125,46028000,MSFT
2023-03-16,259.665957162543,270.7786991165704,257.7763096695362,270.4262390136719,54768800,MSFT
2023-03-17,272.4431589301929,277.4071510542046,270.54371102205045,273.58868408203125,69527400,MSFT
2023-03-20,271.18988829736253,271.6794360581046,264.20893244844024,266.5391845703125,43466600,MSFT
2023-03-21,269.13383499318786,269.251321698279,263.885866421952,268.05682373046875,34558700,MSFT
2023-03-22,267.6846819650657,275.16498531924117,266.49018435697667,266.597900390625,34873300,MSFT
2023-03-23,272.12982794030694,275.184601369669,269.44711561214615,271.8556823730469,36610900,MSFT
2023-03-24,271.44445936393123,274.76360784861777,269.52544032042374,274.7048645019531,28172000,MSFT
2023-03-27,274.63631661296625,275.57624002545316,269.7604097538673,270.6024475097656,26840200,MSFT
2023-03-28,270.0247926282162,270.3674820752308,266.3629546475742,269.47650146484375,21878600,MSFT
2023-03-29,273.12847169713626,275.26292259083164,272.58998112520123,274.6460876464844,25087000,MSFT
2023-03-30,278.28835097959796,278.51352384288515,275.59583810054556,278.1120910644531,25053400,MSFT
2023-03-31,277.79878010007826,283.22294771783334,277.0840296203647,282.2732238769531,32766000,MSFT
2023-04-03,280.5304371238125,282.243854280698,278.01418435050056,281.2256164550781,24883300,MSFT
2023-04-04,281.2256084444779,284.37829711852913,279.6982218699312,281.1766357421875,25824300,MSFT
2023-04-05,279.87447046132644,281.14728273137956,277.00572765537777,278.3960266113281,22064800,MSFT
2023-04-06,277.28961669659077,285.9741886409237,276.13429122558216,285.5042419433594,29770300,MSFT
2023-04-10,283.1641637088005,283.5460252454762,278.75823454197393,283.3404235839844,23103000,MSFT
2023-04-11,279.77657491179383,280.0017776622644,275.7525062342862,276.9176025390625,27276600,MSFT
2023-04-12,278.83659319523866,281.01018622412647,276.06573642239,277.5637512207031,27403400,MSFT
2023-04-13,277.66165963721517,283.8397491927381,277.25045630367333,283.781005859375,24222700,MSFT
2023-04-14,281.00045519332065,282.44952753077473,277.75965094017215,280.158447265625,20987900,MSFT
2023-04-17,283.8691083590636,285.50421074465487,280.17792963706347,282.7627258300781,23836200,MSFT
2023-04-18,285.47491478550927,285.6609453421748,281.01024118479097,282.341796875,20161800,MSFT
2023-04-19,280.01147831348476,283.0075077875069,278.59180793950236,282.4200744628906,17150300,MSFT
2023-04-20,279.2869595931928,282.9879389668503,279.12050023010096,280.12896728515625,23244400,MSFT
2023-04-21,279.0520247927153,280.28566483452795,277.14277656950355,279.7863464355469,21676400,MSFT
2023-04-24,276.19304795792937,278.9932766450886,272.8935008803915,275.8797302246094,26611000,MSFT
2023-04-25,273.66706520813676,275.71337175925413,269.6135944229344,269.6625671386719,45772200,MSFT
2023-04-26,290.4975870147377,293.30758574067397,286.61057748453555,289.19537353515625,64599200,MSFT
2023-04-27,289.78292984563893,298.8199931125039,289.0779798089215,298.45770263671875,46462600,MSFT
2023-04-28,297.6548232687838,302.47195624653347,296.96944448822813,300.8368835449219,36469600,MSFT
2023-05-01,300.5529525833872,302.14888305967634,298.7709915681672,299.17242431640625,21294100,MSFT
2023-05-02,301.32648498759136,302.71678406961206,297.55696078190715,299.0256042480469,26404400,MSFT
2023-05-03,300.21027546467184,302.1586660652437,297.733164896042,298.03668212890625,22360800,MSFT
2023-05-04,299.83824048560797,301.32648498759136,297.0576124419387,299.0256042480469,22519900,MSFT
2023-05-05,299.32910233190466,305.448449715473,297.9094017870665,304.1560363769531,28197100,MSFT
2023-05-08,303.6469176772524,303.7154615391141,299.6913631590147,302.1978454589844,21318600,MSFT
2023-05-09,301.5614013671875,303.55876446980983,299.90672765113413,300.5823059082031,21340800,MSFT
2023-05-10,302.16847643254437,306.4569199007131,301.23835354911984,305.7813415527344,30078000,MSFT
2023-05-11,303.61748766498266,304.6161542102312,299.8577649374575,303.62725830078125,31680200,MSFT
2023-05-12,304.0581273381705,304.1560428743244,300.1907176369154,302.51116943359375,19774700,MSFT
2023-05-15,302.6384456998606,303.42171020151784,301.16000183238515,302.99090576171875,16336500,MSFT
2023-05-16,303.35316000473966,307.15205550564514,303.35316000473966,305.2232360839844,26730300,MSFT
2023-05-17,306.4301881447826,308.5300175402266,304.9092544308229,308.10809326171875,24315000,MSFT
2023-05-18,308.6281218082049,313.0535052333268,307.83332313670064,312.5432434082031,27276000,MSFT
2023-05-19,310.79665472761,312.7689485029045,310.43360222955846,312.36663818359375,27546700,MSFT
2023-05-22,312.62177529023154,316.53689709363704,312.04284968121516,315.1533508300781,24115700,MSFT
2023-05-23,314.02496753538287,316.66449486892907,309.3346604791277,309.344482421875,30797200,MSFT
2023-05-24,308.8243994042462,310.5611762447715,306.7441540494219,307.9609069824219,23384900,MSFT
2023-05-25,317.17470817825347,320.7660354537529,313.99551318959146,319.804443359375,43301700,MSFT
2023-05-26,317.9400583040085,327.14405620676587,317.8027008438637,326.6436462402344,36630600,MSFT
2023-05-30,328.93970446554357,329.44011438601143,324.318062056043,324.9951171875,29503100,MSFT
2023-05-31,326.0549334794957,329.63643905148126,321.1879811403836,322.2281188964844,45950600,MSFT
2023-06-01,319.8142636914604,327.27166377941205,318.6269764366059,326.3394775390625,26773900,MSFT
2023-06-02,327.9780910808691,331.16710767327845,326.30997811609336,329.10650634765625,25873800,MSFT
2023-06-05,328.92992247927083,332.20724701987933,328.3804327326386,329.63641357421875,21307100,MSFT
2023-06-06,329.03782599435294,329.07708381551254,325.9371468564524,327.4187927246094,20396200,MSFT
2023-06-07,325.4268516357255,328.21355775333575,316.44854992905215,317.3120422363281,40717100,MSFT
2023-06-08,317.8615607379673,320.51090965341575,317.28263514872793,319.15679931640625,23277700,MSFT
2023-06-09,318.8918385067795,323.79801789828633,318.32273487313944,320.6580810546875,22529000,MSFT
2023-06-12,322.41450809645136,325.86847794256755,319.0586977831723,325.6231689453125,24260300,MSFT
2023-06-13,328.19397978099306,330.65689152573293,324.1905503980353,328.0173645019531,22951300,MSFT
2023-06-14,328.06639373925447,332.678214257829,326.5651040717086,331.0101013183594,26003800,MSFT
2023-06-15,331.1475459812555,343.27560893103424,330.8728010908221,341.5682678222656,38899100,MSFT
2023-06-16,344.7277944942439,344.87497388637837,335.5336191446204,335.9064636230469,46552000,MSFT
2023-06-20,332.9431539372829,335.66116662544215,329.55787807274623,331.706787109375,26375400,MSFT
2023-06-21,330.0582957138187,331.3927920316485,325.838993566958,327.301025390625,25117800,MSFT
2023-06-22,327.85049733442173,333.7379120738976,327.0851346160875,333.3356018066406,23556800,MSFT
2023-06-23,328.0859928290581,331.61844775311465,327.1930945886858,328.7336120605469,23146900,MSFT
2023-06-26,327.4580664000975,329.80320477764576,322.3261915392268,322.43414306640625,21520600,MSFT
2023-06-27,325.6328827704176,329.8423925373536,323.1209216371493,328.29205322265625,24354100,MSFT
2023-06-28,328.3804225415333,331.6381330418555,327.54636600540425,329.548095703125,20259500,MSFT
2023-06-29,328.4294754124527,329.80319974916614,326.37869587676175,328.7630920410156,16997000,MSFT
2023-06-30,331.41242887349597,336.2989944894714,330.8727611005321,334.15008544921875,26832800,MSFT
2023-07-03,332.8253831560942,334.5032880387074,330.25455007590733,331.64788818359375,12508700,MSFT
2023-07-05,328.80238226034805,335.239288310843,328.44915165822283,331.8049621582031,18172400,MSFT
2023-07-06,330.9708256570031,336.55405979331294,329.20461318273215,334.8663330078125,28161200,MSFT
2023-07-07,332.95302725325797,335.3766815206191,330.67655240599004,330.8924255371094,21214800,MSFT
2023-07-10,328.32152762825416,328.9397110166737,321.4430546068671,325.6034851074219,32791400,MSFT
2023-07-11,324.84789933572927,326.6141116769602,320.8640846557816,326.2314453125,26698200,MSFT
2023-07-12,330.2840246615467,335.239254199601,329.3714824206285,330.8727722167969,29995300,MSFT
2023-07-13,333.1884182275758,337.2899765909283,332.65854252311846,336.2302551269531,20567200,MSFT
2023-07-14,341.06784313435514,344.8357860625372,337.84939001164037,338.7619323730469,28352700,MSFT
2023-07-17,339.19362653573205,340.4790431987355,335.77894468986676,339.2427062988281,20363900,MSFT
2023-07-18,339.3407612690202,359.89766311953025,335.74946461658294,352.74444580078125,64738600,MSFT
2023-07-19,354.96209307208494,355.6587621887617,345.82678907790546,348.417236328125,39732900,MSFT
2023-07-20,346.9355902267656,351.25302227091294,338.88944373248916,340.3612976074219,33778400,MSFT
2023-07-21,342.5985119949176,343.72692730245325,333.45338612673345,337.3194580078125,69405400,MSFT
2023-07-24,339.3604427915747,340.4103723937978,335.8868593129291,338.6343078613281,26678100,MSFT
2023-07-25,340.59681755620375,345.28715443801974,338.5951176532345,344.39422607421875,41637700,MSFT
2023-07-26,335.03321711179626,338.20262012350594,326.8595045876303,331.43206787109375,58383700,MSFT
2023-07-27,334.09118396383514,334.9252104578534,322.8756357431296,324.5143127441406,39635300,MSFT
2023-07-28,327.40896167261354,333.629993034326,326.91834377394594,332.020751953125,28484900,MSFT
2023-07-31,330.5980267133625,331.36338955022967,327.10479921092735,329.6167907714844,25446000,MSFT
2023-08-01,328.9004847782133,332.1876312426991,327.4384527759718,330.0289001464844,18311900,MSFT
2023-08-02,327.3697167947092,327.3697167947092,320.23611310138045,321.354736328125,27761300,MSFT
2023-08-03,319.88292875697346,323.6901291419594,319.8338789360626,320.5305480957031,18253700,MSFT
2023-08-04,325.6525590625856,328.85139751963476,321.0996103397931,321.6294860839844,23741500,MSFT
2023-08-07,322.20840022870215,324.8969767831622,321.37434379580344,323.9157409667969,17741500,MSFT
2023-08-08,320.82490464522823,322.58132541763825,316.9392185852385,319.9319763183594,22327600,MSFT
2023-08-09,320.3440854180899,320.9720608226161,315.0257736651899,316.18365478515625,22373300,MSFT
2023-08-10,319.9025601772297,322.1005492501325,315.1533813786417,316.87054443359375,20113700,MSFT
2023-08-11,314.25061483261044,316.3602660012063,313.22029918403376,314.9865417480469,24355500,MSFT
2023-08-14,315.3594171589749,317.97930021692355,314.07397059332675,317.9596862792969,18836100,MSFT
2023-08-15,316.9392105100473,318.98999004348366,314.87860903477014,315.8205871582031,16966300,MSFT
2023-08-16,315.44693875811095,319.0065586089997,314.46362532057526,315.0536193847656,20698900,MSFT
2023-08-17,315.1913076048041,316.49910131427634,310.9335434813975,311.5923767089844,21257200,MSFT
2023-08-18,309.2421912471136,313.06729440212877,306.3512477338566,311.1990051269531,24755000,MSFT
2023-08-21,312.6248414758279,317.3840750264029,311.7497080998156,316.5089416503906,24040000,MSFT
2023-08-22,320.06850470582657,320.638813261693,316.09591025429995,317.0792236328125,16084600,MSFT
2023-08-23,318.4165278621223,323.70675834794656,318.0625194610532,321.54345703125,21166400,MSFT
2023-08-24,327.2959118230331,327.42374738223793,314.6209861195301,314.6308288574219,23281400,MSFT
2023-08-25,316.1057329442358,319.9308061397361,313.4802731864356,317.5905456542969,21684100,MSFT
2023-08-28,320.2258699937862,320.7076839940525,316.35161250011487,318.298583984375,14808500,MSFT
2023-08-29,316.5088968490621,323.4904274361002,316.5088968490621,322.929931640625,19284600,MSFT
2023-08-30,323.1856265787588,324.30658824416685,321.0026696426028,323.3036193847656,15222100,MSFT
2023-08-31,323.7067756652974,325.3882331373902,321.32714408962795,322.2908020019531,26411000,MSFT
2023-09-01,325.78155572289427,326.45020162379865,321.32714728180537,323.17578125,14942000,MSFT
2023-09-05,323.5100975629304,329.2624867583471,323.17577461933763,327.9841613769531,18553900,MSFT
2023-09-06,327.817065694941,328.87903109155945,324.67045043147994,327.3254089355469,17535800,MSFT
2023-09-07,325.7619150807658,327.5220245169093,323.5396171232003,324.4049377441406,18381000,MSFT
2023-09-08,324.5818961212668,330.55061528459504,323.96240391702685,328.692138671875,19530100,MSFT
2023-09-11,331.61263290676015,332.77296563529865,329.8328378843995,332.30096435546875,16583300,MSFT
2023-09-12,330.2162623454097,331.1700773968811,325.948686447505,326.23382568359375,17565500,MSFT
2023-09-13,325.7815623439832,331.2291270189504,325.64391407139624,330.4523010253906,16544400,MSFT
2023-09-14,333.4907212996785,335.1721787492822,330.9537860249842,333.0482482910156,20267000,MSFT
2023-09-15,331.2979278629475,331.76989903822374,324.14922101789426,324.709716796875,37679800,MSFT
2023-09-18,322.3301681622196,324.8867893817978,320.9141942562485,323.56915283203125,16834200,MSFT
2023-09-19,320.7272959004481,323.8935657652316,319.094992304731,323.1658935546875,16505900,MSFT
2023-09-20,324.0115673587357,324.0902192171902,315.1617478697836,315.4173889160156,21436500,MSFT
2023-09-21,313.93263631012064,319.92101113625847,309.74371174856566,314.1981201171875,35560400,MSFT
2023-09-22,315.9582625950678,316.0860981358559,310.8745192146817,311.7201843261719,21447900,MSFT
2023-09-25,311.3071733116646,312.36916854605823,309.7437086689083,312.2413330078125,17836000,MSFT
2023-09-26,309.87158577781963,310.60907089739686,304.8468382254269,306.9314880371094,26297600,MSFT
2023-09-27,307.08871274751345,309.05533922686567,304.5222795959613,307.570556640625,19410100,MSFT
2023-09-28,305.80065881535404,310.21575688010876,304.28637761624543,308.4064636230469,19683600,MSFT
2023-09-29,312.4478586518566,314.1391590398575,309.72409111193235,310.4812316894531,24147300,MSFT
2023-10-02,311.0023577080208,316.51876142882526,309.9207069776333,316.43023681640625,20570000,MSFT
2023-10-03,315.47643841498,316.02712155021527,306.0169679036218,308.1606140136719,21033500,MSFT
2023-10-04,308.7899664995987,314.69969079792565,308.7604682921341,313.6376953125,20720100,MSFT
2023-10-05,313.76549150792954,314.6406549001424,309.6454056684001,314.0309753417969,16965600,MSFT
2023-10-06,311.26785534059786,323.6969515428258,311.022026982247,321.7991638183594,25673600,MSFT
2023-10-09,319.33100051797163,324.78837743803706,317.78719140430474,324.31640625,19891200,MSFT
2023-10-10,325.43743228080154,325.5751105768061,322.2023524248597,322.91033935546875,20557100,MSFT
2023-10-11,325.6832160795872,327.2663662252011,323.64778019000204,326.873046875,20063200,MSFT
2023-10-12,325.0539124253683,328.062848978579,323.23477666400214,325.6340637207031,19313100,MSFT
2023-10-13,326.83375443130774,328.25954103838023,320.91418780201565,322.2613525390625,21072400,MSFT
2023-10-16,325.52589126243953,330.5309829095428,325.083418234461,327.0893859863281,22158000,MSFT
2023-10-17,324.09025768703805,327.8956757176601,321.9466416917106,326.51904296875,18338500,MSFT
2023-10-18,326.9418838619396,329.9901616003234,322.8217980493897,324.6015930175781,23153600,MSFT
2023-10-19,326.60751870152404,331.25860158595435,325.3882197669904,325.7913818359375,25052100,MSFT
2023-10-20,326.1847456816056,326.38142037907215,320.01938102368644,321.2190246582031,25027700,MSFT
2023-10-23,320.0390357293436,327.1779011119036,318.97707038724695,323.8247985839844,24374700,MSFT
2023-10-24,325.77175853047265,326.30275623582304,322.1335164963168,325.0146179199219,31153600,MSFT
2023-10-25,339.2628021799774,340.4231348794275,331.98628851300685,334.98541259765625,55053800,MSFT
2023-10-26,334.8575484524091,335.9293564408089,321.48448041784866,322.41864013671875,37828500,MSFT
2023-10-27,324.91622907683893,331.1012785656195,322.92010413957604,324.30657958984375,29856500,MSFT
2023-10-30,327.84651090030354,333.78573199598327,326.2928589871081,331.6814270019531,22828100,MSFT
2023-10-31,333.1957509335175,333.34324194155744,329.10516359659624,332.46807861328125,20265300,MSFT
2023-11-01,334.1200209790302,341.62270595329534,333.9823427186433,340.29522705078125,28158800,MSFT
2023-11-02,341.4457561237559,343.00922092358684,339.016970678104,342.50775146484375,24348100,MSFT
2023-11-03,343.7959073621998,348.47648927328174,341.53426828379986,346.9129943847656,23637700,MSFT
2023-11-06,347.5521572342444,351.57390571697306,347.45381988578487,350.58074951171875,23828300,MSFT
2023-11-07,353.4028281132475,356.41176470087066,351.6623742073379,354.51397705078125,25833900,MSFT
2023-11-08,355.64474886828214,357.7982074064022,354.5336000325542,357.139404296875,26767800,MSFT
2023-11-09,356.2544459117808,358.7029167734547,354.3468154449931,354.67132568359375,24847300,MSFT
2023-11-10,355.45790886941,363.9242518356229,355.0449340954523,363.5014343261719,28042100,MSFT
2023-11-13,362.0756513284613,362.3214796716584,359.79435710159004,360.56134033203125,19986500,MSFT
2023-11-14,364.8191335420203,365.7434505878538,361.22020270558585,364.0914611816406,27683900,MSFT
2023-11-15,365.8255911591098,367.64841915601704,361.71683864791095,364.2392578125,26860100,MSFT
2023-11-16,365.51034601106846,370.8211778110894,364.7418059251397,370.6438293457031,27182300,MSFT
2023-11-17,368.12133741912425,368.8701819959366,361.60845836518695,364.4165954589844,40157000,MSFT
2023-11-20,365.766486587499,373.304096039392,365.54971735826314,371.8951110839844,52465100,MSFT
2023-11-21,370.15113498600977,370.69304303967186,365.66795990773056,367.5893249511719,28423100,MSFT
2023-11-22,372.4468931555256,374.2106051165785,369.4614073576045,372.2991027832031,23345300,MSFT
2023-11-24,371.78668646032,372.4172987463729,369.62888709643283,371.8852233886719,10176600,MSFT
2023-11-27,371.24474919968725,375.0480578357312,370.6732831710829,373.0478515625,22179200,MSFT
2023-11-28,372.79174922299154,377.3734310799554,372.60453806574077,377.0778503417969,20453100,MSFT
2023-11-29,378.122265050378,378.654310364066,371.89510374186113,373.2843933105469,28963400,MSFT
2023-11-30,372.9296627723548,374.5061634778247,369.9540398668522,373.343505859375,30554400,MSFT
2023-12-01,371.22509383375666,372.6045206628206,365.85514681042775,369.0081481933594,33040500,MSFT
2023-12-04,363.6776202294819,364.0914332416113,357.568691355028,363.717041015625,32063300,MSFT
2023-12-05,361.0665594377977,367.59913401406357,360.2487359832438,367.04736328125,23065000,MSFT
2023-12-06,368.0523741639695,368.68295635972305,362.62331133398067,363.3819885253906,21182100,MSFT
2023-12-07,362.82041555159645,365.99311236097066,360.93847138160504,365.5004577636719,23118900,MSFT
2023-12-08,363.776165260302,368.95887115666653,362.8204141424842,368.7322692871094,20154400,MSFT
2023-12-11,363.06672692464986,366.140886665869,360.7216863332907,365.84527587890625,27708800,MSFT
2023-12-12,365.40189538840474,368.9194561848198,365.01761039602826,368.8800354003906,24838300,MSFT
2023-12-13,370.4959322910932,372.09215835732533,365.3230593019992,368.87017822265625,30955500,MSFT
2023-12-14,367.8257861452431,368.2691873263225,358.78065463293524,360.55419921875,43277500,MSFT
2023-12-15,361.4606868901136,366.9291409353676,360.89905342816303,365.28369140625,78502300,MSFT
2023-12-18,364.02250460099197,367.52034031624777,363.2637972546779,367.17547607421875,21802900,MSFT
2023-12-19,366.0324728829278,367.7764892578125,364.40671885980896,367.7764892578125,20603700,MSFT
2023-12-20,369.49095210036234,370.5058193793613,365.086618748556,365.17529296875,26316700,MSFT
2023-12-21,367.0867239874754,368.90955167790554,364.6037560961957,368.0523376464844,17708000,MSFT
2023-12-22,368.19031518305366,369.66827890495347,367.2345641067885,369.07708740234375,17107500,MSFT
2023-12-26,369.49091579531864,371.40241787190627,368.0129521321374,369.1559143066406,12673100,MSFT
2023-12-27,368.2002236622604,369.5500925516314,367.33314669322573,368.57464599609375,14905400,MSFT
2023-12-28,369.8555199252922,370.92950337498513,368.66330417937627,369.766845703125,14327000,MSFT
2023-12-29,370.4762957614539,371.61925815456027,367.9933271573456,370.5157165527344,18730800,MSFT
2024-01-02,368.36769584733304,370.3777351043963,361.3818569854959,365.421630859375,25258600,MSFT
2024-01-03,363.58897105283376,367.7765353087628,363.09631643448915,365.1556091308594,23083500,MSFT
2024-01-04,365.2246036426734,367.618897973795,361.77602116650127,362.5346984863281,20901500,MSFT
2024-01-05,363.5495516205476,366.5941535649678,361.115836594074,362.34747314453125,21004600,MSFT
2024-01-08,363.8746551165755,369.6880031258094,363.5889371144665,369.18548583984375,23134000,MSFT
2024-01-09,366.54482019578154,370.4663308729265,365.73685957825853,370.269287109375,20830000,MSFT
2024-01-10,370.84081671988235,378.52624647847034,370.7915632878579,377.14678955078125,25514200,MSFT
2024-01-11,380.32939164153356,384.94063197124007,374.7919581598022,378.9795227050781,27850800,MSFT
2024-01-12,379.82685960129345,382.9699985676337,378.9992034255686,382.7630920410156,21661200,MSFT
2024-01-16,387.8768338056293,388.24139340844187,381.925557656747,384.53662109375,27202300,MSFT
2024-01-17,382.2803118556429,384.3789953999738,379.15686815383947,383.7484130859375,22234100,MSFT
2024-01-18,385.9653010602353,388.2019420036005,384.3888004079398,388.0837097167969,23392100,MSFT
2024-01-19,389.9459487436234,392.8132019042969,387.7191405000406,392.8132019042969,29331100,MSFT
2024-01-22,394.14341273142753,394.73460432133396,387.80788119131773,390.68499755859375,27016900,MSFT
2024-01-23,389.93613781643626,393.5128152245442,388.14286775502507,393.03985595703125,20525900,MSFT
2024-01-24,395.641052600286,399.670963497878,394.56706921313554,396.64605712890625,24867000,MSFT
2024-01-25,398.38024160054783,401.03072587810215,396.6165296306349,398.9221496582031,21021200,MSFT
2024-01-26,398.42947961915996,400.2030542350716,396.51797735014173,397.9959411621094,17803300,MSFT
2024-01-29,400.0946315969203,403.9570567007328,398.39003594013263,403.70086669921875,24510200,MSFT
2024-01-30,406.2035919940408,406.98196463436994,400.47894778438507,402.5874938964844,33477600,MSFT
2024-01-31,400.98146384693956,409.2186652214675,391.3746981830003,391.7392578125,47871100,MSFT
2024-02-01,395.92674920804393,402.0061196897029,395.8971911373073,397.8481140136719,30657700,MSFT
2024-02-02,397.87768854138443,406.587817886619,397.6313612519742,405.1788330078125,28256700,MSFT
2024-02-05,403.8782071207988,405.1197062490565,398.05502654340927,399.6906433105469,25352300,MSFT
2024-02-06,399.9173050428237,401.97659767351126,396.99093550042556,399.53302001953125,18382600,MSFT
2024-02-07,401.45437538113845,408.2135819340869,401.4149545944821,407.9672546386719,22340500,MSFT
2024-02-08,407.9672510426615,409.45507751601383,406.46959192466915,408.0263671875,21225300,MSFT
2024-02-09,409.1496384913206,414.6378178606117,408.9919854136341,414.37176513671875,22032800,MSFT
2024-02-12,414.381611300105,414.5589597294503,408.6569675775543,409.15948486328125,21202900,MSFT
2024-02-13,398.9910986093642,404.04573947399683,397.4638814201037,400.350830078125,27824900,MSFT
2024-02-14,402.8186275095737,404.5658388517389,399.36366838251547,404.2203369140625,20401200,MSFT
2024-02-15,402.8877787891035,403.86502912534854,399.08731730113595,401.3280944824219,21825500,MSFT
2024-02-16,402.71006595192074,403.0358361421353,398.24824344009687,398.8602600097656,22296500,MSFT
2024-02-20,398.05078888046796,399.284702922107,392.8881118101571,397.6065979003906,24307900,MSFT
2024-02-21,395.0202814253688,397.112994621539,392.10823251333755,397.00439453125,18518900,MSFT
2024-02-22,404.91139681164196,407.51740782025877,403.3122489001272,406.35260009765625,27009900,MSFT
2024-02-23,410.3208439519873,410.5083711673126,403.70705278478863,405.0594177246094,16295900,MSFT
2024-02-26,406.16503956653713,406.8560435321,402.11779517864807,402.2955017089844,16193500,MSFT
2024-02-27,402.73968356058333,403.0654537547415,398.65297570324026,402.23626708984375,14835800,MSFT
2024-02-28,402.9272470121027,404.0328292486966,400.10406595257604,402.4731750488281,13183100,MSFT
2024-02-29,403.38135996606263,408.8698077347499,400.69636155135646,408.3170166015625,31947300,MSFT
2024-03-01,405.9774695070198,410.51827940686405,405.5925039738578,410.1530456542969,17823400,MSFT
2024-03-04,408.11954029802524,411.97922704270553,407.0139581345592,409.58050537109375,17596000,MSFT
2024-03-05,408.63286696668945,408.91914348036823,395.48430086662944,397.4684143066406,26919200,MSFT
2024-03-06,397.7843298406592,399.9461499534846,393.263281415692,396.9156494140625,22344100,MSFT
2024-03-07,400.89369210171213,404.5065956741783,397.0636184743486,403.8748474121094,18718500,MSFT
2024-03-08,402.7100915611558,405.13845633858756,399.1267999900611,400.99249267578125,18002200,MSFT
2024-03-11,398.5641317733387,400.45940694447387,396.09630359488256,399.3143310546875,16120800,MSFT
2024-03-12,402.3744232866482,410.22212853968995,401.55511762855593,409.93585205078125,22457000,MSFT
2024-03-13,412.7196031326607,412.79856038183436,406.15518600344376,409.7582092285156,17115900,MSFT
2024-03-14,414.83206096573,422.3145333258251,412.6110154706253,419.74798583984375,34157300,MSFT
2024-03-15,413.8942801973478,417.16168230340674,407.4779269181007,411.06121826171875,45079900,MSFT
2024-03-18,408.9191456409196,415.31576738207366,408.45519271968817,411.94964599609375,20106000,MSFT
2024-03-19,412.4530526322829,416.2436632864421,410.20239450160744,415.98699951171875,19837900,MSFT
2024-03-20,416.5693981535872,420.4784295685996,415.24664585974097,419.7578430175781,17860100,MSFT
2024-03-21,424.29858485051125,425.275865210535,421.6629614511562,423.8445129394531,21296200,MSFT
2024-03-22,424.17032397071773,424.3282384659813,420.58703259669744,423.22265625,17648500,MSFT
2024-03-25,419.76771231939466,421.90980053588714,416.18442081257615,417.4183349609375,18060500,MSFT
2024-03-26,420.13293899173254,420.50805370647623,415.92778013004056,416.2239074707031,16725600,MSFT
2024-03-27,418.9780192938283,418.987900246969,413.61790346357526,416.0067443847656,16705000,MSFT
2024-03-28,415.5427795552794,416.4410726444904,413.7264615959985,415.3058776855469,21871200,MSFT
2024-04-01,418.49430668541237,422.38360623153415,416.78655877307597,419.1063232421875,16316000,MSFT
2024-04-02,414.7037305350885,416.944537944627,412.4629532504076,416.0166320800781,17912000,MSFT
2024-04-03,414.32857100322445,417.8131427793342,413.6967926033786,415.039306640625,16502300,MSFT
2024-04-04,419.52086856783245,423.1535341879721,412.19637211672654,412.50238037109375,19370900,MSFT
2024-04-05,414.60502494858775,421.0213783675685,412.9367706496642,420.0440979003906,16554800,MSFT
2024-04-08,419.698621129678,421.7814536782747,417.85266032435015,419.1260681152344,14272400,MSFT
2024-04-09,420.9522866687586,422.23554534749115,416.19430642939574,420.7943420410156,12496900,MSFT
2024-04-10,416.75696418781513,418.5732821571219,414.29901690120346,417.8132019042969,16216600,MSFT
2024-04-11,420.34026309183247,423.8445672043753,416.9247670576537,422.423095703125,17966400,MSFT
2024-04-12,418.59302946474156,419.70849269035864,414.3681085669582,416.470703125,19253800,MSFT
2024-04-15,421.110230165818,421.3274002627743,408.1096973329742,408.3170166015625,20273500,MSFT
2024-04-16,409.23505273581486,413.0157525674185,408.40586601327965,409.2449035644531,16765600,MSFT
2024-04-17,411.8805452142036,413.4895740933759,405.0495831926222,406.5401611328125,15855500,MSFT
2024-04-18,405.34570574936373,406.5895007512514,398.7516762985985,399.0675354003906,21029900,MSFT
2024-04-19,398.8306438099327,400.2619961941858,392.6511924508159,393.98382568359375,30565800,MSFT
2024-04-22,394.93142960410273,397.66580225513326,390.6571648456916,395.80010986328125,20286900,MSFT
2024-04-23,399.0379699896353,402.9470318520377,397.87316221870356,402.32513427734375,15734500,MSFT
2024-04-24,404.28949460726244,407.16205031795823,401.5452707861117,403.7959289550781,15065300,MSFT
2024-04-25,388.959309192893,394.7439137442764,383.0365219371324,393.90484619140625,40586500,MSFT
2024-04-26,406.8659105019104,407.68521620447916,400.53839541992835,401.0911865234375,29694700,MSFT
2024-04-29,400.0349103833964,401.0911479751383,394.05289784724425,397.0735168457031,19582100,MSFT
2024-04-30,396.323344705487,396.9847359459567,384.16190971715395,384.31982421875,28781400,MSFT
2024-05-01,387.5575723765422,396.55035342207367,385.28718262896496,389.85760498046875,23562500,MSFT
2024-05-02,392.54259949156545,394.78337648708447,389.57132491777804,392.72027587890625,17709400,MSFT
2024-05-03,397.1031487364524,401.9104729912864,396.68854036623503,401.4267883300781,17446700,MSFT
2024-05-06,403.4997454283101,408.6031966913456,401.14048747945304,408.2182312011719,16996600,MSFT
2024-05-07,409.3238106288364,409.33369158039415,403.82548283487444,404.072265625,20018200,MSFT
2024-05-08,402.91740058487204,406.92515129872777,401.47616718048914,405.25689697265625,11792300,MSFT
2024-05-09,405.2865276969193,407.4088540854312,403.8354433999152,407.0140075683594,14689700,MSFT
2024-05-10,407.6259469435492,410.0345494035734,406.5006029520457,409.40277099609375,13402300,MSFT
2024-05-13,412.6307673185676,412.96638834799694,405.53329081056893,408.3959655761719,15440200,MSFT
2024-05-14,406.71781742817865,412.117426712038,406.25386452353786,411.19940185546875,15109300,MSFT
2024-05-15,413.26617774118506,419.11064928832116,412.6431585651123,418.38873291015625,22239500,MSFT
2024-05-16,417.1229765763839,420.7028625691673,415.6890726034355,416.32196044921875,17530100,MSFT
2024-05-17,417.8547794230839,418.2305707168696,413.39477777187733,415.55059814453125,15352200,MSFT
2024-05-20,415.55059617800293,422.0378548149535,415.33303438679826,420.62371826171875,16272100,MSFT
2024-05-21,422.09719809997813,428.1691308622737,420.1391721073256,424.28271484375,21453300,MSFT
2024-05-22,425.3210520448661,427.6153345538536,422.39388170740824,425.74627685546875,18073700,MSFT
2024-05-23,428.1691242148773,428.792143449846,420.7028525285379,422.26531982421875,17211700,MSFT
2024-05-24,422.4532504584075,426.2803344425143,419.70407675613797,425.39031982421875,11855300,MSFT
2024-05-28,424.86611047174125,426.0429177314438,421.869709425578,425.5484619140625,15718000,MSFT
2024-05-29,420.96986151310944,426.1616484009117,420.96986151310944,424.4112854003906,15517100,MSFT
2024-05-30,419.5952468817441,419.5952468817441,409.64679700979286,410.0720520019531,28394500,MSFT
2024-05-31,412.1289792567511,412.1289792567511,400.024708875454,410.5269470214844,47995300,MSFT
2024-06-03,410.92253691489856,411.81255153776027,404.3858441186775,408.934814453125,17484700,MSFT
2024-06-04,407.85685925302585,411.82240496411936,405.1373519842431,411.4565124511719,14348900,MSFT
2024-06-05,413.1772670336835,419.3777336097301,411.6840004488704,419.30853271484375,16988000,MSFT
2024-06-06,419.30845022429816,420.5940233339555,415.91646023275075,419.8127746582031,14861300,MSFT
2024-06-07,421.47421729884104,421.55331696325794,418.30968749669245,419.1502685546875,13621700,MSFT
2024-06-10,419.9908379970184,423.33333440686357,419.1898218829819,423.12567138671875,13982900,MSFT
2024-06-11,420.76217780161693,428.02078634829667,420.5347172370151,427.88232421875,14551100,MSFT
2024-06-12,430.4930895516259,438.4834835709838,428.4460348943523,436.16943359375,22366200,MSFT
2024-06-13,435.96176849341106,438.47361288924054,434.498168180252,436.68365478515625,15960600,MSFT
2024-06-14,433.4202190445554,438.22634560390054,431.87751920555326,437.66265869140625,13582000,MSFT
2024-06-17,437.68243737571277,445.9398563271766,435.83317727597375,443.3983459472656,20790000,MSFT
2024-06-18,444.7234969265718,445.14875191744164,439.95696520327493,441.390869140625,17112500,MSFT
2024-06-20,441.35128797574686,441.57874853555217,436.377063237948,440.7579650878906,19877400,MSFT
2024-06-21,442.4193728058131,445.58387250760194,441.5590243550793,444.7927551269531,34187100,MSFT
2024-06-24,444.8125336268041,447.72983562691786,441.4601381818841,442.7061767578125,15913700,MSFT
2024-06-25,443.27969425576566,446.4145577985047,441.79632662300793,445.94976806640625,16413400,MSFT
2024-06-26,444.0213670965085,448.5703670936918,443.2203510089548,447.1463317871094,16507000,MSFT
2024-06-27,447.1661206636861,451.11189918090986,446.76066321308457,447.8287048339844,14806300,MSFT
2024-06-28,448.046306941525,450.33069094055503,441.46015028408425,441.9941711425781,28362300,MSFT
2024-07-01,443.6851847474979,452.29859832649356,440.718449260987,451.66571044921875,17662800,MSFT
2024-07-02,448.1748078930114,454.4939381515054,448.085779279666,454.1873779296875,13979800,MSFT
2024-07-03,453.10947910710325,455.9080860928665,452.80291887761234,455.6608581542969,9932800,MSFT
2024-07-05,454.5137192746822,463.15682857412344,453.88083144181417,462.3755798339844,16000300,MSFT
2024-07-08,461.37678118625774,462.5140538822785,459.30995917726233,461.0702209472656,12962300,MSFT
2024-07-09,461.8217923289273,462.14811993117183,452.9215864810465,454.44451904296875,17207200,MSFT
2024-07-10,456.1059138794407,461.2878021935715,453.7720662754438,461.08013916015625,18196100,MSFT
2024-07-11,457.84636046829024,459.6263894983609,446.54307653601205,449.6581726074219,23111200,MSFT
2024-07-12,449.2922544857781,451.2997440970952,445.653066550447,448.5209045410156,16324300,MSFT
2024-07-15,448.2737061930426,452.18981864416236,446.4244459584992,448.9263916015625,14429400,MSFT
2024-07-16,449.1835423040314,449.26264197328965,441.7073711225493,444.53564453125,17175700,MSFT
2024-07-17,437.6824311668857,439.9173812942367,434.3102386061198,438.60211181640625,21778000,MSFT
2024-07-18,439.41307217646386,439.71963242472316,429.5832863227986,435.4870910644531,20794800,MSFT
2024-07-19,428.2976983913284,436.2485575608238,427.20988939637874,432.2632141113281,20940400,MSFT
2024-07-22,436.89132199854777,439.6701615477493,434.04325138518465,438.028564453125,15808800,MSFT
2024-07-23,438.9779716060993,443.4182064095746,438.1868541843924,439.9174499511719,13107100,MSFT
2024-07-24,435.5662371027095,436.5848151026753,422.848814998133,424.144287109375,26805800,MSFT
2024-07-25,424.04532631349326,425.0342380168169,412.8805349119865,413.7606506347656,29943800,MSFT
2024-07-26,413.56289099301864,424.16402577751,412.6431801625324,420.5544738769531,23583800,MSFT
2024-07-29,426.7945502371275,427.35823721785147,419.9908622622184,421.99835205078125,15125800,MSFT
2024-07-30,422.97735537825565,424.2925947905347,412.732213459478,418.2305908203125,32687600,MSFT
2024-07-31,415.83742760783406,417.1032335524809,407.63934002598563,413.7112731933594,42891400,MSFT
2024-08-01,416.1242037023935,422.72022849108816,408.5095707902921,412.4849853515625,30296400,MSFT
2024-08-02,407.91621848675555,410.3983967606497,399.8565933572946,403.9605712890625,29437900,MSFT
2024-08-05,384.85479031825656,396.5931676964823,381.3045706583986,390.7684631347656,40709200,MSFT
2024-08-06,395.5647061878266,401.1718491768835,394.0813385396222,395.17901611328125,24946500,MSFT
2024-08-07,404.1089265381238,405.532931744476,393.06276861454995,394.0121154785156,20650900,MSFT
2024-08-08,397.97765609010867,401.3597174512935,395.50537665916386,398.2248840332031,20203000,MSFT
2024-08-09,399.5500195790903,403.5254340135955,397.799656617914,401.5179443359375,19276700,MSFT
2024-08-12,402.54642227818954,404.22758435718055,399.75768384658,402.2991943359375,16762900,MSFT
2024-08-13,405.0483692456352,410.34895203900766,405.0286018746959,409.41937255859375,19414300,MSFT
2024-08-14,410.200606537794,413.0882423005823,407.87668792866015,412.2377624511719,18267000,MSFT
2024-08-15,415.8934346982465,417.19124174906176,413.7733647214418,417.11199951171875,20752100,MSFT
2024-08-16,416.6859891605723,417.4190931983878,413.4166801400684,414.5758056640625,22775600,MSFT
2024-08-19,415.0612389392474,417.8252842584304,412.5845034071879,417.6073303222656,15234000,MSFT
2024-08-20,417.7757351150828,421.896996173198,417.7162958847744,420.84686279296875,16387600,MSFT
2024-08-21,420.13355421881863,422.43197186124524,417.79553057929155,420.1930236816406,16067300,MSFT
2024-08-22,420.410997320223,422.8184073246916,410.75172838496667,411.6829833984375,19361900,MSFT
2024-08-23,413.09964177069946,415.35842313707064,408.2551330501382,412.9114074707031,18493800,MSFT
2024-08-26,412.4953243921623,413.396859709793,407.51213395459416,409.6421203613281,13152800,MSFT
2024-08-27,409.01793949308706,410.5039805990499,406.4322424808319,409.98883056640625,13492900,MSFT
2024-08-28,411.0192227861693,411.13810125518216,403.5196602855256,406.779052734375,14882700,MSFT
2024-08-29,411.0786443893992,418.1224654785976,406.7790352875099,409.27557373046875,17045200,MSFT
2024-08-30,411.73253163556785,413.604928025177,408.2948214180594,413.2582092285156,24308300,MSFT
2024-09-03,414.0210025733613,415.97267128987687,403.2422452090673,405.62982177734375,20313600,MSFT
2024-09-04,402.13271297104455,407.41310010382534,400.60703533664076,405.0948791503906,15135800,MSFT
2024-09-05,403.8267457621573,409.25576060406553,402.35062114910426,404.589599609375,14195500,MSFT
2024-09-06,405.2533474753259,406.8285475492744,397.0702041035056,397.96185302734375,19609500,MSFT
2024-09-09,403.4503023301037,404.84718480089737,398.40767240518096,401.9444580078125,15295100,MSFT
2024-09-10,404.4014154009755,412.4557344655397,403.90606826316616,410.3455810546875,19594300,MSFT
2024-09-11,411.6334289532487,420.044412808737,405.7685061452882,419.103271484375,19266900,MSFT
2024-09-12,419.3707339104387,423.39294969943944,415.84386519135023,423.0263977050781,17395700,MSFT
2024-09-13,421.8672937914901,427.8114589338371,421.5007417784194,426.5830078125,15874600,MSFT
2024-09-16,426.5929152766965,429.49564193620427,424.2350583167788,427.3260192871094,13834700,MSFT
2024-09-17,436.13332953102315,437.73824933805764,428.24738173228826,431.1005859375,18874200,MSFT
2024-09-18,430.9520062716843,431.9724201576507,426.4047232128483,426.8009948730469,18898000,MSFT
2024-09-19,437.12403789377305,437.3915144590669,432.83431483021604,434.607666015625,21706600,MSFT
2024-09-20,433.15131768035957,435.1525090726311,430.17923509170157,431.2194519042969,55167100,MSFT
2024-09-23,430.23868426031646,432.3983904018878,426.38489946949306,429.4758605957031,15128900,MSFT
2024-09-24,428.97061525019865,429.3173642884583,422.1348308922367,425.17626953125,17015800,MSFT
2024-09-25,425.8300855631319,429.08947802981356,424.58183139807875,428.0888671875,13396400,MSFT
2024-09-26,431.04114866155544,431.24918598433425,425.13661951946307,427.29632568359375,14492000,MSFT
2024-09-27,427.5043252487667,427.8312712464172,423.4920260673168,424.0368957519531,14896100,MSFT
2024-09-30,424.2251680181162,426.4146240359172,421.4116000312542,426.29571533203125,16807300,MSFT
2024-10-01,424.4629431708175,424.49266278755016,414.91263654622963,416.775146484375,19092900,MSFT
2024-10-02,418.6475255390392,418.8853126966806,412.8321556473641,413.2482604980469,16582300,MSFT
2024-10-03,413.74364093705873,415.64575695003026,410.43472579830313,412.6637878417969,13686400,MSFT
2024-10-04,414.3479078757133,415.84386570343804,411.10834891858866,412.1882019042969,19169700,MSFT
2024-10-07,412.12878843935687,413.22844449254166,405.1939290185023,405.7289123535156,20919800,MSFT
2024-10-08,407.0762569270798,411.79197118142247,404.37168100298584,410.8507995605469,19229300,MSFT
2024-10-09,411.99007853410836,416.46803570058375,410.4445979894132,413.5751953125,14974300,MSFT
2024-10-10,411.3659973968845,413.4662644363184,409.3053363605262,411.9703063964844,13848400,MSFT
2024-10-11,412.2674830881502,413.2482606337857,409.4043624478393,412.44580078125,14144900,MSFT
2024-10-14,413.8823170164031,420.09398917949596,413.6346434592421,415.2395935058594,16653100,MSFT
2024-10-15,418.2512520382671,418.54847842558434,411.39566540112634,414.84326171875,18900200,MSFT
2024-10-16,411.3065088320687,412.48540707078536,406.660150790306,412.2476501464844,15508900,MSFT
2024-10-17,418.429601804324,418.5683135090887,411.722612729939,412.84210205078125,14820000,MSFT
2024-10-18,413.2582100340754,415.7448320191293,412.38639426497724,414.2687072753906,17145300,MSFT
2024-10-21,412.24765392774344,415.0612217475957,409.89971357797583,414.8829040527344,14206100,MSFT
2024-10-22,414.595626294547,426.57311612841215,414.1498320229674,423.5317077636719,25482200,MSFT
2024-10-23,426.85046750389023,427.068421426513,418.59799852659256,420.64874267578125,19654400,MSFT
2024-10-24,421.3719802653427,422.01595572726984,418.46925331230875,420.777587890625,13581600,MSFT
2024-10-25,422.7886308311735,428.4950083833606,422.60039653035216,424.1656799316406,16899100,MSFT
2024-10-28,427.64303527641664,427.9204284257387,422.332898974784,422.6202087402344,14882400,MSFT
2024-10-29,424.01710482121905,429.1390069836367,421.8375655534697,427.93035888671875,17644100,MSFT
2024-10-30,433.3692558016521,434.41938919264413,428.07895261488494,428.50494384765625,29749100,MSFT
2024-10-31,411.4947379049696,412.2873114234298,402.5190506643278,402.568603515625,53971000,MSFT
2024-11-01,405.20387878194924,411.63347501049304,403.7079207383295,406.55120849609375,24230400,MSFT
2024-11-04,405.98649273527667,406.600748568275,401.795875395107,404.6589660644531,19672300,MSFT
2024-11-05,404.56977062634746,411.03900230330345,404.2824608535884,407.6310119628906,17626000,MSFT
2024-11-06,408.5821007827268,416.5373737173725,406.6997576825849,416.2698669433594,26681800,MSFT
2024-11-07,417.3596638124742,422.8778379270892,415.9726979378319,421.4710388183594,19901800,MSFT
2024-11-08,421.3620693729889,422.5310812867246,417.8550033981939,418.6079406738281,16891400,MSFT
2024-11-11,418.58812774007396,420.8568260602772,412.1288120506796,414.1201171875,24503300,MSFT
2024-11-12,414.3578665238478,420.4902662976637,413.317649663667,419.0933837890625,19401200,MSFT
2024-11-13,417.7163255743709,425.3347363138495,414.31822142109314,421.2431945800781,21502200,MSFT
2024-11-14,421.04505383486753,424.1855678921326,416.0915826132808,422.91748046875,30246900,MSFT
2024-11-15,415.91324532993855,418.86549468955633,409.79076244428035,411.1380920410156,28247600,MSFT
2024-11-18,411.0093198489206,414.50646935219214,408.2651076525754,411.89105224609375,24727000,MSFT
2024-11-19,409.26565838479394,414.0507282073073,407.72017788193654,413.9021301269531,18133500,MSFT
2024-11-20,412.9906674094557,413.4067722571845,406.75919271133495,411.6235046386719,19191700,MSFT
2024-11-21,416.4281041493026,416.70605256605285,407.28555520801666,409.8466491699219,20780200,MSFT
2024-11-22,408.35760329128635,414.3434454251094,408.04987579157546,413.9463806152344,24814600,MSFT
2024-11-25,415.3162958278843,417.99650611752486,411.812146489521,415.7232971191406,27691100,MSFT
2024-11-26,416.5174436728799,425.89825580258685,415.78287220202776,424.8559265136719,23458900,MSFT
2024-11-27,421.9969878965425,424.10148899734514,418.929618998767,419.89251708984375,18332400,MSFT
2024-11-29,417.0137525773511,421.76868474809675,414.7405133546205,420.35906982421875,16271900,MSFT
2024-12-02,418.48293944626425,429.82923270647603,418.22483367708463,427.82403564453125,20207200,MSFT
2024-12-03,426.69236269283573,429.30310856781665,424.6077345204632,428.04241943359375,18302000,MSFT
2024-12-04,429.8590208353051,436.45041220115866,429.4619560010729,434.2168884277344,26009400,MSFT
2024-12-05,434.71321944433936,441.4038541812057,432.9760343176013,439.3787841796875,21697800,MSFT
2024-12-06,439.0611493611207,442.83334120617906,438.5350316138442,440.3218688964844,18821000,MSFT
2024-12-09,439.358906375019,445.04692697507164,437.27427833096584,442.75384521484375,19144400,MSFT
2024-12-10,441.1358533918597,446.32753597079886,438.3662754088612,440.0835876464844,18469500,MSFT
2024-12-11,440.79832040277716,447.05220524938716,440.79832040277716,445.7021484375,19200200,MSFT
2024-12-12,445.8212579806136,452.8196506561494,445.8212579806136,446.2679748535156,20834800,MSFT
2024-12-13,445.15619671011535,448.12429204881937,442.3171239692673,443.9947509765625,20177800,MSFT
2024-12-16,443.99476884673294,448.86881806653923,442.01935069702205,448.28314208984375,23598800,MSFT
2024-12-17,447.70736185197006,451.9560191338881,446.2779042343056,451.132080078125,22733500,MSFT
2024-12-18,448.0150896587636,449.3353370303597,433.8197872534811,434.1871032714844,24444500,MSFT
2024-12-19,438.38612742715867,439.9347015317489,433.12495005824394,433.8297424316406,22963700,MSFT
2024-12-20,429.93842886665163,440.4905928728717,425.4912541783927,433.40289306640625,64263700,MSFT
2024-12-23,433.54185407205193,434.44519400818086,429.6604823749245,432.0627746582031,19152500,MSFT
2024-12-24,431.4671320524487,436.38089623186573,431.010509030067,436.11285400390625,7164500,MSFT
2024-12-26,435.86472311645826,437.7111185947039,433.4326819773249,434.9018249511719,8194200,MSFT
2024-12-27,431.4175228637617,432.0329778888151,423.2279358558446,427.3773193359375,18117700,MSFT
2024-12-30,422.940089683055,424.419169171776,418.8105484634703,421.7190856933594,13158700,MSFT
2024-12-31,422.97977346202197,423.6051649635355,417.5796069111211,418.4134521484375,13246500,MSFT
2025-01-02,422.4139505741353,422.9500047735069,411.81216477472935,415.51483154296875,16896500,MSFT
2025-01-03,417.996542116602,420.92495225496697,416.4678408938124,420.24993896484375,16662900,MSFT
2025-01-06,424.865875513533,431.13960318889787,422.3643396757335,424.71697998046875,20573600,MSFT
2025-01-07,425.85855484956164,427.49646630939253,417.7185890028598,419.277099609375,18139100,MSFT
2025-01-08,420.3590683350305,423.8433749158129,418.4531451224049,421.4510192871094,15054600,MSFT
2025-01-10,421.52054055637365,421.5999414060332,411.98089654314987,415.88214111328125,20201100,MSFT
2025-01-13,412.19930745359136,415.4354451072025,409.27092762989713,414.1350402832031,17604800,MSFT
2025-01-14,414.7504731982745,416.6663329915462,407.7123952362894,412.62615966796875,16935900,MSFT
2025-01-15,416.06078709453215,425.0147242617403,415.2070689754285,423.1882019042969,19637800,MSFT
2025-01-16,425.56074187721237,426.34493507947604,421.28230542678756,421.47088623046875,15300000,MSFT
2025-01-17,430.9112808415576,431.29843952552403,425.03464825408395,425.8883361816406,26197500,MSFT
2025-01-21,427.04974598441896,427.74460185190514,422.4834247796493,425.3621826171875,26085700,MSFT
2025-01-22,434.3558409675422,443.9947282693763,432.8072669314077,442.9325866699219,27803800,MSFT
2025-01-23,438.76331124507635,443.4785278251988,438.266972657695,443.4388122558594,18389300,MSFT
2025-01-24,441.9002090925553,443.37928850377745,438.16773293128523,440.8082580566406,15549500,MSFT
2025-01-27,420.9051049056437,432.01316613773105,420.3988297966623,431.3778381347656,35647800,MSFT
2025-01-28,431.4175234893937,445.0966142937209,428.2211016468738,443.9252624511719,23491700,MSFT
2025-01-29,443.41900040059096,443.60761150041753,437.17505205552743,439.0909118652344,23581400,MSFT
2025-01-30,415.7034295288443,419.7634757332681,410.1345248522129,411.95111083984375,54586300,MSFT
2025-01-31,415.911907348454,417.60937689111034,411.87170384291437,412.0205993652344,34161900,MSFT
2025-02-03,408.5859323997036,412.3680300232083,405.6674590737405,407.9109191894531,25679100,MSFT
2025-02-04,409.6679752687522,410.8889791877868,406.739565274027,409.3503112792969,20532100,MSFT
2025-02-05,409.33049175194867,410.7996347714461,407.3947588943965,410.26361083984375,16316700,MSFT
2025-02-06,410.9683447102107,415.1376009046221,410.9683447102107,412.7750244140625,16309800,MSFT
2025-02-07,413.4302096384315,415.58430218979566,405.1115698860282,406.7494812011719,22886800,MSFT
2025-02-10,410.6804954197058,412.41768060214906,407.91094771202364,409.201416015625,20817900,MSFT
2025-02-11,406.6402867338733,409.4693924071674,406.3027498403555,408.4270935058594,18140600,MSFT
2025-02-12,404.2280919312538,407.742177856358,401.40889219439293,406.0447082519531,19121700,MSFT
2025-02-13,404.0196057632089,407.99031441935836,403.38427783705555,407.53369140625,23891700,MSFT
2025-02-14,404.80385028408716,405.91564391864586,402.9078331667541,405.43914794921875,22758500,MSFT
2025-02-18,405.012314606688,407.593281493885,403.5232987441634,406.64031982421875,21423100,MSFT
2025-02-19,404.8931666240703,412.4474253032674,404.66483997040297,411.7326965332031,24114200,MSFT
2025-02-20,413.0755241021682,417.07407700385164,410.340188149201,413.9110412597656,23508700,MSFT
2025-02-21,415.11461566593005,415.8208212359378,405.7150240823537,406.0332946777344,27524800,MSFT
2025-02-24,406.3316944915949,407.1870941067446,397.1906962904959,401.8457336425781,26443700,MSFT
2025-02-25,398.9612079589026,399.77684273234365,394.58467628789543,395.77825927734375,29387400,MSFT
2025-02-26,395.8877115559134,401.44790050472056,392.1477511905504,397.5985412597656,19619000,MSFT
2025-02-27,399.13027515598884,403.5764407452776,390.0788238664077,390.4368896484375,21127400,MSFT
2025-02-28,390.5662102627109,395.50970978817173,384.50868780557136,394.87310791015625,32845700,MSFT
2025-03-03,396.693360360252,396.693360360252,384.1008642400347,386.4184265136719,23007700,MSFT
2025-03-04,381.3555708063787,390.48661254503907,378.9683745181786,386.53778076171875,29342900,MSFT
2025-03-05,387.26388146240924,399.52815002362524,386.7367088462604,398.881591796875,23433100,MSFT
2025-03-06,392.17758313531544,400.00561314926756,390.586108729763,394.773681640625,23304600,MSFT
2025-03-07,390.2280267594304,392.6947831487431,383.4841811851977,391.2127380371094,22034100,MSFT
2025-03-10,383.7825787420743,384.3395902213564,375.20854809150063,378.13287353515625,32840100,MSFT
2025-03-11,376.9790454259089,383.9417190881288,374.900193646485,378.42132568359375,30380200,MSFT
2025-03-12,380.9080172396425,383.1659020465141,376.92934634163805,381.2262878417969,24253600,MSFT
2025-03-13,381.11688044146297,383.2653663209318,375.4373363609022,376.7502746582031,20473000,MSFT
2025-03-14,377.7548866940246,388.1491759928466,377.48633735073093,386.4880676269531,19952800,MSFT
2025-03-17,384.6380144395121,390.61594671729495,383.51403507382423,386.6273498535156,22474300,MSFT
2025-03-18,385.0060336134189,385.3044217812384,379.06786623501773,381.4749450683594,19486900,MSFT
2025-03-19,383.47421674907764,387.6020814133235,381.9523764633006,385.75201416015625,19185500,MSFT
2025-03-20,383.68311164841384,389.70086948967395,381.2362375881449,384.7772521972656,18470500,MSFT
2025-03-21,381.17650921899354,389.6510660283216,380.75873548145654,389.17364501953125,39675900,MSFT
2025-03-24,393.29158399443577,393.29158399443577,387.73139545576913,390.98394775390625,21004500,MSFT
2025-03-25,391.8195087441688,394.2464699747621,390.54633531859656,393.0528869628906,15775000,MSFT
2025-03-26,392.89374127883343,393.2020858372719,386.49803525659746,387.89056396484375,16108400,MSFT
2025-03-27,388.04970169840396,390.1484359049866,385.33424804034394,388.4972839355469,13766800,MSFT
2025-03-28,386.01060482786494,387.05502406399853,374.920066699825,376.78009033203125,21632000,MSFT
2025-03-31,370.5534967757106,375.0593400396717,365.28173999012597,373.3883056640625,35184700,MSFT
2025-04-01,372.65223585591366,380.80852287787553,371.2398247656492,380.15203857421875,19689500,MSFT
2025-04-02,375.95454781806535,383.0266205201498,374.6117403662579,380.1023254394531,16092600,MSFT
2025-04-03,372.79148704012755,375.4671453752222,367.38049274092737,371.12042236328125,30198000,MSFT
2025-04-04,362.1883363320907,372.5925514540549,357.5631378295283,357.92120361328125,49209900,MSFT
2025-04-07,349.00902084094025,369.021730877009,342.9514979578054,355.9517822265625,50425000,MSFT
2025-04-08,366.2963003111999,371.657542893924,348.38232711080923,352.6693420410156,35868900,MSFT
2025-04-09,351.65482301024804,391.13318598606264,351.2171667990214,388.40777587890625,50199700,MSFT
2025-04-10,380.02270330397937,381.852888057324,365.8387335220006,379.3164978027344,38024400,MSFT
2025-04-11,378.61031016462425,387.97010607095405,376.86964177115533,386.378662109375,23839200,MSFT
2025-04-14,391.1232211496066,392.54558862795363,382.1612557582716,385.7420654296875,19251200,MSFT
2025-04-15,386.4383315419063,389.80031299588615,382.11152127039287,383.67315673828125,17199900,MSFT
2025-04-16,378.6401344902522,379.5750941222194,366.03768244767394,369.62841796875,21967800,MSFT
2025-04-17,371.757014425277,372.32398224080106,364.9336092793292,365.81884765625,21120200,MSFT
2025-04-21,360.88536094814043,362.53651305850417,353.7734925946294,357.205078125,20807300,MSFT
2025-04-22,361.44235434917846,365.80892977570767,357.94110461161955,364.864013671875,19485000,MSFT
2025-04-23,374.05472426245655,378.3616523034824,371.0309260243866,372.3936462402344,20545500,MSFT
2025-04-24,373.696621578229,386.37863321068227,373.18933139938025,385.2347412109375,22232300,MSFT
2025-04-25,384.93638434344297,390.068873110604,382.54918803088736,389.7605285644531,18973200,MSFT
2025-04-28,389.86991018310994,390.6457497092271,384.5783015368256,389.0741882324219,16579400,MSFT
2025-04-29,389.2134328165618,392.99318803647833,388.2983555925269,391.9388427734375,14974000,MSFT
2025-04-30,388.21877036685504,394.54487238441686,382.39003252749313,393.15234375,36461100,MSFT
2025-05-01,428.81116623183453,434.65981700987567,422.6342884776108,423.1316223144531,58938100,MSFT
2025-05-02,429.43779144193553,437.0967443095362,427.69712309519423,432.95892333984375,30757400,MSFT
2025-05-05,430.5617862640975,437.15643772408293,429.80582912695047,433.8442077636719,20136100,MSFT
2025-05-06,429.8953841273505,435.39589519237757,428.8708776295015,430.99945068359375,15104200,MSFT
2025-05-07,431.5266230555768,435.7837995157977,428.8111693588705,431.03924560546875,23295300,MSFT
2025-05-08,435.59484674174973,441.3042603502225,433.3369618444988,435.8335876464844,23491300,MSFT
2025-05-09,437.6537503899646,438.38979471116045,433.55572467490674,436.3905334472656,15324200,MSFT
2025-05-12,443.5621064267163,446.9738092745622,437.43494989219903,446.8644104003906,22821900,MSFT
2025-05-13,445.392292323668,448.2668964878236,442.9851831830833,446.74505615234375,23618800,MSFT
2025-05-14,445.75038756339603,451.4796527444761,445.75038756339603,450.5247802734375,19902800,MSFT
2025-05-15,449.1894577663049,454.5904670438241,448.8506535548848,451.54119873046875,21992300,MSFT
2025-05-16,450.4649981824022,452.7668963665248,447.1566619661563,452.6772155761719,23849800,MSFT
2025-05-19,449.29907263869796,457.9785240250479,449.2193361148497,457.26104736328125,21336500,MSFT
2025-05-20,453.9925667897047,456.73292449884485,452.72703072274504,456.56353759765625,15441800,MSFT
2025-05-21,452.97614166677727,456.17487788050977,450.2258093649285,450.983154296875,19216900,MSFT
2025-05-22,453.3548479183862,458.63625267798704,452.30851122486644,453.26513671875,18025600,MSFT
2025-05-23,448.40228199038245,452.0992653985463,447.3360263474386,448.6015625,16883500,MSFT
2025-05-27,454.87944662996904,459.3337746022176,454.52069309116933,459.0746765136719,20974300,MSFT
2025-05-28,459.60285995745147,460.89828970025724,455.3278931492698,455.7563781738281,17086300,MSFT
2025-05-29,459.93167902845283,460.10109634693043,453.71356774793736,457.0717468261719,13974800,MSFT
2025-05-30,458.1080789456966,460.06119805700706,453.942742633105,458.7458190917969,34770500,MSFT
2025-06-02,455.53716828611505,460.48971303831235,455.2880448481698,460.3502197265625,16626500,MSFT
2025-06-03,459.85196958801225,462.5126212670428,459.24409259023946,461.3467102050781,15743800,MSFT
2025-06-04,462.3730793208357,464.05715611586317,461.3965045417047,462.2435302734375,14162700,MSFT
2025-06-05,463.3296970825432,468.00325491639626,462.4029652503908,466.0401611328125,20131700,MSFT
2025-06-06,468.4417212017894,471.6803257365932,467.1363168836836,468.730712890625,15285600,MSFT
2025-06-09,468.05311353771793,471.77001565920176,466.9768832876908,471.0924072265625,16469900,MSFT
2025-06-10,469.53787169847936,471.14221196784314,465.3226923748716,469.2688293457031,15375900,MSFT
2025-06-11,468.37197033665615,473.80287330978865,468.01324719222674,470.9628601074219,16399200,MSFT
2025-06-12,473.3544415367432,478.73553201697933,471.8597009390277,477.1909484863281,18950600,MSFT
2025-06-13,474.7395752703882,477.4998519181197,471.1023792861798,473.2946472167969,16814500,MSFT
2025-06-16,473.5437784887318,479.00457509504827,473.3345233196989,477.46002197265625,15626100,MSFT
2025-06-17,473.7331030955977,477.06138843382047,472.4177241014044,476.3638610839844,15414100,MSFT
2025-06-18,476.3239856832242,479.313466764918,472.7963894918646,478.5561218261719,17526500,MSFT
2025-06-20,480.53918652379775,481.76485435953526,475.1979642712812,475.7261047363281,37576200,MSFT
2025-06-23,476.53323466530253,486.0397928967888,470.8532389300749,484.2959289550781,24864000,MSFT
2025-06-24,487.23560408546166,490.1254297173699,485.0931183138473,488.3915100097656,22305600,MSFT
2025-06-25,490.314771223071,492.82592441237585,487.6740689863978,490.5439453125,17495100,MSFT
2025-06-26,491.2514824256969,496.29373818928514,491.08206511354325,495.705810546875,21578900,MSFT
2025-06-27,495.80545117387857,497.54931522943417,491.30131038962224,494.20111083984375,34539200,MSFT
2025-06-30,495.2972567719388,499.0042146991214,493.5932305818623,495.66595458984375,28369000,MSFT
2025-07-01,494.7292533047111,496.30370004913976,489.2585123483102,490.3247375488281,19945400,MSFT
2025-07-02,488.2719538404123,491.76965656989233,486.98649882219644,489.36810302734375,16319600,MSFT
2025-07-03,492.07857999859937,498.3764278450543,491.7098821739863,497.0909423828125,13984800,MSFT
2025-07-07,495.6360493014733,497.0012408266234,493.4935938943106,495.974853515625,13981600,MSFT
2025-07-08,495.4965138505155,496.4531696907806,492.3774837277821,494.8786926269531,11846600,MSFT
2025-07-09,498.54580110123976,505.003091421344,497.98776704512187,501.74456787109375,18659500,MSFT
2025-07-10,501.2861517097084,502.67129257213526,496.0047471787155,499.7216796875,16492100,MSFT
2025-07-11,496.72223609239006,503.25923259786794,496.054571905536,501.55523681640625,16459500,MSFT
2025-07-14,499.7615155353931,502.2029372942231,499.273243347857,501.2562561035156,12058800,MSFT
2025-07-15,501.2562471634966,506.51773265302506,501.027073076573,504.04644775390625,14927200,MSFT
2025-07-16,503.40867779230757,504.94328659833275,500.13023542973804,503.8471374511719,15154400,MSFT
2025-07-17,503.9069415603956,511.5699807689203,503.84715436950415,509.9058532714844,17503100,MSFT
2025-07-18,512.6760872301095,512.8355602906365,505.6508184267905,508.2616271972656,21209700,MSFT
2025-07-21,504.9333159392007,510.29448733980524,503.77737959397786,508.2715759277344,14066800,MSFT
2025-07-22,509.1784090675831,509.40761357627605,503.4983825683594,503.4983825683594,13868600,MSFT
2025-07-23,504.97320231513,505.01307057965715,498.9444273574923,504.0962829589844,16396600,MSFT
2025-07-24,506.98609704492156,511.86891017220256,505.5212500656798,509.0887145996094,16107000,MSFT
2025-07-25,510.67314061143924,516.4727417364818,508.57055332296227,511.9088439941406,19125700,MSFT
2025-07-28,512.2775105607909,513.1942677567645,508.3313735189307,510.7030334472656,14308000,MSFT
2025-07-29,513.7224399565682,515.8050777848653,509.7663282358281,510.7727966308594,16469200,MSFT
2025-07-30,513.3636552782116,514.1409495778635,507.6537656967309,511.4404296875,26380400,MSFT
2025-07-31,553.2831833968122,553.5024436401114,530.0350289229713,531.62939453125,51617300,MSFT
2025-08-01,533.1241706958108,533.9213535531813,519.0337340919326,522.2723388671875,28977600,MSFT
2025-08-04,526.4177481275262,536.3627358241171,526.2782244119826,533.7619018554688,25349000,MSFT
2025-08-05,535.2964641743647,535.41603854948,525.3913146279989,525.8995361328125,19171600,MSFT
2025-08-06,529.0385508551038,529.8357336828143,522.1926437275052,523.0994262695312,21355700,MSFT
2025-08-07,524.9529190734887,526.2384349946553,515.7353514691818,519.0138549804688,16079100,MSFT
2025-08-08,520.7676288144971,522.8204035830947,517.5888112007746,520.2095947265625,15531000,MSFT
2025-08-11,520.4686618064882,525.7401525514866,517.8976909591346,519.9405517578125,20194400,MSFT
2025-08-12,521.9135974657331,529.1182277589118,520.8672912006765,527.3843383789062,18667000,MSFT
2025-08-13,530.2443026581628,530.8322607629538,517.5489813455309,518.7547607421875,19619200,MSFT
2025-08-14,520.7277467800332,524.1058750288076,518.3162490497452,520.6480102539062,20269100,MSFT
2025-08-15,520.9370505811125,524.255330935539,517.2599862571353,518.3461303710938,25213300,MSFT
2025-08-18,519.7611730136332,520.9868407954262,512.2177084457264,515.286865234375,23760600,MSFT
2025-08-19,513.1942782099028,513.3536904476517,506.7668813962475,507.98260498046875,21481000,MSFT
2025-08-20,508.0822507382742,509.2082935133009,502.6712971096552,503.9468078613281,27723000,MSFT
2025-08-21,502.74904380636957,506.68168580920974,501.7808546744913,503.2980041503906,18443300,MSFT
2025-08-22,503.3079962424447,509.77590173606455,501.471437254012,506.2824401855469,24324200,MSFT
2025-08-25,505.6835608535286,507.2406441544574,503.1782400793436,503.3179931640625,21638600,MSFT
2025-08-26,503.4177851675948,504.0366525259624,497.5787379824689,501.1021423339844,30835700,MSFT
2025-08-27,501.06219963605827,506.34232576675964,498.96611661319633,505.7933349609375,17277900,MSFT
2025-08-28,506.1426727693108,510.1352001425548,504.5556467937143,508.68792724609375,18015600,MSFT
2025-08-29,507.7097597194238,508.64800611235046,503.5475364264987,505.7434387207031,20961600,MSFT
2025-09-02,499.53505401941584,505.0547219959289,495.88188775050133,504.1763610839844,18128000,MSFT
2025-09-03,502.8488615493355,506.8413890153064,501.3816064871684,504.40594482421875,16345100,MSFT
2025-09-04,503.3578996917829,507.20071355848035,502.2100541109688,507.02105712890625,15509500,MSFT
2025-09-05,508.11900990545524,511.0135863020471,491.4501951138555,494.0752868652344,31994800,MSFT
2025-09-08,497.1794589519428,500.26371328397477,494.10522614671714,497.2693176269531,16771000,MSFT
2025-09-09,500.4932596555404,501.3117351050236,496.77024724997165,497.4789123535156,14410500,MSFT
2025-09-10,502.04038173392,502.2899147028095,495.7920664455459,499.43524169921875,21611800,MSFT
2025-09-11,501.31173995388707,502.2300346920423,496.9499084839274,500.0740661621094,18881600,MSFT
2025-09-12,505.70352006176233,511.59249216822343,502.9087629314118,508.94744873046875,23624900,MSFT
2025-09-15,507.8395136770829,514.5069966795595,506.05284913244947,514.397216796875,17143800,MSFT
2025-09-16,515.9144004162443,516.2637221986186,507.64986983793983,508.08905029296875,19711900,MSFT
2025-09-17,509.6660849144807,510.33484666258875,504.9848440594251,509.06719970703125,15816600,MSFT
2025-09-18,510.5344514878828,512.1115168727503,506.71161989545686,507.5001525878906,18913700,MSFT
2025-09-19,509.6061757592278,518.3298380532008,509.35664280609984,516.96240234375,52474100,MSFT
2025-09-22,514.6268375894382,516.772784556969,511.5824866494396,513.4889526367188,20009300,MSFT
2025-09-23,512.8401566617626,513.6287198501773,506.3622903955001,508.2787170410156,19799600,MSFT
2025-09-24,509.4265417419943,511.5225942719762,505.9730140478167,509.19696044921875,13533700,MSFT
2025-09-25,507.3504106819217,509.0572380888419,504.09652154158834,506.0827941894531,15786500,MSFT
2025-09-26,509.1071380786861,512.9798945996346,505.67356201643696,510.5045166015625,16213100,MSFT
2025-09-29,510.5444265624633,515.8844074376258,507.9293260645142,513.6386108398438,17617800,MSFT
2025-09-30,512.2811987663596,517.1919905812645,508.70790002171145,516.982421875,19728200,MSFT
2025-10-01,513.8382741479315,519.5376290534263,510.7340986553811,518.7391357421875,22632300,MSFT
2025-10-02,516.6730253227585,520.625588764222,509.7260051791023,514.7765502929688,21222900,MSFT
2025-10-03,516.1339509263171,519.5176324904353,514.0378984273964,516.3834838867188,15112300,MSFT
2025-10-06,517.6411650074094,530.0380069481532,517.2319577376861,527.5825805664062,21388600,MSFT
2025-10-07,527.3030443984364,528.8102332144322,520.4658657072805,523.0010986328125,14615200,MSFT
2025-10-08,522.3024933531,525.9656203925812,522.1128458539913,523.8695068359375,13363400,MSFT
2025-10-09,521.3642478231245,523.3505205733983,516.4334737589328,521.4241333007812,18343600,MSFT
2025-10-10,518.6692706129455,522.6019127014883,508.6779606337136,510.0054626464844,24133800,MSFT
2025-10-13,515.4452371680482,515.4452371680482,510.7240930552238,513.0896606445312,14284200,MSFT
2025-10-14,509.2768388871209,514.3174231454748,505.05473007895694,512.610595703125,14684300,MSFT
2025-10-15,513.9979961583023,516.2238106749688,509.04724028199115,512.4708251953125,14694700,MSFT
2025-10-16,511.62245544117155,515.884437136842,507.1807563967364,510.65423583984375,15559600,MSFT
2025-10-17,508.0890780500653,514.5170195527368,506.3622988729776,512.62060546875,19867800,MSFT
2025-10-20,513.6486038577511,517.730989827423,512.4708156147512,515.8245239257812,14665600,MSFT
2025-10-21,516.533257830336,517.7210372272165,512.0815676283437,516.6929321289062,15586200,MSFT
2025-10-22,520.1764726871388,524.2488070435115,516.7428964573043,519.5675659179688,18962700,MSFT
2025-10-23,521.4839993377199,522.9712060783663,517.6411550810741,519.5875244140625,14023500,MSFT
2025-10-24,521.8133604589415,524.3685757173844,519.7372899447384,522.6318359375,15532400,MSFT
2025-10-27,530.7866236569336,533.5813808592218,528.0217787333662,530.527099609375,18734700,MSFT
2025-10-28,548.9725518014023,552.6855732732587,539.7598137450263,541.057373046875,29986700,MSFT
2025-10-29,543.9220119141725,545.2495444281135,535.7273269044096,540.538330078125,36023000,MSFT
2025-10-30,529.4889853080866,533.9705877450752,521.1446173319796,524.77783203125,41023100,MSFT
2025-10-31,527.8919782690999,528.3311587204174,514.137692119172,516.8426513671875,34006400,MSFT
2025-11-03,518.8389228578652,523.9793263365088,513.628703759196,516.0641479492188,22374700,MSFT
2025-11-04,510.80399534425794,514.5868933466259,506.8913048594995,513.3692016601562,20958700,MSFT
2025-11-05,512.3410686781482,513.8682396575209,505.6336213981725,506.2125549316406,23024300,MSFT
2025-11-06,504.7153625290288,504.75529633258907,494.88375756631746,496.1713562011719,27406500,MSFT
2025-11-07,496.02163823572937,498.4470913363115,492.32853818272196,495.8918762207031,24019800,MSFT
2025-11-10,499.10586069795033,505.9031361854127,497.8681564860657,505.0547180175781,26101500,MSFT
2025-11-11,503.85694933091565,508.64800052182136,501.411544557113,507.7297058105469,17980000,MSFT
2025-11-12,508.4084461357136,510.7141588310794,498.18758530403636,510.1851501464844,26574900,MSFT
2025-11-13,509.3566671737073,512.54071024479,500.3535287599438,502.34979248046875,25273100,MSFT
2025-11-14,497.2992409027003,510.644258818196,496.51070821491913,509.2268981933594,28505700,MSFT
2025-11-17,507.5001596757347,511.16328656765256,503.9667643395777,506.54193115234375,19092800,MSFT
2025-11-18,494.44458869198826,502.0403882023454,485.87063942574486,492.8675537109375,33815100,MSFT
2025-11-19,489.18443539234676,494.264922953439,481.9279972054541,486.2099914550781,23245300,MSFT
2025-11-20,492.7099914550781,493.57000732421875,475.5,478.42999267578125,26802500,MSFT
2025-11-21,478.5,478.9200134277344,468.2699890136719,472.1199951171875,31769200,MSFT
2025-11-24,475.0,476.8999938964844,468.0199890136719,474.0,34421000,MSFT
2025-11-25,474.07000732421875,479.1499938964844,464.8900146484375,476.989990234375,28019800,MSFT
2025-11-26,486.30999755859375,488.30999755859375,481.20001220703125,485.5,25709100,MSFT
2025-11-28,487.6000061035156,492.6300048828125,486.6499938964844,492.010009765625,14386700,MSFT
2025-12-01,488.44000244140625,489.8599853515625,484.6499938964844,486.739990234375,23964000,MSFT
2025-12-02,486.7200012207031,493.5,486.32000732421875,490.0,19562700,MSFT
2025-12-03,476.32000732421875,484.239990234375,475.20001220703125,477.7300109863281,34615100,MSFT
2025-12-04,479.760009765625,481.32000732421875,476.489990234375,480.8399963378906,22318200,MSFT
2025-12-05,482.5199890136719,483.3999938964844,478.8800048828125,483.1600036621094,22608700,MSFT
2025-12-08,484.8900146484375,492.29998779296875,484.3800048828125,491.0199890136719,21965900,MSFT
2025-12-09,489.1000061035156,492.1199951171875,488.5,492.0199890136719,14696100,MSFT
2025-12-10,484.0299987792969,484.25,475.0799865722656,478.55999755859375,35756200,MSFT
2025-12-11,476.6300048828125,486.0299987792969,475.8599853515625,483.4700012207031,24669200,MSFT
2025-12-12,479.82000732421875,482.45001220703125,476.3399963378906,478.5299987792969,21248100,MSFT
2025-12-15,480.1000061035156,480.7200012207031,472.5199890136719,474.82000732421875,23727700,MSFT
2025-12-16,471.9100036621094,477.8900146484375,470.8800048828125,476.3900146484375,20705600,MSFT
2025-12-17,476.9100036621094,480.0,475.0,476.1199951171875,24527200,MSFT
2025-12-18,478.19000244140625,489.6000061035156,477.8900146484375,483.9800109863281,28573500,MSFT
2025-12-19,487.3599853515625,487.8500061035156,482.489990234375,485.9200134277344,70836100,MSFT
2025-12-22,486.1199951171875,488.7300109863281,482.69000244140625,484.9200134277344,16963000,MSFT
2025-12-23,484.9800109863281,487.8299865722656,484.739990234375,486.8500061035156,14683600,MSFT
2025-12-24,485.67999267578125,489.1600036621094,484.8299865722656,488.0199890136719,5855900,MSFT
2025-12-26,486.7099914550781,488.1199951171875,485.9599914550781,487.7099914550781,8842200,MSFT
2025-12-29,484.8599853515625,488.3500061035156,484.17999267578125,487.1000061035156,10893400,MSFT
2025-12-30,485.92999267578125,489.67999267578125,485.5,487.4800109863281,13944500,MSFT
2020-01-02,66.57816058411578,67.89776181434897,66.57816058411578,67.85955047607422,28132000,GOOG
2020-01-03,66.89130003014904,68.1141308205774,66.77636312898343,67.52653503417969,23728000,GOOG
2020-01-06,66.99751179122029,69.3052008349893,66.99751179122029,69.19155883789062,34646000,GOOG
2020-01-07,69.37666760347787,69.62728276362967,69.00147561904272,69.14837646484375,30054000,GOOG
2020-01-08,69.08583200356541,70.05357971164248,69.02429707386626,69.69328308105469,30560000,GOOG
2020-01-09,70.49974743078216,70.83522872013066,69.98857426760912,70.46302032470703,30018000,GOOG
2020-01-10,70.84664056812932,71.21235167314282,70.38957362655471,70.95433807373047,36414000,GOOG
2020-01-13,71.2719515924114,71.48981525869341,70.77021391646954,71.42579650878906,33046000,GOOG
2020-01-14,71.41486626082231,71.55332363604815,70.88682902747631,71.01139068603516,31178000,GOOG
2020-01-15,70.97814636864022,71.53323297517342,70.97814636864022,71.42430114746094,25654000,GOOG
2020-01-16,71.83323541868478,72.0590427260816,71.50965829520423,72.04464721679688,23474000,GOOG
2020-01-17,72.60097359932806,73.51338079134683,72.36822222612999,73.46846771240234,47924000,GOOG
2020-01-21,73.4054458415932,74.03720501969366,73.01239011455874,73.66748046875,40734000,GOOG
2020-01-22,73.99503804636632,74.60118679779845,73.69379245350329,73.74441528320312,32216000,GOOG
2020-01-23,73.8282828829106,74.2193470475533,73.55334452603668,73.77914428710938,27024000,GOOG
2020-01-24,74.12354722235943,74.2180911047065,72.71709622320527,72.78955841064453,35692000,GOOG
2020-01-27,71.01736814614323,71.36823697320446,70.531010368122,71.16128540039062,35104000,GOOG
2020-01-28,71.61288762604424,72.25805027670374,71.0903026227928,72.08732604980469,31548000,GOOG
2020-01-29,72.39702382798662,72.72605329511788,71.79850824700493,72.38858795166016,21554000,GOOG
2020-01-30,71.46202648613372,72.32157705806684,71.28535017791077,72.25011444091797,26788000,GOOG
2020-01-31,72.89824316075375,72.9592858732218,70.89476848081826,71.17765045166016,48344000,GOOG
2020-02-03,72.55582390226932,73.94540346854714,72.40644680609876,73.74391174316406,60736000,GOOG
2020-02-04,72.31115822916287,72.92802972873821,70.78411331963115,71.81488037109375,78660000,GOOG
2020-02-05,72.57665784894319,72.64712844612109,70.99551452747842,71.8724365234375,39724000,GOOG
2020-02-06,71.97667363654388,73.54838183817161,71.93895451770953,73.26203155517578,33588000,GOOG
2020-02-07,72.8188478961046,73.73894898231123,72.77170089384359,73.4109115600586,23446000,GOOG
2020-02-10,73.16723874540432,74.91313929966732,73.16723874540432,74.87244415283203,28398000,GOOG
2020-02-11,75.02778368363181,75.91214968680356,74.72147961665152,74.8779067993164,26892000,GOOG
2020-02-12,75.16028520253177,75.46872472681238,74.84415949040542,75.34837341308594,23352000,GOOG
2020-02-13,75.07145776742543,75.79056696502592,74.66997368496737,75.16922760009766,18590000,GOOG
2020-02-14,75.21586434239704,75.47095489501953,74.8059368685173,75.47095489501953,23956000,GOOG
2020-02-18,75.1860949138138,76.01140219865952,75.06649328372505,75.41785430908203,22414000,GOOG
2020-02-19,75.68584470051003,76.03502479937897,75.5037085564664,75.76624298095703,18986000,GOOG
2020-02-20,75.53348673013704,75.91264676090906,74.7801418661208,75.34242248535156,21932000,GOOG
2020-02-21,74.84017785110859,75.04787150339848,73.47095364315682,73.70271301269531,34634000,GOOG
2020-02-24,70.77467716318912,71.31364175736718,70.04416367533321,70.55036163330078,57342000,GOOG
2020-02-25,71.11661160386016,71.37169458131049,68.60544709982997,68.90569305419922,49566000,GOOG
2020-02-26,69.28733511403237,70.2580590131553,68.43671263578089,69.14043426513672,44048000,GOOG
2020-02-27,67.59602251823664,68.07463352890882,65.3682318779085,65.41389465332031,59566000,GOOG
2020-02-28,63.39949420576608,66.55780559923728,63.076912851764526,66.46797943115234,75782000,GOOG
2020-03-02,67.07741164248111,69.02580360854988,65.84689452820253,68.9384536743164,48630000,GOOG
2020-03-03,69.4501103772567,69.98261550134394,66.10420318090857,66.5702133178711,48046000,GOOG
2020-03-04,67.45558448106046,68.88784331815295,66.65558473174752,68.80992126464844,38266000,GOOG
2020-03-05,67.00744493255189,67.4397040787717,64.76922673189503,65.46104431152344,51226000,GOOG
2020-03-06,63.377663381742515,64.82480607075242,62.583123528213726,64.43721771240234,53212000,GOOG
2020-03-09,59.816368521731185,62.27095833830953,59.553341867623764,60.3255500793457,67308000,GOOG
2020-03-10,62.53100416104369,63.58063445702522,60.48485020188023,63.54291534423828,52228000,GOOG
2020-03-11,62.019844812142125,62.57865341026819,59.35830716209071,60.31810760498047,52170000,GOOG
2020-03-12,55.880881864573276,59.24912070652456,55.250610698131744,55.330509185791016,84534000,GOOG
2020-03-13,58.511155024302106,60.53398160690987,55.44132961698443,60.532493591308594,74002000,GOOG
2020-03-16,54.39204904668074,57.184456166498244,53.32207493078379,53.81289291381836,85048000,GOOG
2020-03-17,54.248620205461535,56.12206962642932,52.40743005257064,55.57318878173828,77230000,GOOG
2020-03-18,52.4322482549022,54.91314134067898,51.47790395076393,54.4317512512207,84668000,GOOG
2020-03-19,54.24564765415218,57.46748167922218,52.61081069570766,55.349369049072266,73022000,GOOG
2020-03-20,56.36326517332851,56.77368866646518,52.87790844707976,53.21686553955078,72036000,GOOG
2020-03-23,52.67096099631564,53.167238830694636,50.299544890365645,52.43770980834961,80882000,GOOG
2020-03-24,54.77766237135954,56.3275387176005,54.125055755218135,56.30073928833008,66890000,GOOG
2020-03-25,55.904213641147635,57.01736300253817,53.89627081566852,54.71413803100586,81630000,GOOG
2020-03-26,55.17616974367751,58.063018570868294,54.269468414273796,57.65507888793945,71434000,GOOG
2020-03-27,55.86450684722796,57.105201415370466,54.883862890441534,55.122074127197266,64170000,GOOG
2020-03-30,55.833241144653286,57.15284601417532,54.41587402341311,56.91413497924805,51482000,GOOG
2020-03-31,56.937959165399484,58.32803087321486,56.48336847490198,57.70768356323242,49728000,GOOG
2020-04-01,55.682368160509604,56.064008185180604,54.464009027827835,54.86946487426758,46884000,GOOG
2020-04-02,54.50420847802494,55.9235634087798,54.41190228365983,55.62480545043945,39298000,GOOG
2020-04-03,55.53423221494732,55.75879763078969,53.588577914784345,54.4853515625,46268000,GOOG
2020-04-06,56.476415172043325,59.28832536945817,56.12604240903636,58.904205322265625,53294000,GOOG
2020-04-07,60.59552254277233,60.79403443287424,58.67145393292798,58.88386154174805,47746000,GOOG
2020-04-08,59.87591869991545,60.49973800052175,58.965745375592086,60.06351089477539,39502000,GOOG
2020-04-09,60.748377380759834,60.82232380996877,59.39130705964611,60.121578216552734,43508000,GOOG
2020-04-13,60.00892133007347,60.57120570791183,58.93785676983282,60.424800872802734,34796000,GOOG
2020-04-14,61.7910629817229,63.62629758558393,61.386099298617424,62.98907470703125,49408000,GOOG
2020-04-15,61.81686062694709,63.54639293491426,61.55830181891083,62.653587341308594,33434000,GOOG
2020-04-16,63.2307616555306,63.47393673790401,61.66847770670217,62.703216552734375,50362000,GOOG
2020-04-17,63.764255052837555,64.23968550186557,63.08832491442047,63.68484878540039,38980000,GOOG
2020-04-20,63.07691442636183,63.60297152578697,62.5990001256094,62.85905075073242,33910000,GOOG
2020-04-21,61.88584276439419,62.24663922407477,60.035224617592846,60.3642578125,43060000,GOOG
2020-04-22,61.81338935311163,63.80212037823691,61.637705062447075,62.690311431884766,41848000,GOOG
2020-04-23,63.10420780735259,64.1841058371172,62.812397711164635,63.34043502807617,31324000,GOOG
2020-04-24,62.589069381237785,63.54340992025842,62.007433219341216,63.48931884765625,32792000,GOOG
2020-04-27,64.31760704941487,64.32505091364293,62.977654693877525,63.319091796875,32012000,GOOG
2020-04-28,63.917108891770646,63.92306095424657,61.1513535708958,61.22430419921875,59026000,GOOG
2020-04-29,66.57368450322917,67.49328575621654,65.77368487567767,66.57467651367188,75872000,GOOG
2020-04-30,65.75084826882657,67.13744384735749,65.63223110431561,66.93099212646484,53378000,GOOG
2020-05-01,65.9305043144604,67.1002283446511,65.06201822300774,65.5389404296875,41450000,GOOG
2020-05-04,64.92454522500336,65.88881710460659,64.46647878714792,65.84613037109375,30080000,GOOG
2020-05-05,66.39800641716683,68.18559405293584,66.37517503225688,67.0525894165039,33030000,GOOG
2020-05-06,67.5776669129263,68.04565356900488,66.86302554225563,66.86351776123047,24308000,GOOG
2020-05-07,67.78856640329671,68.36722649555365,67.25903732822962,68.11710357666016,27952000,GOOG
2020-05-08,68.64167516418064,69.41735914565652,68.26202293871333,68.90172576904297,27738000,GOOG
2020-05-11,68.40099094167918,70.29925236930893,68.34500671216102,69.64069366455078,28242000,GOOG
2020-05-12,69.83225302845207,70.2233171954459,68.2267938483236,68.27493286132812,27812000,GOOG
2020-05-13,68.33993223098598,68.75839399205269,65.92553811831527,66.96424865722656,36252000,GOOG
2020-05-14,66.25408100000243,67.36574604326661,65.7027200978283,67.30172729492188,32062000,GOOG
2020-05-15,66.99751553947635,68.21240285196609,66.45160682826297,68.14838409423828,34154000,GOOG
2020-05-18,67.58063946679195,69.09800660874522,67.2084310697719,68.68187713623047,36448000,GOOG
2020-05-19,68.83359364694923,69.08187645582457,68.16301727294922,68.16301727294922,25612000,GOOG
2020-05-20,68.9617632130924,69.99601348479936,68.8461372162357,69.81238555908203,33108000,GOOG
2020-05-21,69.87591784135887,70.24762641097432,69.15383271208206,69.61785125732422,27700000,GOOG
2020-05-22,69.31562705418499,70.11215089301113,69.0734401890109,69.99602508544922,26188000,GOOG
2020-05-26,71.32852982304237,71.51364200837564,70.08088353827506,70.32356262207031,41212000,GOOG
2020-05-27,70.33497451808856,70.55779822298318,69.0466332245921,70.36425018310547,33716000,GOOG
2020-05-28,69.32306974282896,71.5056972334195,69.280390574892,70.30917358398438,33844000,GOOG
2020-05-29,70.31959885618093,71.09528294835816,70.14143830600028,70.91413879394531,36418000,GOOG
2020-06-01,70.39154226205245,71.36275818557523,70.37218670276756,71.05804443359375,24342000,GOOG
2020-06-02,70.99501792987367,71.44464853016092,70.41338179495615,71.42529296875,25562000,GOOG
2020-06-03,71.37964117329044,71.78916731216457,70.95666609908642,71.28435516357422,25124000,GOOG
2020-06-04,70.9875878792928,71.4124031574164,69.71364940911093,70.0833740234375,29686000,GOOG
2020-06-05,70.13248773091102,71.71462305103132,69.77665892515819,71.38410186767578,34698000,GOOG
2020-06-08,70.58757831933313,71.86053217676319,70.58757831933313,71.79204559326172,28084000,GOOG
2020-06-09,71.73001024545158,72.8535870093647,71.62331232935081,72.2659912109375,28184000,GOOG
2020-06-10,72.43372996728506,73.16420553960302,72.27144918071639,72.74688720703125,30504000,GOOG
2020-06-11,71.58708074582259,72.1823626964432,69.57814614869571,69.66946411132812,39826000,GOOG
2020-06-12,70.89279225239302,71.31512366180317,68.78510324712983,70.13298797607422,38928000,GOOG
2020-06-15,69.02232557073431,70.70966726308433,68.87940033399192,70.4640121459961,30078000,GOOG
2020-06-16,71.7230608424095,72.20941095967879,70.764248752909,71.59899139404297,34184000,GOOG
2020-06-17,71.81934505603064,72.45656410159347,71.03621717639088,72.015869140625,30992000,GOOG
2020-06-18,71.91858666435199,72.03025218723975,70.81933326455314,71.26349639892578,31638000,GOOG
2020-06-19,71.66252059899932,71.85110861072593,70.53845153890116,71.05309295654297,63158000,GOOG
2020-06-22,70.91810056836704,72.09676044271161,70.63075830292189,72.05259704589844,30848000,GOOG
2020-06-23,72.24018753394067,73.24768398407949,71.72406189560695,72.67542266845703,28596000,GOOG
2020-06-24,72.53150821974612,73.22183395490049,70.95533223257506,71.06550598144531,35120000,GOOG
2020-06-25,70.96276578682838,71.60792087273813,70.47144803565568,71.5300064086914,24610000,GOOG
2020-06-26,71.03671407415443,71.1389441540692,67.09626700273753,67.48882293701172,85354000,GOOG
2020-06-29,67.40344937427153,69.26052293197323,66.84911250837732,69.22925567626953,36204000,GOOG
2020-06-30,69.00445104886136,70.40445024737664,68.68285795744086,70.1543197631836,40848000,GOOG
2020-07-01,70.02976477285776,71.61289225943034,69.96623824226913,71.36673736572266,35504000,GOOG
2020-07-02,71.8084218280624,73.59551719863788,71.78261441255393,72.68981170654297,37182000,GOOG
2020-07-06,73.45208776284284,74.76871265783335,73.09476715401527,74.228271484375,31280000,GOOG
2020-07-07,73.9454029147021,75.27542397657523,73.62530156699184,73.7061996459961,29164000,GOOG
2020-07-08,74.15978975316641,74.73348224188611,73.72852269677605,74.2431640625,24994000,GOOG
2020-07-09,74.76176829848744,75.56921170142904,73.85035312552148,74.98707580566406,28466000,GOOG
2020-07-10,74.74688225425439,76.61685206461578,74.26996002383893,76.51313018798828,37126000,GOOG
2020-07-13,76.92306434166021,78.2695632781442,74.70187723645613,75.00445556640625,36928000,GOOG
2020-07-14,73.96079077385033,75.580637938563,73.62282566269967,75.46302032470703,31700000,GOOG
2020-07-15,75.58956915725493,76.1950287339222,74.34242269053046,75.11859893798828,32214000,GOOG
2020-07-16,74.44167458672857,75.36921948776053,73.7622686009857,75.33497619628906,30386000,GOOG
2020-07-17,75.514624440145,75.60494282034573,74.36325630069322,75.21337890625,29134000,GOOG
2020-07-20,75.19900336679267,77.93002353929886,74.62034317052748,77.7032241821289,31146000,GOOG
2020-07-21,78.75880555887625,78.75880555887625,77.13547498481617,77.34093475341797,24324000,GOOG
2020-07-22,77.4441513951141,77.91561378566698,76.72951015896744,77.8406753540039,18640000,GOOG
2020-07-23,77.76524879984738,78.00842008565238,74.80852010920707,75.21983337402344,32552000,GOOG
2020-07-24,74.38858256757749,75.31691510677291,73.86599747952145,75.03076171875,30880000,GOOG
2020-07-27,75.2158683374083,76.47492649167059,75.19651277464828,75.94043731689453,24920000,GOOG
2020-07-28,75.69130028914006,75.75581125387824,74.32554432654442,74.45854187011719,34044000,GOOG
2020-07-29,74.75532496809936,75.99264218064526,74.5076782686986,75.53447723388672,22130000,GOOG
2020-07-30,74.29279113025488,76.32108144896321,74.05557189784575,76.00247192382812,33428000,GOOG
2020-07-31,74.69030939824232,74.88584145993447,72.16028157563557,73.59601593017578,68798000,GOOG
2020-08-03,73.77865058359723,73.96872281811605,72.73646407571327,73.17369079589844,46604000,GOOG
2020-08-04,73.2788853229116,73.72504006673059,72.38955943880173,72.70320129394531,38070000,GOOG
2020-08-05,72.9181005236001,73.5687230839682,72.62827444230203,73.13199615478516,39590000,GOOG
2020-08-06,73.03970398922898,74.5602972256842,72.75434570131681,74.44664764404297,39908000,GOOG
2020-08-07,74.441674690049,75.27765172835954,73.53050931881228,74.16822814941406,31556000,GOOG
2020-08-10,73.80544421227378,74.64390502378875,73.10569068546498,74.24812316894531,25786000,GOOG
2020-08-11,74.06649552807355,74.93795782578333,73.34987016783626,73.46500396728516,29088000,GOOG
2020-08-12,73.72604731602124,75.0563712798316,73.70966778362227,74.77021789550781,28740000,GOOG
2020-08-13,74.95483140195972,76.29031989824922,74.83895548496008,75.35731506347656,29104000,GOOG
2020-08-14,75.2188347793179,75.52851617139882,74.5845918402364,74.82528686523438,27096000,GOOG
2020-08-17,75.16971199026851,75.71264460300503,74.83720675165813,75.333984375,27566000,GOOG
2020-08-18,75.74092627547944,77.54191738954236,75.61834862268822,77.34986114501953,40542000,GOOG
2020-08-19,77.08732616213746,78.09824534388996,76.62281539764179,76.80048370361328,33212000,GOOG
2020-08-20,76.5979963005962,78.70320887210534,76.33745348921454,78.49874114990234,34138000,GOOG
2020-08-21,78.26451406926564,79.29131315177301,77.81662508793919,78.43275451660156,28930000,GOOG
2020-08-24,79.10569011991224,80.10768122598317,78.44018743414891,78.81884765625,28198000,GOOG
2020-08-25,78.51463149226906,79.98113347227084,78.51463149226906,79.8124008178711,44942000,GOOG
2020-08-26,79.80147688102969,82.34340896746689,79.58311342338612,82.00395965576172,79868000,GOOG
2020-08-27,82.06847361310274,82.13398416730115,80.68236994166742,81.1081771850586,37232000,GOOG
2020-08-28,81.06648070908415,81.74538685177795,80.930499563954,81.60841369628906,29980000,GOOG
2020-08-31,81.7811288983985,81.78484704441053,80.90867464516772,81.1007308959961,36468000,GOOG
2020-09-01,81.22231897305689,82.66648933389573,81.003463288517,82.4173583984375,36506000,GOOG
2020-09-02,83.06575101334117,86.01388511779149,82.69626874386255,85.77071380615234,50224000,GOOG
2020-09-03,84.84931647343939,84.84931647343939,80.15184424761775,81.48088073730469,62156000,GOOG
2020-09-04,80.60843141644293,81.64317416700418,76.80461610747956,78.95980072021484,52172000,GOOG
2020-09-08,76.10470855192,77.61116363896181,75.83175420194426,76.04912567138672,52218000,GOOG
2020-09-09,77.29676962451178,77.86599434073611,76.23081268509105,77.26847839355469,35494000,GOOG
2020-09-10,77.45109322527088,78.61441844294171,75.72231454471562,76.03074645996094,32372000,GOOG
2020-09-11,76.22827551548885,78.17368364419161,74.31065125070333,75.46996307373047,31942000,GOOG
2020-09-14,76.37741614573555,77.61786100755914,75.22282942088631,75.39850616455078,33932000,GOOG
2020-09-15,76.22828213588019,77.39800638344262,76.02158046911772,76.49825286865234,26622000,GOOG
2020-09-16,77.19800582468778,77.51859938019965,75.42529823829437,75.47889709472656,26234000,GOOG
2020-09-17,74.2431798136985,74.85350109078003,72.95285419348124,74.2198486328125,37596000,GOOG
2020-09-18,74.3429115679416,74.59070213973557,71.32157345578229,72.45606231689453,62078000,GOOG
2020-09-21,71.46697837668651,71.87888985447366,69.80395251864239,71.0252914428711,57776000,GOOG
2020-09-22,71.96475870704471,72.92902321222451,71.19255046545392,72.7275390625,31664000,GOOG
2020-09-23,72.39602944720993,72.50421160632492,69.86104112150531,70.2337417602539,33148000,GOOG
2020-09-24,70.02629137290262,71.64807703200857,69.96773246504247,70.88286590576172,29004000,GOOG
2020-09-25,71.09825548008703,71.96028988277335,70.14093506164996,71.71016693115234,26460000,GOOG
2020-09-28,73.1617832407043,73.29031297055192,71.92560182202484,72.6808853149414,40158000,GOOG
2020-09-29,72.97220065731825,73.28351778090314,72.39725863958432,72.91959381103516,19564000,GOOG
2020-09-30,72.79402627283477,73.93299052220092,72.45060893104817,72.93299102783203,34032000,GOOG
2020-10-01,73.66102557767228,74.39403036798248,73.40991064795878,73.94985961914062,35590000,GOOG
2020-10-02,72.55731105816068,73.60793343449701,72.00594255705482,72.3781509399414,25682000,GOOG
2020-10-05,72.76473621900855,73.85654568165356,72.66845822076978,73.74786376953125,22266000,GOOG
2020-10-06,73.22976572591286,73.78460247967747,71.89030927530766,72.1310043334961,24908000,GOOG
2020-10-07,72.66947063787708,72.90123003409803,71.265503187501,72.47096252441406,34924000,GOOG
2020-10-08,72.70917297322893,73.9453997667534,72.70917297322893,73.74341583251953,23756000,GOOG
2020-10-09,74.17865073894797,75.26152482602063,73.91810789711114,75.19701385498047,28706000,GOOG
2020-10-12,76.57567423494667,79.09974266841846,76.05805679773535,77.8734359741211,49652000,GOOG
2020-10-13,78.59701629629011,78.9081819781087,77.5781609104323,77.9990005493164,32020000,GOOG
2020-10-14,78.34192085711464,78.79324018059705,76.94936534993373,77.8203353881836,38586000,GOOG
2020-10-15,76.78163496039583,78.16898070470643,76.67642882945194,77.37617492675781,30800000,GOOG
2020-10-16,77.70966576926196,78.46797821756914,77.56822477315174,78.06499481201172,28694000,GOOG
2020-10-19,78.43472353680188,78.81635977044212,75.83124911574544,76.15928649902344,32142000,GOOG
2020-10-20,75.78411076251808,78.28783163248045,75.71562417619946,77.21736145019531,44834000,GOOG
2020-10-21,78.0808699012377,80.33397531029891,77.99650358558185,79.07243347167969,51366000,GOOG
2020-10-22,79.05953963302305,80.49577391695124,78.66003959673263,80.16525268554688,28672000,GOOG
2020-10-23,80.69824524177824,81.50668072441772,80.4223148935475,81.43919372558594,27516000,GOOG
2020-10-26,80.64564438902183,81.30221896620628,78.23819417588084,78.93050384521484,37066000,GOOG
2020-10-27,79.18956056493225,79.7441473728873,78.54985775226073,79.61585998535156,24580000,GOOG
2020-10-28,77.4064352993474,77.48633378593614,75.16723307327203,75.26648712158203,36680000,GOOG
2020-10-29,75.55134272922399,79.09228964702433,75.54539066703965,77.77864074707031,40062000,GOOG
2020-10-30,82.98310820938278,83.72206508135392,79.62578912567685,80.44712829589844,86582000,GOOG
2020-11-02,80.80197208483241,82.42033495137787,80.19998832120534,80.6962661743164,50708000,GOOG
2020-11-03,80.98161437238764,82.46647970547528,80.2292616022844,81.89625549316406,33234000,GOOG
2020-11-04,84.8773986729902,87.90891418908974,84.66647909556993,86.80543518066406,71418000,GOOG
2020-11-05,88.38708404771462,89.01437540466563,86.87392737924584,87.51214599609375,41316000,GOOG
2020-11-06,87.04465893399303,87.96177643736618,86.36972072940095,87.43175506591797,33218000,GOOG
2020-11-09,88.87840159310154,90.2262939793129,87.34589680838995,87.49378967285156,45366000,GOOG
2020-11-10,85.91016174921202,87.49378914223973,85.22579566361058,86.3717041015625,52722000,GOOG
2020-11-11,86.84861916883732,87.55432478037316,86.7178479630942,86.98310852050781,25280000,GOOG
2020-11-12,86.731009028004,87.75532424241983,86.63026316716248,86.84068298339844,24950000,GOOG
2020-11-13,87.22727953659363,88.38906762036554,86.57814880833777,88.18955993652344,29998000,GOOG
2020-11-16,87.92554670928337,89.28385895683124,87.72653880467419,88.40594482421875,24936000,GOOG
2020-11-17,88.18558295716805,88.58558272213556,87.69228121377932,87.8486099243164,22942000,GOOG
2020-11-18,87.604453131627,88.01338862768735,86.65706040467028,86.6888198852539,23470000,GOOG
2020-11-19,86.27195740237713,87.82084183837935,86.20372070478149,87.5394515991211,24998000,GOOG
2020-11-20,87.60346164873442,88.03968879454243,86.44465709340311,86.46102905273438,46270000,GOOG
2020-11-23,86.82876480752297,87.04216062074688,85.24662946823767,86.09724426269531,43232000,GOOG
2020-11-24,85.88088559144109,87.92058790853834,85.7414286042471,87.78559875488281,31560000,GOOG
2020-11-25,87.98460214757017,88.26500033701676,87.17319061042556,87.91214752197266,20916000,GOOG
2020-11-27,87.99453439313902,89.52852339020494,87.9622751204519,88.99205017089844,17698000,GOOG
2020-11-30,88.39619891284718,88.73769278389123,87.0967487004716,87.3816146850586,36476000,GOOG
2020-12-01,88.05804237759918,90.5622627652361,87.8099034772164,89.23571014404297,34738000,GOOG
2020-12-02,89.2357124739142,91.09923808767552,88.80757290127825,90.71710205078125,24440000,GOOG
2020-12-03,90.52156566366519,91.67243397990323,90.45407109667107,90.65853881835938,24546000,GOOG
2020-12-04,90.54688484704663,90.97566812482567,90.17319222758387,90.7190933227539,27564000,GOOG
2020-12-07,90.27293716272597,90.93646342957646,89.61686233326083,90.29676055908203,26418000,GOOG
2020-12-08,89.83125494363887,90.41686677073551,89.14167889978857,90.2506103515625,21926000,GOOG
2020-12-09,89.9260391505422,91.03075254663202,87.73249209754806,88.54241180419922,30152000,GOOG
2020-12-10,87.83124389303427,88.40246013178486,86.36821789177995,88.1056900024414,27256000,GOOG
2020-12-11,87.49674853971115,88.55829044748766,87.34488766300409,88.42528533935547,24414000,GOOG
2020-12-14,88.08931824492798,89.20048356188695,87.20668639374409,87.3478775024414,32004000,GOOG
2020-12-15,87.56425044108076,87.91164339523793,86.84613335692426,87.73049926757812,29646000,GOOG
2020-12-16,87.9841079053669,87.99006754102135,87.15036472168934,87.49378967285156,30270000,GOOG
2020-12-17,87.76722323186408,87.92970847111908,86.28583371192838,86.74439239501953,32494000,GOOG
2020-12-18,87.05606538133071,87.10222037127775,85.37070778287082,85.90618896484375,80328000,GOOG
2020-12-21,85.0377092098508,86.39453728320409,84.31760801337705,86.32108306884766,36568000,GOOG
2020-12-22,86.07590297119219,86.22354591256064,84.99129491834705,85.53347778320312,18734000,GOOG
2020-12-23,85.76227813643804,86.74887425044554,85.60991743632805,85.97418975830078,20676000,GOOG
2020-12-24,86.1042085774782,86.65011725167767,85.81189867689874,86.29527282714844,6936000,GOOG
2020-12-28,86.9297568995485,88.86985660913243,86.66673026679015,88.14340209960938,27860000,GOOG
2020-12-29,88.72405039679622,88.95481775152832,87.15084313993475,87.28136444091797,25988000,GOOG
2020-12-30,87.44465466205962,87.59775746786453,85.63770381564792,86.32852172851562,26122000,GOOG
2020-12-31,86.12504609512048,87.29179417890073,86.12504609512048,86.9419174194336,20238000,GOOG
2021-01-04,87.22281294628222,87.37715765401825,84.75681130832594,85.76872253417969,38038000,GOOG
2021-01-05,85.6079306360175,86.73299169369423,85.26127976412366,86.39800262451172,22906000,GOOG
2021-01-06,84.49775233587917,86.74936612076766,84.31760021238799,86.11859893798828,52042000,GOOG
2021-01-07,86.35531825640027,88.75432509946349,86.20594117430056,88.69725799560547,45300000,GOOG
2021-01-08,88.7334912479935,89.81834938402105,88.01661599818148,89.68782806396484,41012000,GOOG
2021-01-11,88.63870226543007,89.047887686195,87.37071589373467,87.67840576171875,24194000,GOOG
2021-01-12,87.04316284004813,88.2401862729812,85.62331568317703,86.67740631103516,27140000,GOOG
2021-01-13,86.28187417200391,87.59477351168651,86.25358294239726,87.06698608398438,21882000,GOOG
2021-01-14,87.02828456551137,88.08982674605957,86.0248090799771,86.36128997802734,23590000,GOOG
2021-01-15,86.26251546414574,87.14638917916125,85.43670843561704,86.16326141357422,26844000,GOOG
2021-01-19,86.96028647724162,89.79031052225248,86.42479772681979,88.87641143798828,34692000,GOOG
2021-01-20,90.89129469400088,94.47690493351953,90.59700079890858,93.64266204833984,49806000,GOOG
2021-01-21,94.19353244147311,96.02280722888308,93.65308365003949,93.8585433959961,41278000,GOOG
2021-01-22,94.07838433539773,94.8362045161049,93.38756650254213,94.34488677978516,25442000,GOOG
2021-01-25,95.31859047067545,95.76076963604262,92.68137249950749,94.26300811767578,38546000,GOOG
2021-01-26,93.7389416358011,95.5334809106757,93.51090040107225,95.14836883544922,26262000,GOOG
2021-01-27,93.4257945865802,93.79651116223887,89.77665765481767,90.85804748535156,54966000,GOOG
2021-01-28,91.5106601315722,94.23472857138471,91.44614915786501,92.46202850341797,35462000,GOOG
2021-01-29,91.62133143132827,92.17269237519622,89.83621991668983,91.10371398925781,32252000,GOOG
2021-02-01,91.98857146290209,95.40405597386508,91.85755792611496,94.35978698730469,32044000,GOOG
2021-02-02,95.41239547422798,97.06004161908778,95.01190341768233,95.6580581665039,45474000,GOOG
2021-02-03,102.87840313083534,105.03720730426068,100.16773064017131,102.73299407958984,82364000,GOOG
2021-02-04,102.67443011733421,103.15382863593891,101.36921697081479,102.3508529663086,37046000,GOOG
2021-02-05,102.72951534871969,104.34291815901767,102.19998621432573,104.11909484863281,30702000,GOOG
2021-02-08,104.51164830223856,105.3869347160513,102.82876693597579,103.86648559570312,24838000,GOOG
2021-02-09,103.1533315305854,104.47293255250594,103.1533315305854,103.39997863769531,17798000,GOOG
2021-02-10,103.93100033477586,104.63372991225886,102.38658399549954,103.98905944824219,22710000,GOOG
2021-02-11,104.19402610698783,104.3190875718258,103.09278096474972,104.01437377929688,18914000,GOOG
2021-02-12,103.73446803117707,104.65606084760412,103.38112301012299,104.42230987548828,17114000,GOOG
2021-02-16,104.43472840713319,106.83274335243696,104.43472840713319,105.3051986694336,22676000,GOOG
2021-02-17,104.21833932555077,105.88880908882014,104.16474047433805,105.62329864501953,21418000,GOOG
2021-02-18,104.73397249673239,105.84290379891695,104.40245928622272,105.07193756103516,22432000,GOOG
2021-02-19,105.17467105151684,105.7334758207032,104.08980542953131,104.27491760253906,29148000,GOOG
2021-02-22,102.58062420310993,103.79253530976204,102.3394369378379,102.47541809082031,27350000,GOOG
2021-02-23,100.49676421173395,103.32554643644939,99.3558158634762,102.7721939086914,33348000,GOOG
2021-02-24,101.3314994577473,104.2570595002908,101.14787907670082,103.97864532470703,24966000,GOOG
2021-02-25,102.60296857758759,103.96426450631263,100.31215120065129,100.81190490722656,36568000,GOOG
2021-02-26,101.76277602805101,102.77964743707088,100.05260282370779,101.0848617553711,41670000,GOOG
2021-03-01,102.06051794114586,103.5493513322446,101.54340035380785,103.30072021484375,28090000,GOOG
2021-03-02,103.03670442654219,104.43521190472185,102.79204134384504,103.01933288574219,22692000,GOOG
2021-03-03,102.59105022064446,103.64852581463876,99.75184808714971,100.58113098144531,29684000,GOOG
2021-03-04,100.41537321345079,103.68435059593537,100.2615207203599,101.6917953491211,42360000,GOOG
2021-03-05,102.88434639138246,105.11710437828245,101.55903561555868,104.64216613769531,43904000,GOOG
2021-03-08,104.27443206746486,105.64812426106462,100.32802505738692,100.455078125,32948000,GOOG
2021-03-09,102.72951498133257,103.12852279691981,101.62926935019789,101.87095642089844,33946000,GOOG
2021-03-10,102.8168471431405,102.97764369503807,100.91164199644126,101.98657989501953,25372000,GOOG
2021-03-11,102.93100824614882,105.49378782988636,102.84763392955281,104.95135498046875,24782000,GOOG
2021-03-12,103.4739148948357,103.73495748612314,101.6153570721142,102.32850646972656,34516000,GOOG
2021-03-15,102.34736955994683,102.58359676514988,101.41486465521487,102.55531311035156,25962000,GOOG
2021-03-16,103.17566748070718,105.3875781726272,102.72951267357026,103.84712982177734,29832000,GOOG
2021-03-17,103.02875715162972,104.70369470408664,101.93545571900566,103.7756576538086,25980000,GOOG
2021-03-18,102.28286783600868,103.0024692034399,100.92057998943062,101.05308532714844,27228000,GOOG
2021-03-19,101.34241567958058,101.89080056408538,100.13298835879755,101.39949035644531,46298000,GOOG
2021-03-22,101.3319887863275,102.1334725838893,100.5493531857813,101.17069244384766,39096000,GOOG
2021-03-23,101.82132320572043,102.84375278509316,101.20196791810987,101.88385772705078,27340000,GOOG
2021-03-24,102.49973393724686,103.13695296531952,101.3178481813476,101.49179077148438,23080000,GOOG
2021-03-25,101.47938573124554,102.17714767750128,99.78806856759364,101.4570541381836,28378000,GOOG
2021-03-26,101.18410882027551,101.78609259385784,99.95135025094393,101.01983642578125,29870000,GOOG
2021-03-29,100.63919407485422,102.15532690786644,100.03075843514034,102.0322494506836,24596000,GOOG
2021-03-30,102.11560847439652,102.76821498835122,101.4406703683131,102.01188659667969,20732000,GOOG
2021-03-31,102.1895673001318,103.88718500087943,102.07169979464673,102.66152954101562,29198000,GOOG
2021-04-01,104.11659813070005,106.34935596867466,104.06399129155837,106.09178161621094,33980000,GOOG
2021-04-05,106.845637917698,111.03273204152705,106.78012736880954,110.44910430908203,43298000,GOOG
2021-04-06,110.29774303328874,111.05010340239878,109.91560700008995,110.40940856933594,27060000,GOOG
2021-04-07,110.47790474172571,111.91065562912694,110.43820160485271,111.64663696289062,25798000,GOOG
2021-04-08,113.05011129326408,113.35010737527648,112.04365987787578,112.42877197265625,27166000,GOOG
2021-04-09,111.9950150617911,113.59998189823281,111.84682687990188,113.44315338134766,20888000,GOOG
2021-04-12,112.46897052864345,112.91909339865406,111.09006079216573,111.90023803710938,31318000,GOOG
2021-04-13,112.23174260920688,113.01287887576844,111.96474035408396,112.51958465576172,23310000,GOOG
2021-04-14,112.91114526151502,113.05158667158682,111.62231173029588,111.90270233154297,20220000,GOOG
2021-04-15,113.00146588563129,114.47129212057,112.45655683858433,113.97814178466797,27472000,GOOG
2021-04-16,114.29278070382014,114.46349736190467,113.37218749025212,114.03273010253906,22596000,GOOG
2021-04-19,113.74589052815423,115.05953958182683,113.54068066554962,114.26301574707031,24688000,GOOG
2021-04-20,114.53546368191472,114.6203297949644,112.7399323890532,113.82777404785156,21774000,GOOG
2021-04-21,113.41188241825846,113.9116360461608,112.0878135973065,113.8108901977539,23930000,GOOG
2021-04-22,113.80791621888578,114.33059968400795,111.98260950784,112.55184173583984,21096000,GOOG
2021-04-23,113.3235541982414,115.42529112029511,113.06251157388485,114.90320587158203,28670000,GOOG
2021-04-26,115.13297457325584,116.19154051966318,114.83074460174834,115.47093963623047,20834000,GOOG
2021-04-27,115.93051175718163,116.00246659500257,114.35582003906823,114.49726104736328,31972000,GOOG
2021-04-28,119.46126773420414,121.70608135750207,117.85854233793792,118.10965728759766,59728000,GOOG
2021-04-29,119.61934105132906,120.91908679997171,119.21983344543095,120.59005737304688,39554000,GOOG
2021-04-30,119.3295033916252,120.45357230680484,119.21386981598272,119.60890197753906,39142000,GOOG
2021-05-03,119.24166605463816,120.08434482450056,118.33744477612487,118.86697387695312,33788000,GOOG
2021-05-04,117.60495221385352,118.07740668929166,114.72455501435228,116.83621978759766,35120000,GOOG
2021-05-05,117.53943763387613,118.22331148805296,116.69527457406797,116.95978546142578,21806000,GOOG
2021-05-06,116.65705298910346,118.24861640060404,116.24504302548796,118.18112182617188,20618000,GOOG
2021-05-07,119.10668251478764,119.92107766726444,118.61040467097602,119.04167175292969,23272000,GOOG
2021-05-10,117.86052553400093,118.01487024218662,115.86747811780978,116.21139526367188,26006000,GOOG
2021-05-11,113.73993305446795,115.23571061757734,113.30023010951443,114.57864379882812,32110000,GOOG
2021-05-12,112.24365188467097,113.41784385782482,110.67243614647123,111.12057495117188,34934000,GOOG
2021-05-13,112.21287490269839,112.98265224138152,111.30121736158576,112.25655364990234,26670000,GOOG
2021-05-14,113.73844140886489,115.19303160950976,113.31611000480542,114.94588470458984,26624000,GOOG
2021-05-17,114.60643643618464,115.30221438690029,113.89576318362138,115.20643615722656,19842000,GOOG
2021-05-18,115.97546234582424,116.28534065744955,114.30072156132653,114.31412506103516,17302000,GOOG
2021-05-19,112.37714973720954,114.97565662278348,112.33347856164839,114.57615661621094,19350000,GOOG
2021-05-20,115.53545752658258,117.13843270235449,115.19054082028367,116.9275131225586,23832000,GOOG
2021-05-21,117.4188295214368,117.56820659332212,116.24662161210094,116.3821029663086,22832000,GOOG
2021-05-24,117.46896653672783,120.0238100181119,117.12703339736446,119.43770599365234,21244000,GOOG
2021-05-25,120.09923365607258,120.7389364994994,119.25506307653886,119.55680084228516,18838000,GOOG
2021-05-26,119.74364968862118,121.23789760351696,119.72776994891755,120.77069854736328,21856000,GOOG
2021-05-27,120.93994358036062,121.09180449270217,119.20594700657459,119.23126220703125,38962000,GOOG
2021-05-28,120.19651505921757,120.50321290609966,119.48832556660223,119.68038940429688,24108000,GOOG
2021-06-01,120.19848657292914,120.99109532079021,119.34886373038158,120.5860824584961,19166000,GOOG
2021-06-02,120.85905093526975,121.19105641358378,119.31512663868645,120.16277313232422,17158000,GOOG
2021-06-03,118.85952661366748,119.5902975008336,118.2545668756939,119.33545684814453,18346000,GOOG
2021-06-04,120.22430061160439,121.77958371082647,119.98856560491551,121.6754150390625,25948000,GOOG
2021-06-07,121.65359170701286,122.48138285110272,121.14505378614861,122.38658905029297,23850000,GOOG
2021-06-08,123.07194458762119,123.79625609948549,122.49328444293478,123.21834564208984,25060000,GOOG
2021-06-09,124.04463058293184,124.31758487862207,123.44066288251942,123.64264678955078,20126000,GOOG
2021-06-10,123.77218660193203,125.22380075791295,123.7716868104201,125.14141845703125,31234000,GOOG
2021-06-11,125.30618154477034,125.40891141702494,123.9845889238439,124.76077270507812,25240000,GOOG
2021-06-14,124.7339778092754,125.47045091033763,124.11610675138665,125.41139221191406,22550000,GOOG
2021-06-15,125.58012276594714,125.91758803507994,124.71312084525886,125.09475708007812,22182000,GOOG
2021-06-16,125.30766577409084,125.58161210010309,123.22573124814696,124.76077270507812,26316000,GOOG
2021-06-17,124.58857288727816,126.24961492715705,124.58062923082278,125.43025970458984,25756000,GOOG
2021-06-18,124.76970937847966,125.4481233861758,123.6754158011016,124.63273620605469,53306000,GOOG
2021-06-21,124.80394487361677,126.09104431612481,124.20270326086137,125.51362609863281,26256000,GOOG
2021-06-22,125.50866066639675,126.3225560078602,125.08831328217012,126.05406951904297,20984000,GOOG
2021-06-23,125.60792271224543,126.84464168187691,125.31213700392834,125.52008056640625,19694000,GOOG
2021-06-24,126.10766569898725,126.58607976031381,126.0148635032268,126.33446502685547,18934000,GOOG
2021-06-25,126.01189483683915,126.55581190778707,125.50271327766866,126.04961395263672,33484000,GOOG
2021-06-28,126.0545721620701,126.38906142919231,125.03601217104567,125.87541961669922,28110000,GOOG
2021-06-29,125.82876045189262,126.05456777137601,124.50319977401574,125.08037567138672,20950000,GOOG
2021-06-30,124.71814454004452,124.86350814875675,123.82876551564229,124.38311004638672,24006000,GOOG
2021-07-01,123.92032555013269,125.52107451297083,123.92032555013269,125.42777252197266,17120000,GOOG
2021-07-02,125.89526296871489,127.88881771900198,125.82528458450997,127.7607650756836,21160000,GOOG
2021-07-06,128.4858375638429,128.91761203217695,127.45308646784872,128.80494689941406,21350000,GOOG
2021-07-07,129.3706885083143,129.66735260804575,128.7940048792825,129.10914611816406,16680000,GOOG
2021-07-08,127.29527667621416,129.06450853637082,127.08683330197957,128.2153778076172,19780000,GOOG
2021-07-09,127.98460923107149,128.88287097720044,127.98360964794479,128.6099090576172,15106000,GOOG
2021-07-12,128.866964612396,129.79650105681262,128.635212813252,129.59202575683594,16944000,GOOG
2021-07-13,129.90716755887453,131.05903549499658,129.6644809267212,130.0193328857422,16618000,GOOG
2021-07-14,130.91957558587723,132.00592537663516,130.91609219071105,131.09922790527344,17912000,GOOG
2021-07-15,131.51361389548214,131.60790788687194,129.62578033737918,130.28929138183594,16586000,GOOG
2021-07-16,130.66102248243504,131.19897988108596,129.84761938532512,130.86399841308594,14856000,GOOG
2021-07-19,130.1791275094,130.26993810726304,127.58012092886482,128.29177856445312,25710000,GOOG
2021-07-20,129.03617035107237,131.0186458921752,128.22664461234842,130.12550354003906,19084000,GOOG
2021-07-21,129.8133812095096,131.630002229733,129.62926104191178,131.61337280273438,14742000,GOOG
2021-07-22,131.66249131969906,132.51063745167286,131.41435242528183,132.33595275878906,13608000,GOOG
2021-07-23,134.2530821264453,137.77517375543397,133.69775313433536,136.79005432128906,26378000,GOOG
2021-07-26,137.22083025286332,138.67293674760154,136.62629033737147,138.60494995117188,23052000,GOOG
2021-07-27,138.96868421527302,138.96868421527302,134.09424882962676,135.77810668945312,42164000,GOOG
2021-07-28,137.5304899963096,138.63619539548873,135.33496650963016,135.36622619628906,54688000,GOOG
2021-07-29,135.36531083990997,136.130476360821,135.1245173911755,135.52401733398438,19284000,GOOG
2021-07-30,134.50218978594987,134.76059710287734,133.8105693115149,134.21434020996094,23954000,GOOG
2021-08-02,134.47589690718493,135.0079022282867,133.6669616661826,134.97714233398438,20140000,GOOG
2021-08-03,134.9875732904457,135.3205707554601,133.18459806780936,135.26548767089844,19064000,GOOG
2021-08-04,135.23518648136118,135.52153668208956,134.40689577009903,135.01583862304688,16528000,GOOG
2021-08-05,135.01586446484032,135.93049810751398,134.59055701913545,135.9205780029297,11866000,GOOG
2021-08-06,135.2803727982421,136.05957806717294,135.03371811088556,136.01585388183594,13560000,GOOG
2021-08-09,135.92951543890544,137.29179571182735,135.4131399118757,136.97467041015625,12374000,GOOG
2021-08-10,137.0515791788081,137.5200655428445,136.20493240279666,137.06845092773438,16034000,GOOG
2021-08-11,137.25357733868427,137.81411623444134,136.3275242522757,136.66448974609375,15204000,GOOG
2021-08-12,136.68780590456788,137.38755941541558,135.76076843083266,137.35926818847656,14646000,GOOG
2021-08-13,137.32750954817215,137.6416512145234,136.97764036321507,137.3756561279297,12580000,GOOG
2021-08-16,136.97265476413168,137.9557747772392,135.1520660737978,137.8818359375,18040000,GOOG
2021-08-17,137.16227055292592,137.68585523895865,135.76923026376434,136.27841186523438,21272000,GOOG
2021-08-18,136.09475511424054,137.26449440218946,135.40543661936505,135.55332946777344,14934000,GOOG
2021-08-19,134.4590220686158,136.42874571286038,134.34835611957467,135.89425659179688,18296000,GOOG
2021-08-20,136.06250877941264,137.58261719856523,135.45109711962536,137.40643310546875,15564000,GOOG
2021-08-23,137.96374550714967,141.11858084675495,137.71506137766556,140.04910278320312,21090000,GOOG
2021-08-24,140.4898090672745,141.94291508013427,140.301221062979,141.33843994140625,15126000,GOOG
2021-08-25,141.81933117581272,142.2461380006741,141.3791359959186,141.88583374023438,12838000,GOOG
2021-08-26,141.5567971724876,142.06925006619173,141.03372749552045,141.0649871826172,14922000,GOOG
2021-08-27,141.05455700817544,143.9314778848446,140.9627468292163,143.4744110107422,24562000,GOOG
2021-08-30,143.627292082542,145.3990078576148,143.52357775360508,144.3865966796875,16916000,GOOG
2021-08-31,144.7984904986015,145.02429024446116,143.9205688493798,144.37913513183594,26756000,GOOG
2021-09-01,144.56572985506747,145.7275179837796,144.5305021248187,144.7563018798828,15824000,GOOG
2021-09-02,144.86300266678276,145.23571084857772,143.03373534126945,143.1453857421875,21844000,GOOG
2021-09-03,143.0729349902839,144.29477388584726,142.4367154882718,143.69725036621094,19104000,GOOG
2021-09-07,143.671927181134,144.73843680455298,143.46498321012623,144.43569946289062,15170000,GOOG
2021-09-08,144.3111448681757,144.46747360687533,143.12653287874838,143.80494689941406,15486000,GOOG
2021-09-09,143.80492608218663,144.58507028810155,143.35877888997834,143.83470153808594,14798000,GOOG
2021-09-10,144.36077090628712,144.9319871932157,140.6863338441148,140.864501953125,32896000,GOOG
2021-09-13,142.1349760961205,143.11759656902206,141.22331087777422,142.39700317382812,20176000,GOOG
2021-09-14,143.08780915095542,143.6500897401695,141.84166232984532,142.33843994140625,18916000,GOOG
2021-09-15,142.6887963402488,144.49772338244566,141.1969794078948,144.12501525878906,20648000,GOOG
2021-09-16,144.0407001669498,144.11910686941116,142.3487389592667,143.29876708984375,20292000,GOOG
2021-09-17,142.72799389468838,143.17564045281333,140.01136979806188,140.41038513183594,60040000,GOOG
2021-09-20,137.96544183583563,138.32504942545316,136.0327327840215,137.98211669921875,34918000,GOOG
2021-09-21,139.07392048051722,139.76334498733954,137.87143728445002,138.60691833496094,18130000,GOOG
2021-09-22,139.00793799713549,140.529515568139,138.43349574114248,139.8893280029297,22068000,GOOG
2021-09-23,140.55531117351342,141.1934843736055,140.0461296231635,140.7707061767578,17272000,GOOG
2021-09-24,139.8967595018027,141.8396915898963,139.80196570399485,141.57119750976562,14950000,GOOG
2021-09-27,140.53150606591015,141.43920332434348,139.45409169873867,140.44764709472656,18844000,GOOG
2021-09-28,138.05308511117352,138.5672342973503,134.68980610725293,135.1702117919922,42190000,GOOG
2021-09-29,136.08900522770074,136.37565838188394,133.25059831773436,133.5195770263672,26338000,GOOG
2021-09-30,133.3250443507156,134.58062673344583,132.00991104788721,132.2734375,35294000,GOOG
2021-10-01,132.56028322993208,136.0506001030267,132.38459893425915,135.44662475585938,28388000,GOOG
2021-10-04,134.68930385428592,134.68980364581515,130.1900593467162,132.7692108154297,31530000,GOOG
2021-10-05,133.00245817803045,136.33942981573142,133.00245817803045,135.1632537841797,24126000,GOOG
2021-10-06,133.62330864718834,136.82579101308863,133.48533589520042,136.3314971923828,19764000,GOOG
2021-10-07,137.82925928825028,139.11108818353836,137.5314895695696,138.14935302734375,18250000,GOOG
2021-10-08,138.86448941748162,139.27242528559856,138.391383768763,139.01336669921875,18924000,GOOG
2021-10-11,138.7592665718013,139.7157462492968,137.77316289188025,137.81385803222656,16584000,GOOG
2021-10-12,138.59801100849262,138.655093267176,135.23573117976056,135.69528198242188,22536000,GOOG
2021-10-13,136.72458152852133,137.51862931417017,135.9568409584149,136.8734588623047,16380000,GOOG
2021-10-14,138.91013041944825,140.596987181638,138.30170246887008,140.35926818847656,21426000,GOOG
2021-10-15,141.14141649120276,141.14141649120276,140.0143714405811,140.62033081054688,21250000,GOOG
2021-10-18,140.16226660616186,141.93422450504897,140.16226660616186,141.89625549316406,16564000,GOOG
2021-10-19,142.2248049092944,143.03422490820103,142.03074947845107,142.75135803222656,15316000,GOOG
2021-10-20,143.14885188684437,143.17391718679707,140.85555111093032,141.35479736328125,17940000,GOOG
2021-10-21,141.13345518311783,141.78606164613012,140.5825789965514,141.7175750732422,14850000,GOOG
2021-10-22,139.30618190197518,140.50469714101166,136.14936227881165,137.59303283691406,30182000,GOOG
2021-10-25,137.77715609659143,138.16950760323758,135.73050972700017,137.73992919921875,21082000,GOOG
2021-10-26,139.5592699957883,139.79102178403178,137.97067524865412,138.63221740722656,28258000,GOOG
2021-10-27,138.86102798544903,148.0079254314992,138.86102798544903,145.33746337890625,51850000,GOOG
2021-10-28,146.20245655252498,146.32702580527996,143.68583959771865,145.04116821289062,32418000,GOOG
2021-10-29,144.4367048006501,147.50668177858643,144.08583600912826,147.16671752929688,28954000,GOOG
2021-11-01,147.06199245088013,147.29475897424754,142.51063375677091,142.7036895751953,32272000,GOOG
2021-11-02,143.73141499763807,145.82679883496888,143.56427257189534,144.7771759033203,21150000,GOOG
2021-11-03,145.18605435556503,145.81683660263266,143.9736511659985,145.6972198486328,17886000,GOOG
2021-11-04,146.10419482875912,148.83372298167316,145.54339843956512,147.57615661621094,24700000,GOOG
2021-11-05,148.24167042985454,149.44986347878043,147.54538508335918,148.1300048828125,20408000,GOOG
2021-11-08,148.88337130538727,149.9101704106517,148.0099173472651,148.2397003173828,18388000,GOOG
2021-11-09,148.63122989032894,149.25901341844508,146.4088995243999,148.13743591308594,16876000,GOOG
2021-11-10,146.90791180091054,147.59301993563162,144.24314466659487,145.5344696044922,22708000,GOOG
2021-11-11,146.0118997214322,147.39676161662558,145.6024795439066,145.65557861328125,12464000,GOOG
2021-11-12,146.7310026137217,148.743905554168,145.36375464445197,148.531494140625,17048000,GOOG
2021-11-15,148.88335301950136,149.35680704972827,147.54588059669535,148.27590942382812,16248000,GOOG
2021-11-16,148.06002650806823,148.71710090262894,147.24563894683004,147.9662322998047,17254000,GOOG
2021-11-17,148.11808045681914,148.5121281720986,147.45703807735867,147.9523162841797,15290000,GOOG
2021-11-18,148.0356986810806,150.48136024573412,147.8893052064059,149.58706665039062,26658000,GOOG
2021-11-19,149.8758995234392,150.71957786360355,148.77167836049367,148.83619689941406,19766000,GOOG
2021-11-22,149.02404047399503,149.6223060338657,145.91112703556922,145.9835968017578,24608000,GOOG
2021-11-23,146.01785763143388,146.59452621008714,143.810899303843,145.6645050048828,18126000,GOOG
2021-11-24,145.2605329664016,145.9056881142698,144.11810038473118,145.6252899169922,16464000,GOOG
2021-11-26,143.9359440696595,144.21534264472484,141.42477970835844,141.74288940429688,16992000,GOOG
2021-11-29,143.22428490327337,145.76870835636387,143.22428490327337,145.02627563476562,26276000,GOOG
2021-11-30,144.36748107624754,145.5369478353583,141.00841245185228,141.39154052734375,41590000,GOOG
2021-12-01,143.13891917791497,145.4085480522127,140.44661815649198,140.56373596191406,28476000,GOOG
2021-12-02,140.7682125267617,143.5979865232936,139.93247027965248,142.7061767578125,21250000,GOOG
2021-12-03,143.41982187599402,144.13197933473333,140.09922226334348,141.4595184326172,26688000,GOOG
2021-12-06,142.5052115459802,143.27692004578387,139.59999878022396,142.72604370117188,22198000,GOOG
2021-12-07,144.86349407765914,147.19600591306414,144.61783897753403,146.93446350097656,23258000,GOOG
2021-12-08,147.22726115455447,148.04611651197752,146.10418422825288,147.61337280273438,18964000,GOOG
2021-12-09,147.07290423966418,148.49126695091977,146.43073280187977,147.00343322753906,18580000,GOOG
2021-12-10,147.99006124835097,148.28781584283692,146.26052506185502,147.56822204589844,21634000,GOOG
2021-12-13,147.3389335007413,147.45655110481894,145.27044785663702,145.6123809814453,24104000,GOOG
2021-12-14,143.69228849037063,144.35928299228624,141.18359252577474,143.89129638671875,24778000,GOOG
2021-12-15,143.291272857119,146.4190587092337,141.6431423516046,146.27142333984375,27280000,GOOG
2021-12-16,146.97467107458243,147.44564131402356,143.01983566651143,143.76028442382812,27400000,GOOG
2021-12-17,141.65210229748376,143.38471318782035,140.73250089319748,141.7399444580078,43404000,GOOG
2021-12-20,139.63231028159606,141.54884388782773,139.2059124504081,141.34140014648438,20264000,GOOG
2021-12-21,142.08435461073574,143.61492845815732,140.67989483839312,143.1468963623047,19548000,GOOG
2021-12-22,143.02726685066872,146.2064101742013,142.89127813210706,145.8550567626953,18438000,GOOG
2021-12-23,145.9945199793773,147.4665878505096,145.8569107046352,146.04713439941406,13818000,GOOG
2021-12-27,146.3657373545969,147.32156594224003,146.15382574492025,146.96176147460938,13256000,GOOG
2021-12-28,147.2699449731051,147.2699449731051,144.84910634367543,145.3577880859375,18624000,GOOG
2021-12-29,145.3394407452973,146.0880678931373,144.42132368421687,145.41387939453125,17022000,GOOG
2021-12-30,145.3597821288025,145.96772553619093,144.67343202950178,144.91561889648438,12978000,GOOG
2021-12-31,144.46054443590492,145.27543188141178,143.60049400624234,143.60247802734375,17298000,GOOG
2022-01-03,143.39996697611252,144.4664766151235,142.43421833382604,143.9945068359375,25214000,GOOG
2022-01-04,144.46697616614875,145.51858292940094,142.7455276238929,143.34141540527344,22928000,GOOG
2022-01-05,143.1076725930679,143.2238059713416,136.49973183392765,136.62876892089844,49642000,GOOG
2022-01-06,136.47392425130153,138.6461394172011,135.7453947927287,136.5270233154297,29050000,GOOG
2022-01-07,136.8784131382133,137.22555627502123,134.77816762738453,135.984619140625,19408000,GOOG
2022-01-10,134.09329717477587,137.6079376816233,132.14938048691576,137.5424346923828,34096000,GOOG
2022-01-11,137.1518585566263,139.28486311752135,135.7950455061005,138.97518920898438,23502000,GOOG
2022-01-12,140.5007264921033,141.75109886568754,140.06151575997302,140.59352111816406,23642000,GOOG
2022-01-13,140.7845933770484,142.11958197417889,137.879880763518,138.0952606201172,26566000,GOOG
2022-01-14,136.47640259062064,140.14935527735125,136.47640259062064,138.74588012695312,23826000,GOOG
2022-01-18,135.58312991457055,136.36872657137658,134.60744585556347,135.2759246826172,27382000,GOOG
2022-01-19,135.91908788899167,137.36921022886403,134.49128956976696,134.64215087890625,20796000,GOOG
2022-01-20,135.49775273533527,136.88534059937749,132.15332960815354,132.51263427734375,21930000,GOOG
2022-01-21,132.02181121952745,133.75729945189138,129.033239599701,129.12355041503906,41920000,GOOG
2022-01-24,125.08928828805531,129.80492663339794,123.71405910571403,129.4014434814453,55148000,GOOG
2022-01-25,127.47937944556713,128.37565705645525,125.43719351489987,125.79203033447266,36008000,GOOG
2022-01-26,129.6203024526188,131.81880924230848,126.20690870462221,128.2778778076172,39630000,GOOG
2022-01-27,130.38308964820584,131.62275428424127,127.98509008213493,128.15977478027344,30248000,GOOG
2022-01-28,129.03222468109425,132.37763191206795,127.73644713463236,132.2972412109375,30518000,GOOG
2022-01-31,133.1989906027417,134.832248794696,131.28931739538163,134.68832397460938,34056000,GOOG
2022-02-01,136.80888697769672,137.17116002365978,133.56645234516188,136.85205078125,51204000,GOOG
2022-02-02,150.73296985374967,150.96772041182237,144.47391416763952,146.93446350097656,89750000,GOOG
2022-02-03,144.21337624420445,148.0076269256047,141.14638281645216,141.58856201171875,56930000,GOOG
2022-02-04,141.95232415946552,143.45927123161638,138.77664902396063,141.9513397216797,49224000,GOOG
2022-02-07,142.63918095821072,142.7756543324009,137.66648255462243,137.90370178222656,44610000,GOOG
2022-02-08,137.95656098774955,138.79610473280962,135.85407435024604,138.17665100097656,34256000,GOOG
2022-02-09,139.8012132567481,141.11710373666713,139.33198474953912,140.3999786376953,28628000,GOOG
2022-02-10,138.461534726937,140.37815974309206,137.02233183946038,137.57070922851562,33018000,GOOG
2022-02-11,137.71710270951854,138.24638194353167,132.2962577204164,133.13150024414062,38808000,GOOG
2022-02-14,132.37267748599484,135.15283598369206,132.30965831855778,134.29278564453125,26792000,GOOG
2022-02-15,136.4481154203491,136.87342286569958,134.5305061976068,135.409912109375,26578000,GOOG
2022-02-16,135.4148663590837,136.91908742682642,133.81998613596934,136.46400451660156,25610000,GOOG
2022-02-17,135.1364572384145,135.82082332712238,131.21784913590878,131.3235626220703,30968000,GOOG
2022-02-18,132.04713705513697,132.8277811560627,129.3370098366061,129.4962615966797,31858000,GOOG
2022-02-22,129.01733104431148,130.91882547825418,126.79003316584843,128.4391632080078,38906000,GOOG
2022-02-23,130.10272420237408,130.76821937820853,126.55433288244461,126.63522338867188,26432000,GOOG
2022-02-24,124.06943906133372,132.04661025961403,123.83569569124667,131.68580627441406,43166000,GOOG
2022-02-25,132.5314781427655,134.38111553073816,130.78408597498338,133.51808166503906,26236000,GOOG
2022-02-28,132.292293746533,134.63075782305722,131.83646870873483,133.8868408203125,29676000,GOOG
2022-03-01,133.47887855867887,135.09773354018446,132.3855770645595,133.16920471191406,24640000,GOOG
2022-03-02,133.6061689449605,134.60591851870706,132.43917096499558,133.74835205078125,23966000,GOOG
2022-03-03,134.96624790680133,135.69607992253347,132.43771142497914,133.3081817626953,19780000,GOOG
2022-03-04,132.38957270479813,133.19999228219936,129.4376977705169,131.13844299316406,24446000,GOOG
2022-03-07,130.922076997255,130.922076997255,125.4689725835447,125.52306365966797,39178000,GOOG
2022-03-08,125.31066173347229,130.26947238219728,124.92380792457851,126.33100891113281,35250000,GOOG
2022-03-09,130.42183024453882,133.19950537309927,129.11960050686272,132.86947631835938,32258000,GOOG
2022-03-10,130.4838404498871,132.544389967668,130.42280530507844,131.69427490234375,24266000,GOOG
2022-03-11,133.00196452718066,133.20097243045313,129.32652784786816,129.5041961669922,26600000,GOOG
2022-03-14,129.60096695902467,130.05059757638782,125.47193939245228,125.79749298095703,30254000,GOOG
2022-03-15,126.79054616465082,129.54562410114278,125.62578206944592,128.6952667236328,30292000,GOOG
2022-03-16,130.02480476893277,132.77517290714133,128.23920095215607,132.69528198242188,32058000,GOOG
2022-03-17,132.32852511869552,133.73646824552316,131.73100158586277,133.59849548339844,23994000,GOOG
2022-03-18,132.88733446105417,135.8942773297475,131.94242552245822,135.78311157226562,45900000,GOOG
2022-03-21,135.82878076832625,136.55830987259498,133.6094184105768,135.4625244140625,26632000,GOOG
2022-03-22,135.48384016666185,140.4466181947447,135.48384016666185,139.23321533203125,29776000,GOOG
2022-03-23,138.10270990614384,138.9826004436537,137.1379456820029,137.47242736816406,25302000,GOOG
2022-03-24,138.23573292706624,140.34391439765986,137.0118039253343,140.26004028320312,20544000,GOOG
2022-03-25,140.69873918568095,140.90271471411023,138.65952912852086,140.4679718017578,19270000,GOOG
2022-03-28,139.6371978702013,140.919587238595,138.78723420122037,140.89328002929688,23774000,GOOG
2022-03-29,142.0947671698026,143.08930681887722,141.42328971717996,142.18359375,28678000,GOOG
2022-03-30,141.80641153610736,142.41237084004507,141.10964163515865,141.5825958251953,21046000,GOOG
2022-03-31,141.38806838856462,141.58260845238024,138.57963380751463,138.6099090576172,29516000,GOOG
2022-04-01,138.96770683116304,139.900711536706,137.76373940912654,139.65257263183594,23480000,GOOG
2022-04-04,139.7761508845711,142.97143927267746,139.7761508845711,142.57318115234375,19076000,GOOG
2022-04-05,142.33198670836325,142.52105934769244,139.89426123507653,140.01287841796875,19256000,GOOG
2022-04-06,138.12552365688512,138.8074058329786,135.40255365661812,136.15480041503906,23574000,GOOG
2022-04-07,135.60097284162686,136.67641822626814,133.85333812173886,135.44911193847656,19448000,GOOG
2022-04-08,135.2357242722811,135.2357242722811,132.75681864876051,133.0128936767578,16434000,GOOG
2022-04-11,131.91064286590625,131.94955087865642,128.65257765810549,128.8302459716797,24188000,GOOG
2022-04-12,131.43769254156453,131.43769254156453,126.62628271204856,127.41883850097656,23004000,GOOG
2022-04-13,127.66896991451473,129.6831147975933,127.48247193280024,129.3161163330078,19542000,GOOG
2022-04-14,129.67690171095137,129.7371947398729,126.16523791028946,126.30567932128906,23484000,GOOG
2022-04-18,126.46152213425574,127.75383156115618,125.63616186935936,127.00841522216797,14918000,GOOG
2022-04-19,127.12355399812398,129.92926255751522,126.50271445824443,129.55929565429688,22720000,GOOG
2022-04-20,130.30668827785922,130.94142357309352,126.94197783255301,127.29080963134766,22610000,GOOG
2022-04-21,128.38708133094494,129.3374424756781,123.72206516169979,124.0074234008789,30158000,GOOG
2022-04-22,124.06946312059551,124.51810175234476,118.25358587523252,118.72355651855469,46410000,GOOG
2022-04-25,118.5404341752876,122.36028808300831,117.88510141981827,122.3324966430664,34522000,GOOG
2022-04-26,121.83620979526796,121.83620979526796,118.27477110564347,118.6163558959961,49394000,GOOG
2022-04-27,113.52156674047187,116.62528712088584,112.28211410279226,114.16424560546875,62238000,GOOG
2022-04-28,116.24314739552732,119.5419075191992,114.28672119066118,118.52255249023438,36790000,GOOG
2022-04-29,116.70271958035475,118.07442777146485,113.84018621276864,114.11065673828125,33694000,GOOG
2022-05-02,113.05854526741946,116.46598758247436,112.55531578188786,116.28484344482422,30280000,GOOG
2022-05-03,115.89575511464756,118.411887219082,115.75878195591723,117.2500991821289,21216000,GOOG
2022-05-04,117.12505018898763,122.22628616656112,114.8769121003977,121.66251373291016,33232000,GOOG
2022-05-05,119.32554082473231,120.33075791991476,114.32505073378451,115.87740325927734,43090000,GOOG
2022-05-06,114.6590315762313,116.62379527334397,113.29327556813456,114.79898834228516,35310000,GOOG
2022-05-09,112.46003592271695,114.70261576616211,111.71363510132933,112.24217224121094,34520000,GOOG
2022-05-10,115.17664575210966,115.82230820260246,112.53923091909382,113.73149108886719,31158000,GOOG
2022-05-11,112.86400162054564,115.80245764892041,112.80395091338548,113.11263275146484,36502000,GOOG
2022-05-12,111.10470071914486,114.00146967224408,109.29378185929983,112.31859588623047,41464000,GOOG
2022-05-13,113.99054342750014,117.20592929194403,113.1513404994264,115.64811706542969,29738000,GOOG
2022-05-16,114.52503847826414,115.73942577678814,113.4838440753947,113.93794250488281,23282000,GOOG
2022-05-17,116.3548107318265,116.3548107318265,114.47888128226606,115.83272552490234,21576000,GOOG
2022-05-18,114.37964107756378,114.83437565155293,111.30718016760673,111.56425476074219,27982000,GOOG
2022-05-19,111.00841568329966,112.74191218304438,109.64563573647587,109.92106628417969,29192000,GOOG
2022-05-20,111.25110445801242,111.71214700448216,105.58112851026546,108.4992446899414,37586000,GOOG
2022-05-23,109.28435201426997,111.17170121117366,108.34167699891671,110.83522033691406,31558000,GOOG
2022-05-24,105.58559764452096,105.60296161430037,101.44713436310151,105.13745880126953,60386000,GOOG
2022-05-25,104.35928030714108,105.75154037623167,103.43546117179687,105.05158996582031,37900000,GOOG
2022-05-26,105.26101721995352,108.14414771940906,104.70270469181337,107.48979949951172,30288000,GOOG
2022-05-27,108.97119510009125,112.02776856109718,108.73447566378962,111.95928955078125,29924000,GOOG
2022-05-31,112.2372033266363,115.56673109114115,111.73447364482165,113.19005584716797,51302000,GOOG
2022-06-01,114.0759260527628,116.52505618862867,112.70520224154761,113.28733825683594,28630000,GOOG
2022-06-02,113.33794934994897,117.02032994413179,112.4644955216671,116.86946105957031,27472000,GOOG
2022-06-03,115.12901423678426,115.49824658292881,112.82181754435243,113.71115112304688,25052000,GOOG
2022-06-06,115.87343213288153,118.50965827025381,115.6608238461561,116.13943481445312,23786000,GOOG
2022-06-07,114.78708742646226,116.8720966114918,114.26847796734052,116.3568115234375,26414000,GOOG
2022-06-08,116.0064371237209,117.76276512980755,115.82801912123996,116.36524200439453,22544000,GOOG
2022-06-09,115.47541835897833,117.46896563522633,114.01189243425299,114.06251525878906,23142000,GOOG
2022-06-10,111.94166626726074,112.65208960540404,110.03571135172886,110.59799194335938,31324000,GOOG
2022-06-13,106.6461281798025,108.40543207259111,105.79456678668615,106.08087158203125,36756000,GOOG
2022-06-14,106.09427358464099,107.65010185105413,105.56027664193988,106.39601135253906,25480000,GOOG
2022-06-15,108.08881256768618,111.2287678955715,107.3138782536219,109.56871795654297,33192000,GOOG
2022-06-16,107.34440018613208,108.47690508360789,105.00495174306114,105.84217071533203,35314000,GOOG
2022-06-17,105.74192217834539,108.4362074021435,104.84221414019781,107.06251525878906,43516000,GOOG
2022-06-21,108.88533716799299,111.83421292998393,108.4798775416717,111.18111419677734,39010000,GOOG
2022-06-22,110.33546349800969,112.92255847543518,109.90002393931785,111.1999740600586,23922000,GOOG
2022-06-23,112.10915331063065,112.35382396350464,110.20245634323702,111.84563446044922,24710000,GOOG
2022-06-24,112.75728877244866,117.75430997742473,112.75728877244866,117.65555572509766,39122000,GOOG
2022-06-27,118.04961094608326,118.3622684179662,115.13720447516587,115.75432586669922,32840000,GOOG
2022-06-28,115.48484964529182,116.97914308388886,111.60693671146727,111.73348999023438,28232000,GOOG
2022-06-29,111.31362443846164,112.81833763360945,110.72355241414265,111.42082214355469,18628000,GOOG
2022-06-30,109.6768976824354,110.50102357939595,106.51114258064412,108.55828857421875,38046000,GOOG
2022-07-01,107.5304944051267,108.98890868286857,106.30767123286135,108.26895904541016,31028000,GOOG
2022-07-05,106.71413341551589,113.20355546188158,105.45854348640388,113.03919219970703,36398000,GOOG
2022-07-06,113.2426703373829,115.48584081793405,111.41487964081023,114.35581970214844,28852000,GOOG
2022-07-07,115.14440152879284,118.96970739061597,114.67392353728296,118.4178466796875,32184000,GOOG
2022-07-08,116.67491906783029,119.53843665062448,116.63918397499954,119.27392578125,29082000,GOOG
2022-07-11,117.7667242916959,117.91014930388491,115.36920180045507,115.65505981445312,26718000,GOOG
2022-07-12,115.96872145905212,116.97219685840713,113.76177074507001,113.9945297241211,24970000,GOOG
2022-07-13,111.80049108523546,114.29974431214647,110.99056368609698,111.35185241699219,38958000,GOOG
2022-07-14,110.00096220929656,111.15382213003318,108.5116366058715,110.61039733886719,32366000,GOOG
2022-07-15,112.12206081029161,113.15184335032022,110.99005576160162,111.92752075195312,34330000,GOOG
2022-07-18,112.595517164046,113.94539347549131,108.48633731298709,109.091796875,33354000,GOOG
2022-07-19,110.89824604120244,113.95531168622901,109.67739926047726,113.76673126220703,30992300,GOOG
2022-07-20,113.21089535897589,115.46400093196159,112.41685538012788,113.84613037109375,26780100,GOOG
2022-07-21,114.23322461768115,114.3523340202464,111.07690496198657,114.18360137939453,27267800,GOOG
2022-07-22,110.97765125985214,112.33745530559987,106.79899263895324,107.55333709716797,44455300,GOOG
2022-07-25,108.06945227591243,109.7568013593638,106.21337812849376,107.4044418334961,28289900,GOOG
2022-07-26,106.63025878915802,106.93794863187382,103.98013689664695,104.65507507324219,36626600,GOOG
2022-07-27,108.78409571083199,113.54836577163863,107.6128797626186,112.75431823730469,41474600,GOOG
2022-07-28,111.9602857008125,113.84613546787841,111.01834525515086,113.73695373535156,23303800,GOOG
2022-07-29,112.55581960160089,116.02976460428857,112.38708694746556,115.77169799804688,31336200,GOOG
2022-08-01,114.66994641723024,116.24811374743231,113.83620335417874,114.62032318115234,22856200,GOOG
2022-08-02,113.57814291596826,116.20841689334405,113.40941027351059,115.03720092773438,17911000,GOOG
2022-08-03,115.47391388650271,118.53098692591148,115.2853334734743,117.895751953125,25302800,GOOG
2022-08-04,117.41934334155405,118.61040716268363,116.83373153580266,117.98509979248047,15757700,GOOG
2022-08-05,116.05953000320336,117.97516267009925,115.8411665532051,117.33992767333984,15615700,GOOG
2022-08-08,118.23322877952984,119.96027344675186,116.95283111453126,117.2605209350586,17061100,GOOG
2022-08-09,117.11164773072046,117.32008352400636,115.69229274278388,116.62529754638672,15424300,GOOG
2022-08-10,118.69971700094804,120.87341612283642,118.47143346046545,119.7518310546875,20497000,GOOG
2022-08-11,121.17120230603105,121.42926133710701,118.66003758353666,118.92802429199219,16671600,GOOG
2022-08-12,120.2580479159398,121.73695373535156,119.5037034907786,121.73695373535156,16121100,GOOG
2022-08-15,121.30022998354421,122.34241648723292,120.66499494766124,121.96524047851562,15525000,GOOG
2022-08-16,121.40940395106105,122.31064161277808,120.63025172187828,121.59799194335938,15626200,GOOG
2022-08-17,120.0297607283746,121.24067989020192,119.30519173769794,119.42430114746094,17589200,GOOG
2022-08-18,119.33497401312613,120.78410441269445,118.66003584061222,119.96028137207031,15652000,GOOG
2022-08-19,118.97764927887584,119.10667878809409,116.79402229086824,117.24067687988281,20187000,GOOG
2022-08-22,115.23571771686524,115.6327415198653,113.81636273264448,114.21338653564453,19316000,GOOG
2022-08-23,113.46897184272552,115.06698718921282,113.44912405987819,113.91561889648438,14390700,GOOG
2022-08-24,113.5979914578415,114.85556534654049,112.93298098774915,113.84613037109375,16051200,GOOG
2022-08-25,114.29279418672282,116.90321303877113,114.19354012792769,116.82380676269531,14874700,GOOG
2022-08-26,114.94787149420665,115.73199139432494,110.39204453341436,110.47145080566406,31698700,GOOG
2022-08-29,109.95531210800485,111.12652806100044,108.99253192978833,109.51858520507812,20386100,GOOG
2022-08-30,110.20345437435583,110.54092723851655,107.99005948003216,109.091796875,20548200,GOOG
2022-08-31,110.79898963531326,110.93794682696662,108.23820169441632,108.33745574951172,25898000,GOOG
2022-09-01,108.38707927111064,110.39204602317912,107.38460346767542,109.72703552246094,22784400,GOOG
2022-09-02,110.51113507755568,110.84364786205148,107.3250325619203,107.87094116210938,20618100,GOOG
2022-09-06,107.33000861113351,108.06945773272552,105.7171056606775,106.67988586425781,20565100,GOOG
2022-09-07,106.95780197095783,110.16375256992326,106.8138771570068,109.65755462646484,22987200,GOOG
2022-09-08,108.36723460759642,109.75681414031163,107.2555694669044,108.6054458618164,21660700,GOOG
2022-09-09,109.23075884008838,111.16623944422953,109.18112802558257,110.9478759765625,21732900,GOOG
2022-09-12,111.1563103943137,111.80147311192768,110.10420377865334,111.0372085571289,19732900,GOOG
2022-09-13,108.07938248471206,108.555812521435,104.21834167053534,104.52603149414062,33015000,GOOG
2022-09-14,104.6550717936455,105.31015459512474,103.72206704484307,105.08187103271484,22115800,GOOG
2022-09-15,104.22827088516831,105.41933463565279,102.54092173728354,103.12653350830078,26494900,GOOG
2022-09-16,102.20346057855498,103.25556718639018,101.0967631048831,102.8585433959961,64540100,GOOG
2022-09-19,101.77665879894217,103.24563694250317,101.60792615331398,103.076904296875,19738600,GOOG
2022-09-20,102.11413180324605,102.40197387655286,100.36723915314869,101.07195281982422,24001700,GOOG
2022-09-21,101.47889021763504,102.71958481292508,99.24563994611297,99.26549530029297,26596800,GOOG
2022-09-22,98.70966963526503,100.92307236430692,98.66997406781465,99.82133483886719,21272700,GOOG
2022-09-23,99.31510601233887,99.36473681892929,97.28037167629618,98.43173217773438,25657000,GOOG
2022-09-26,97.87591663582947,99.69229535554446,97.64762549649416,98.07442474365234,22437900,GOOG
2022-09-27,99.16623789732465,99.71213895725225,96.61536262588275,97.35977935791016,24225000,GOOG
2022-09-28,97.2902913418776,100.64513393571336,97.07193548261658,99.99004364013672,24617000,GOOG
2022-09-29,98.5607783494678,98.5607783494678,95.80146730177007,97.35977935791016,21921500,GOOG
2022-09-30,97.00247448446149,98.75334272545689,95.31512520582285,95.43423461914062,26277800,GOOG
2022-10-03,96.49625825689655,99.22578620253039,96.29774259001869,98.56077575683594,24840000,GOOG
2022-10-04,100.28782480372733,101.95531861557453,100.28782480372733,101.64762878417969,22580900,GOOG
2022-10-05,99.94043639262158,101.97517104498277,98.99750392900135,101.45904541015625,18475500,GOOG
2022-10-06,100.74440039069306,102.95780286422516,100.74440039069306,101.47888946533203,17156200,GOOG
2022-10-07,99.9007355018137,100.66500008015534,98.47145283077565,98.82877349853516,24249900,GOOG
2022-10-10,99.10667914465193,99.2456363284513,97.14142321800459,97.97516632080078,16529900,GOOG
2022-10-11,97.5185993622589,99.37468128236328,96.52604364355905,97.3200912475586,21617700,GOOG
2022-10-12,97.53843901583626,98.9061866191343,96.94290714876782,97.56822204589844,17343400,GOOG
2022-10-13,95.2158683372556,99.78162302994957,94.56077794224261,98.96772766113281,32812200,GOOG
2022-10-14,99.87591213383833,100.53596254882596,96.30767336573908,96.45655822753906,22624800,GOOG
2022-10-17,98.77912489730154,101.01237488238796,98.76920479408274,100.02974700927734,23311600,GOOG
2022-10-18,103.1662434922349,103.44415788095885,99.90073427953011,100.63522338867188,21610500,GOOG
2022-10-19,99.95033982966433,100.90220022885586,98.89327332913491,99.54339599609375,21573700,GOOG
2022-10-20,100.06945060076914,102.2332220102988,99.22577989481539,99.78160858154297,25125100,GOOG
2022-10-21,97.72703350859237,100.86351316170806,97.49874993779162,100.72455596923828,28988700,GOOG
2022-10-24,101.33000683899147,102.33249020702785,99.55333881634537,102.20346069335938,24680800,GOOG
2022-10-25,102.53100176135153,104.31759738931376,102.25307981813201,104.14886474609375,29910200,GOOG
2022-10-26,96.03969631694301,97.8064443371375,93.86599680513548,94.1141357421875,71504300,GOOG
2022-10-27,93.60791365210915,94.46151205056668,91.2158586592953,91.91064453125,54036500,GOOG
2022-10-28,91.84117699580668,96.13894496083813,91.63571724053354,95.86103057861328,35696900,GOOG
2022-10-31,95.06697203698457,95.6327284134678,93.67739271344385,93.95531463623047,29868700,GOOG
2022-11-01,94.87838288056484,95.44910687434188,89.75680009983557,89.82627868652344,43220600,GOOG
2022-11-02,90.23323929201062,90.62033539620485,86.36227067746957,86.42182159423828,43553600,GOOG
2022-11-03,85.70221895576579,85.90569468178349,82.82876610350229,82.86846923828125,48510400,GOOG
2022-11-04,84.87343696802398,86.08435608999167,83.25556638887753,86.05457305908203,40173300,GOOG
2022-11-07,86.68979834600714,88.27789328855268,86.31262996208142,87.99005126953125,26899900,GOOG
2022-11-08,88.49626207214546,89.7319889636192,86.99750097648906,88.24812316894531,30172000,GOOG
2022-11-09,87.885831937025,88.82379665640302,86.70965599898223,86.74935913085938,26743900,GOOG
2022-11-10,91.65259244958854,93.84614727620713,90.96773414543361,93.4689712524414,42371200,GOOG
2022-11-11,94.00495141605279,96.63522559091078,93.45905031312702,96.00991821289062,30569100,GOOG
2022-11-14,94.78905601753704,96.45654966190129,94.40493598579161,95.31510925292969,24170100,GOOG
2022-11-15,97.93546897850322,99.67244145132042,96.2977505610415,97.98509979248047,31831000,GOOG
2022-11-16,97.29031718664217,99.10669613678408,97.17319935704475,98.25309753417969,24660200,GOOG
2022-11-17,96.45655058347974,98.73943142323438,96.37714432046612,97.7667236328125,21818700,GOOG
2022-11-18,98.27294433694922,98.42182921004388,96.01983860319467,97.07195281982422,24969900,GOOG
2022-11-21,96.83372466211372,97.98509282565104,94.95779513065939,95.11660766601562,18696900,GOOG
2022-11-22,95.44417261249036,96.82183302184295,93.70719990335066,96.60546112060547,18868900,GOOG
2022-11-23,96.61536486869264,98.33149749193493,96.61536486869264,98.0843505859375,17568900,GOOG
2022-11-25,97.73198684763922,98.20345683177483,96.80394975326425,96.87342834472656,8567800,GOOG
2022-11-28,96.47641029152656,97.10172522432691,95.17616475745432,95.53348541259766,19974500,GOOG
2022-11-29,95.2853438247631,95.6724399282433,93.68732859856074,94.7295150756836,20220000,GOOG
2022-11-30,94.4118991071478,100.69477081298828,93.96524450711816,100.69477081298828,39888100,GOOG
2022-12-01,100.64513325566372,101.82626919872287,99.92056437962765,100.5260238647461,21771500,GOOG
2022-12-02,98.6302610889219,100.39700899560899,98.43174540847458,100.07939147949219,18821500,GOOG
2022-12-05,99.07195027093198,100.99254313984373,98.61537555463818,99.12654113769531,19955500,GOOG
2022-12-06,98.92801845539366,99.46399940772264,96.03968549143026,96.58558654785156,20877600,GOOG
2022-12-07,96.04960085443341,96.58558178030592,94.31759620099723,94.44166564941406,26647900,GOOG
2022-12-08,94.97764727981749,95.15630758976693,93.10171781164742,93.25059509277344,25593200,GOOG
2022-12-09,93.20097447341072,93.78657865587707,92.32752067909017,92.37715148925781,21885300,GOOG
2022-12-12,92.39700014380698,93.17615994973863,91.21586409114799,92.8635025024414,27380900,GOOG
2022-12-13,97.33993414718385,99.0570587863431,94.66995697458204,95.13645935058594,34788500,GOOG
2022-12-14,94.82877026356813,96.49626410337974,93.2406826953187,94.60047912597656,26452900,GOOG
2022-12-15,92.84365654995494,93.33000669886196,89.75680786798428,90.52107238769531,28298800,GOOG
2022-12-16,90.52107430259025,91.06698295150255,89.33993820168727,90.18360900878906,48485500,GOOG
2022-12-19,90.20345275025069,90.52107024831994,88.26301225260495,88.48633575439453,23020500,GOOG
2022-12-20,88.06945933813587,89.11163814639156,87.38459356942639,88.96275329589844,21976800,GOOG
2022-12-21,89.06202986482222,90.23820599326167,88.24813446108449,89.57815551757812,20336400,GOOG
2022-12-22,88.2679691084836,88.51610800650896,86.29278560052927,87.60295867919922,23656100,GOOG
2022-12-23,86.96773422614893,89.42926815166591,86.96773422614893,89.14142608642578,17815000,GOOG
2022-12-27,88.64512975496568,88.8337177242036,86.88334979113912,87.27540588378906,15470900,GOOG
2022-12-28,86.84861925694143,87.86102268662181,85.72703410010159,85.81636047363281,17879600,GOOG
2022-12-29,86.38211394567159,88.69973039755114,86.3424108123672,88.2878189086914,18280700,GOOG
2022-12-30,86.71462924269922,88.16872732509496,86.38212398181673,88.06947326660156,19190300,GOOG
2023-01-03,89.16127890666588,90.86847589467597,88.357303653299,89.03224182128906,20738500,GOOG
2023-01-04,90.33248723113951,90.56077077837028,87.14638466544511,88.04960632324219,27046500,GOOG
2023-01-05,87.41437938210237,87.5533365730005,85.91561816873094,86.12405395507812,23136100,GOOG
2023-01-06,86.70966035351863,87.81139770749454,84.93298486893224,87.50370788574219,26612600,GOOG
2023-01-09,88.53100269094597,90.15383333187394,87.92058307416708,88.13894653320312,22996700,GOOG
2023-01-10,86.07442389495867,88.80891188022328,86.05456854206112,88.5756607055664,22855600,GOOG
2023-01-11,89.38956175113037,91.761769210798,89.07194423773636,91.57318878173828,25998800,GOOG
2023-01-12,91.71214207135343,91.93050552239022,89.89576344420028,91.22579193115234,22754200,GOOG
2023-01-13,90.84663504663001,92.2878293294662,90.2530871813159,92.10916900634766,18630700,GOOG
2023-01-17,92.08931000210364,92.2778979947532,90.16374965955099,91.47393035888672,22935800,GOOG
2023-01-18,92.24812416569286,92.89129525669863,90.71958756208764,91.09675598144531,19641600,GOOG
2023-01-19,90.7096550185611,93.69724947316314,90.69972734230578,93.21089935302734,28707700,GOOG
2023-01-20,95.23571930203236,98.67988889810704,95.19602373670406,98.54093170166016,53704800,GOOG
2023-01-23,98.39204062112809,100.64514622764932,98.01487219350635,100.45655822753906,31791800,GOOG
2023-01-24,98.80891602833275,100.33744503515337,97.96523768447395,98.47144317626953,27391400,GOOG
2023-01-25,96.476413040722,96.99254625623635,94.55284411256523,96.00991821289062,31000900,GOOG
2023-01-26,97.54836777838968,98.47144483303055,96.09923744243925,98.42182159423828,24542100,GOOG
2023-01-27,98.31264288517572,100.82380753762881,98.2332366135522,99.96028137207031,29020400,GOOG
2023-01-30,98.00991271096092,98.66896355953914,96.79402595278148,97.2208251953125,24365100,GOOG
2023-01-31,97.13150204723405,99.16624427466857,97.06202345068063,99.12654113769531,22306800,GOOG
2023-02-01,98.99750517152452,101.42927122365668,97.6873319269526,100.6749267578125,26392600,GOOG
2023-02-02,105.99501990085484,108.00990668019372,105.74688098571264,107.99005889892578,46622600,GOOG
2023-02-03,102.73944479821186,107.21586564752732,102.5310090055195,104.43671417236328,36823400,GOOG
2023-02-06,101.9205777042125,103.92057679608975,101.44911527014645,102.69973754882812,25573000,GOOG
2023-02-07,102.85854354090914,107.86102513268486,102.77715324727075,107.2357177734375,33738800,GOOG
2023-02-08,101.92553886503447,102.80891275950125,97.72206521578482,99.25556182861328,73546000,GOOG
2023-02-09,99.79155156278502,99.86103015928214,93.16127914560606,94.7493667602539,97798600,GOOG
2023-02-10,95.02727774558286,96.29774779183593,93.82628629334056,94.1538314819336,49325300,GOOG
2023-02-13,94.30272095144028,94.64018626094146,93.34986837022619,94.29279327392578,43116600,GOOG
2023-02-14,93.95532956307463,94.46649516108072,91.96029041426873,94.2431640625,42513100,GOOG
2023-02-15,94.03472700826885,96.61537037167123,93.657558559939,96.37715911865234,36964500,GOOG
2023-02-16,94.82877483042466,97.1513515909801,94.26301837034583,95.06698608398438,35642100,GOOG
2023-02-17,94.36226377626947,95.03720190997007,92.75432092382434,93.88583374023438,31095100,GOOG
2023-02-21,92.54588983750335,92.7195901112085,91.3151229099148,91.36475372314453,28367200,GOOG
2023-02-22,91.24962049124635,91.67245173405243,90.19354575367564,91.11662292480469,29891100,GOOG
2023-02-23,91.44415064857093,91.44415064857093,89.3399374861947,90.39204406738281,32423700,GOOG
2023-02-24,88.96277464505387,89.45905255072825,88.19851000225925,88.68486022949219,31295600,GOOG
2023-02-27,89.41934020588116,89.77666086699669,88.94291770612651,89.42926788330078,22724300,GOOG
2023-02-28,88.87343269474542,90.76921002471055,88.85357734133927,89.62777709960938,30546900,GOOG
2023-03-01,89.48882680224405,90.52107808083787,89.18112938156017,89.83621978759766,26323900,GOOG
2023-03-02,89.19105203078807,91.79155058079907,89.10171808381965,91.62281036376953,23328600,GOOG
2023-03-03,92.04960600776123,93.40940993225209,91.97020731339703,93.32007598876953,30242500,GOOG
2023-03-06,93.65755015416657,95.58311050579802,93.59799923940635,94.86846923828125,28288200,GOOG
2023-03-07,94.70966591461972,95.37467643612347,93.14540165881215,93.4689712524414,24101500,GOOG
2023-03-08,93.70222516577593,95.52356407383762,93.70222516577593,93.94540405273438,25395200,GOOG
2023-03-09,93.78657824042934,95.20593307731446,91.66747744791009,91.97020721435547,24438900,GOOG
2023-03-10,91.81140252008929,92.48634070097877,90.12406085416511,90.3324966430664,32850100,GOOG
2023-03-13,89.89080386712311,92.3870806933407,89.2704565927629,90.97765350341797,31508600,GOOG
2023-03-14,92.37715438705688,94.12405445789844,92.08931233877172,93.54837036132812,32303900,GOOG
2023-03-15,92.84365836210459,96.52603899232889,92.34738052666846,95.83125305175781,38367300,GOOG
2023-03-16,95.85108884582037,101.21089031273831,95.1563029921412,100.31758880615234,54499500,GOOG
2023-03-17,100.08930749694275,102.7195814678215,99.99998112383827,101.69725036621094,76140300,GOOG
2023-03-20,100.30766985696194,101.81635865991568,100.03968316797067,101.17119598388672,26033900,GOOG
2023-03-21,101.2208280519322,105.17119528005082,101.10171864834624,105.05208587646484,33122800,GOOG
2023-03-22,104.35729453155491,106.70965401511418,103.43421752637072,103.44414520263672,32336900,GOOG
2023-03-23,105.10173051856704,106.30371410940663,104.62530798672589,105.46897888183594,31385800,GOOG
2023-03-24,104.95283688779055,105.36971603414612,103.960281194504,105.27045440673828,25236200,GOOG
2023-03-27,104.53596359479435,104.61536986637508,101.86598640053339,102.29278564453125,25393400,GOOG
2023-03-28,102.23323659598337,102.23323659598337,99.53348389367748,100.6054458618164,24913500,GOOG
2023-03-29,101.95532913818685,102.05458319991945,100.27790747628771,101.14143371582031,26148300,GOOG
2023-03-30,100.68484426351796,100.85357690107116,99.54340378886097,100.56573486328125,25009800,GOOG
2023-03-31,100.95283102717076,103.41437229246367,100.6848443421768,103.22578430175781,28108000,GOOG
2023-04-03,101.90569050119943,104.16871625448533,101.61784844344304,104.12902069091797,20719900,GOOG
2023-04-04,104.05953379828375,105.31015607471355,103.82132255554437,104.33745574951172,20377200,GOOG
2023-04-05,105.330012340845,105.74688391239768,103.32702963127244,104.16871643066406,21864200,GOOG
2023-04-06,104.98261313209342,108.81387874263977,104.03472819309118,108.08931732177734,34684200,GOOG
2023-04-10,106.59055076223996,107.16623485728229,104.81387523811881,106.15382385253906,19741500,GOOG
2023-04-11,106.12405713251643,106.42182688139324,104.49626633654826,105.33001708984375,18721300,GOOG
2023-04-12,106.59055826945023,106.7860903531236,104.18857524212011,104.43671417236328,22761600,GOOG
2023-04-13,105.67740085535641,107.45903642274081,105.64762539758821,107.38459777832031,21650700,GOOG
2023-04-14,106.88832141584483,108.76425100686151,106.78905979179629,108.6451416015625,20758700,GOOG
2023-04-17,104.64514150620903,105.91561151474151,104.53595977991965,105.62776947021484,29043400,GOOG
2023-04-18,106.20345770073483,106.25308851374669,103.99998288074862,104.33745574951172,17641400,GOOG
2023-04-19,103.43918967724909,104.93795091959637,103.0272857215084,104.23819732666016,16732000,GOOG
2023-04-20,103.8709464139381,106.09228484593666,103.86101873748065,105.11164093017578,22515300,GOOG
2023-04-21,105.30022715234816,105.84613579862736,104.69973521403983,105.12157440185547,22379000,GOOG
2023-04-24,105.26053834917847,106.5210807961747,104.57567247124707,105.98509979248047,21410900,GOOG
2023-04-25,105.81636446454722,106.6401875182786,103.78162223739844,103.83125305175781,31408100,GOOG
2023-04-26,104.77416929475918,106.22329959775887,102.50121600603411,103.67243194580078,37068200,GOOG
2023-04-27,104.44663867611075,108.3374551666708,103.64266341718557,107.56326293945312,38235200,GOOG
2023-04-28,106.99750374319369,107.48385389883946,105.2506036520227,107.41437530517578,23957900,GOOG
2023-05-01,106.91810791476617,107.87096053775701,106.69974443546836,106.9081802368164,20926300,GOOG
2023-05-02,106.85854915899976,106.92802775435598,103.72206954554999,105.19105529785156,20343100,GOOG
2023-05-03,105.42927114860292,107.3250486604808,104.83373922344859,105.33001708984375,17116300,GOOG
2023-05-04,105.36970542856344,105.50866260582943,103.92056759833538,104.42677307128906,19780600,GOOG
2023-05-05,104.53596711857824,105.64763224038482,103.95929097862731,105.42430114746094,20710600,GOOG
2023-05-08,105.0074360599973,107.61289496096833,105.00247600727415,107.43423461914062,17266000,GOOG
2023-05-09,107.97020246225496,109.77169339135227,106.92305594795248,107.13645935058594,24782400,GOOG
2023-05-10,107.74193168604621,112.6650073884697,107.67245308516401,111.44416046142578,47533500,GOOG
2023-05-11,114.99749587496332,117.5582912172827,114.07441883634114,116.02975463867188,57115100,GOOG
2023-05-12,116.12901065669601,117.37963289178805,115.68236364474816,117.04216003417969,31293800,GOOG
2023-05-15,115.62280731812581,117.91064842930201,115.61288721374498,116.08930969238281,22107900,GOOG
2023-05-16,115.96028074298842,120.29774417440517,115.96028074298842,119.19600677490234,32370100,GOOG
2023-05-17,119.28534291125621,121.36970834196474,118.57070160413352,120.57566833496094,26659600,GOOG
2023-05-18,120.65507082470204,122.97765514580475,120.58559222724935,122.60047912597656,27014500,GOOG
2023-05-19,123.2754215800381,125.53745547632316,121.80644330522328,122.3324966430664,30268900,GOOG
2023-05-22,122.59055143975256,126.10419937777996,122.53099295090551,124.9329833984375,29760200,GOOG
2023-05-23,123.99998311464368,124.48633328422034,122.13398113665644,122.3721923828125,24477900,GOOG
2023-05-24,120.97267013980124,121.8361962117961,119.85108507188905,120.73445892333984,23087900,GOOG
2023-05-25,124.27789966472285,125.04217180284299,121.98509839556073,123.42430114746094,33812700,GOOG
2023-05-26,123.14142518821842,125.06201804206125,122.37219300717007,124.49626159667969,25154700,GOOG
2023-05-30,125.34986137844608,125.43918775739435,121.97517045386135,123.71214294433594,27230700,GOOG
2023-05-31,122.77912909627658,123.9702004025712,122.18359722942854,122.45159149169922,41548800,GOOG
2023-06-01,122.58062666300646,124.10916332120034,122.38211855574964,123.44415283203125,25017700,GOOG
2023-06-02,123.56324813324942,125.80146592309599,123.42429095099801,124.29774475097656,19367500,GOOG
2023-06-05,123.68236535847436,127.03720087055406,123.45407421742149,125.68732452392578,22672500,GOOG
2023-06-06,125.65754116559211,127.92057436157211,125.03223384521516,126.95779418945312,19450100,GOOG
2023-06-07,126.62529349121426,128.58559710467284,121.71710573773842,122.0248031616211,34179300,GOOG
2023-06-08,121.67243909446749,122.80891960712718,121.10172259826479,121.75680541992188,24815000,GOOG
2023-06-09,121.64762484754077,123.35978949767356,121.50866765457333,121.955322265625,20304500,GOOG
2023-06-12,122.47640862603883,123.82132494637797,121.43918972547492,123.42430114746094,22255700,GOOG
2023-06-13,124.71461936512009,124.92305514362373,122.92305610781635,123.50370025634766,19287700,GOOG
2023-06-14,122.87840210747655,123.8610301574852,121.25061131999986,123.4540786743164,24659600,GOOG
2023-06-15,122.95778421209141,125.22081732653821,122.22329519313664,124.85356903076172,24517100,GOOG
2023-06-16,125.75679803575493,125.75679803575493,122.86846502718774,123.1364517211914,56699200,GOOG
2023-06-20,122.61537438985336,124.24316516331616,121.91562079048697,122.92802429199219,22698000,GOOG
2023-06-21,122.31759569183865,122.49129595900084,119.96027603160152,120.3572998046875,22612000,GOOG
2023-06-22,119.76177312218508,123.01238694700854,118.70965894201572,122.9478759765625,20781900,GOOG
2023-06-23,121.13149432955272,122.52107377580943,120.95283400685402,122.10419464111328,29573100,GOOG
2023-06-26,120.56177240233151,121.80643505222586,118.10419900984007,118.20345306396484,23185000,GOOG
2023-06-27,116.96275049639515,119.00245259613973,116.0396810405121,118.1240463256836,27221700,GOOG
2023-06-28,117.08185842536834,120.36721505940888,116.72453780124691,120.17863464355469,19753100,GOOG
2023-06-29,119.19601399864658,120.00991696706336,118.32256768225191,119.11661529541016,18517500,GOOG
2023-06-30,120.19848751597893,121.12156457196598,119.98012406169832,120.0694580078125,23871800,GOOG
2023-07-03,119.42430248331857,120.11908844987697,118.81388284322804,119.66251373291016,13888300,GOOG
2023-07-05,119.1662342196505,122.45159871674345,119.1662342196505,121.71710205078125,17830300,GOOG
2023-07-06,119.74192020356276,120.24812573580016,118.36226837298952,120.0297622680664,17732500,GOOG
2023-07-07,119.9900527288294,120.84365119937208,119.19600517445522,119.24563598632812,20997700,GOOG
2023-07-10,118.18360420240127,118.18360420240127,115.77169360347068,115.99998474121094,32960100,GOOG
2023-07-11,115.8907925666999,117.34488286816602,114.96771556702373,116.8337173461914,18286600,GOOG
2023-07-12,118.41189755588353,120.05953607340918,118.1141278180589,118.7295150756836,22059600,GOOG
2023-07-13,120.63520982137,124.40195654618383,120.1587797963374,123.90071868896484,31535900,GOOG
2023-07-14,124.19849524815983,126.14390356209333,123.97021167187232,124.76425170898438,20499800,GOOG
2023-07-17,125.12156875866684,126.33248792079765,123.5731842943548,124.12901306152344,20675300,GOOG
2023-07-18,123.97516644506437,124.05953276945621,122.38211881358517,123.15631103515625,21045800,GOOG
2023-07-19,123.86101328737035,124.53595139312297,121.55828461584935,121.86597442626953,22313800,GOOG
2023-07-20,121.21089792035092,123.77168572561716,117.80146413528023,118.64017486572266,27541700,GOOG
2023-07-21,119.97020398843856,120.39700322029749,118.18360079168052,119.41436767578125,56514600,GOOG
2023-07-24,121.01834954001981,122.43174486757401,120.47640891438763,120.97268676757812,22276100,GOOG
2023-07-25,120.97268620389816,122.76921717344406,120.62529322280334,121.87591552734375,31820800,GOOG
2023-07-26,129.3895490769987,130.39202478425463,127.75183838931585,128.69476318359375,46216900,GOOG
2023-07-27,130.8188540199741,132.60545744190986,128.21834759380127,128.90321350097656,35931600,GOOG
2023-07-28,129.99502933558094,133.07195825526466,129.94539851845076,132.01983642578125,26971000,GOOG
2023-07-31,132.01984846411025,132.8337515327045,131.14640961280955,132.11911010742188,18381900,GOOG
2023-08-01,129.88087380784845,131.93050378195832,129.7766596984593,130.90817260742188,22154300,GOOG
2023-08-02,128.87343693623708,129.4491210975552,126.89825308354848,127.682373046875,22705800,GOOG
2023-08-03,127.41437000119463,128.80395706437264,126.82380572235263,127.8114013671875,15018100,GOOG
2023-08-04,128.63520571448848,130.9478468249834,127.35976819415932,127.58308410644531,20521900,GOOG
2023-08-07,128.54584614172668,131.07686547502524,128.46643989122862,130.957763671875,17621000,GOOG
2023-08-08,130.00493728545047,130.95779739158098,129.16127405391586,130.85853576660156,16836000,GOOG
2023-08-09,131.20592849284157,131.48384285199134,128.5409191035539,129.1811065673828,17745200,GOOG
2023-08-10,130.98758482352966,131.65954701145412,129.0669918516789,129.24069213867188,17855700,GOOG
2023-08-11,128.2401621468015,129.46895249966602,127.79153114336826,129.20095825195312,15205500,GOOG
2023-08-14,128.8833465117169,130.92800855775388,128.62527237121387,130.84860229492188,17526200,GOOG
2023-08-15,130.61038213478358,131.00741344477407,128.8525701201837,129.3002166748047,14769200,GOOG
2023-08-16,128.3176126735393,129.92356420269516,127.50372479265518,128.1488800048828,17548400,GOOG
2023-08-17,129.4788800583026,131.50468648067013,128.8833557621138,129.4888153076172,23665600,GOOG
2023-08-18,128.09923591890941,128.86350804677585,126.05457360492731,127.15631103515625,23627200,GOOG
2023-08-21,126.89823004936373,128.2977294867013,126.21337184496372,127.97018432617188,21851100,GOOG
2023-08-22,128.1687347761386,129.97517844924482,127.96525902054704,128.7245635986328,15557900,GOOG
2023-08-23,129.87590619314082,133.07193643368203,129.5384257791161,132.2183380126953,26497000,GOOG
2023-08-24,133.72404033965532,133.9652275891274,129.3299948567771,129.4490966796875,18680400,GOOG
2023-08-25,129.1712086015383,130.4218234320486,127.0868354054885,129.7171173095703,20678100,GOOG
2023-08-28,131.09673324547086,132.24810126899527,129.87589421192425,130.8088836669922,16715500,GOOG
2023-08-29,132.0079160036478,136.2729246777636,131.99004467103134,134.4813690185547,30803300,GOOG
2023-08-30,134.56078332062708,136.22826962447755,134.0158590952634,135.91064453125,21773400,GOOG
2023-08-31,136.02976017156342,137.36970126425066,135.80147660380746,136.32752990722656,28147900,GOOG
2023-09-01,137.3994716248239,137.54836405972944,134.92801774448316,135.7816162109375,16671600,GOOG
2023-09-05,135.42431221893645,136.34738181900047,134.5508582914098,135.6923065185547,17730200,GOOG
2023-09-06,135.99501726186614,136.4565520228765,133.68732831161628,134.3622589111328,15814300,GOOG
2023-09-07,133.59803108675234,135.5632875411686,132.9627959123349,135.1861114501953,16976000,GOOG
2023-09-08,134.85853378746808,136.49129210225908,134.85853378746808,136.1786346435547,17810700,GOOG
2023-09-11,136.35729424355466,137.2347160663886,135.533471271672,136.71461486816406,17180800,GOOG
2023-09-12,136.10915916285992,136.6153570847694,134.91808028392478,135.0570526123047,15212900,GOOG
2023-09-13,134.8882996392758,136.67490274377676,133.92551949810576,136.4763946533203,16394900,GOOG
2023-09-14,137.35978278724207,138.51115103467677,136.03968188814508,137.955322265625,19064600,GOOG
2023-09-15,137.7667245927751,138.32255332282665,136.15877417204362,137.27044677734375,48958800,GOOG
2023-09-18,136.60546652857863,138.88833286819735,136.60546652857863,137.92556762695312,16233600,GOOG
2023-09-19,137.2208398642701,138.13895701175088,136.4764230114802,137.79652404785156,15479100,GOOG
2023-09-20,137.79649979089223,137.80641989491127,133.51858745315243,133.5880584716797,21473500,GOOG
2023-09-21,131.40442632363155,132.19847377856047,130.11410110252152,130.38209533691406,22058400,GOOG
2023-09-22,130.69971032703205,132.0198110539608,129.53842212631943,130.27291870117188,17348700,GOOG
2023-09-25,129.79650905432595,131.2357117450985,129.06201240711627,131.1860809326172,14650000,GOOG
2023-09-26,129.93941867379797,130.42676078309532,127.23569832598999,128.48631286621094,20378800,GOOG
2023-09-27,128.47643246570388,130.73945860650468,128.41688153755655,130.4813995361328,18764200,GOOG
2023-09-28,129.7170931981803,133.1811025335243,129.7170931981803,132.13893127441406,18201400,GOOG
2023-09-29,133.08186410943372,133.88583176717268,130.3424159524719,130.86846923828125,23237300,GOOG
2023-10-02,131.17117254227344,134.35231477724608,131.08184618099568,134.16372680664062,19210400,GOOG
2023-10-03,133.92553371961245,134.23323870947098,131.82628810095258,132.30767822265625,19628700,GOOG
2023-10-04,132.6649835090794,135.55332390461797,132.43668481932875,135.25555419921875,22848000,GOOG
2023-10-05,135.1166030567224,135.4838437941703,133.45406934376186,134.97764587402344,15922900,GOOG
2023-10-06,133.9354560210798,138.14984930897245,133.9354560210798,137.69723510742188,20826700,GOOG
2023-10-09,136.96276370973717,138.92801971511255,135.682358401467,138.46151733398438,16599100,GOOG
2023-10-10,138.47143189061256,139.69228623241167,137.3994699819387,138.1637420654297,19554900,GOOG
2023-10-11,138.80890755877036,141.16125949855441,138.7989723097844,140.64512634277344,20146300,GOOG
2023-10-12,141.1017100284966,141.32007347566807,138.41187764480986,139.24562072753906,18173100,GOOG
2023-10-13,139.60293729270438,140.28780307115827,136.94289558849107,137.54835510253906,19438700,GOOG
2023-10-16,138.68981599910776,139.85607207890067,138.28287963643058,139.4441680908203,17345600,GOOG
2023-10-17,138.98758473311236,140.19850399694974,137.49776662439461,139.94044494628906,17424000,GOOG
2023-10-18,139.70220681115188,140.9329812612618,137.67243233778476,138.24314880371094,18304900,GOOG
2023-10-19,138.75929174854747,139.9553232004992,137.5682279216257,137.9453887939453,21831200,GOOG
2023-10-20,137.55829543539733,138.00494248631728,135.23075102932495,135.72207641601562,24970300,GOOG
2023-10-23,135.2158922503087,137.9851318202938,134.10423443752143,136.8734588623047,20780700,GOOG
2023-10-24,138.12404412138613,139.66250836596257,137.71709268113878,139.07688903808594,26535200,GOOG
2023-10-25,128.8039487852495,129.13149396169078,125.15133617888394,125.72702026367188,58796100,GOOG
2023-10-26,123.54341119304424,124.52603923164324,121.40941488893598,122.52108001708984,33907400,GOOG
2023-10-27,123.10668402176539,123.51363549943879,120.55581613915142,122.48137664794922,37367700,GOOG
2023-10-30,123.53346803956146,125.60791316405438,122.95778397892724,124.8138656616211,24165600,GOOG
2023-10-31,125.32999826395783,125.6178403104127,123.00246163181177,124.36722564697266,21123400,GOOG
2023-11-01,124.40692076345645,126.78905582318066,123.99501683515162,126.62032318115234,26536600,GOOG
2023-11-02,128.5954953084212,129.12154854106126,127.15629278242102,127.62279510498047,24091700,GOOG
2023-11-03,128.12898996973402,129.7567804361356,128.04958370976377,129.3994598388672,19529400,GOOG
2023-11-06,129.25059635315685,130.5806172728301,128.96274673691292,130.471435546875,15360400,GOOG
2023-11-07,130.99748089182108,132.28780617174849,130.1637378414789,131.4143524169922,19223800,GOOG
2023-11-08,131.37465041795843,132.54585867242855,131.17614234120703,132.2679443359375,15093600,GOOG
2023-11-09,132.36723732942193,132.96277684606608,130.53100310743494,130.7096710205078,17976500,GOOG
2023-11-10,130.55081712433642,133.27042450955327,129.89572689250258,133.06198120117188,20872900,GOOG
2023-11-13,132.36719676676768,133.11161336185407,131.7815926801464,132.64511108398438,16409900,GOOG
2023-11-14,134.64017743498135,136.21835254101194,134.09428390483572,134.42181396484375,22317300,GOOG
2023-11-15,135.6228051137204,135.82131321717435,134.32255961911986,135.36474609375,15840900,GOOG
2023-11-16,135.9404280771059,137.84613310192364,135.06697426128216,137.66746520996094,17615100,GOOG
2023-11-17,136.7940318526801,136.97268460638475,134.47144003813452,135.9205780029297,25565300,GOOG
2023-11-20,134.49128206688442,137.39451018851142,134.48136196328304,136.8932647705078,19569400,GOOG
2023-11-21,136.91311271977708,137.93047608357764,136.6798615635873,137.58804321289062,17648100,GOOG
2023-11-22,138.06452681366162,140.04963854271384,137.96526516912877,138.97767639160156,17306400,GOOG
2023-11-24,138.50122099631608,138.63720973487497,136.44663849446076,137.19105529785156,8828600,GOOG
2023-11-27,136.5459010915163,138.59056350271752,136.51611048558735,137.02232360839844,17886400,GOOG
2023-11-28,136.60542292761087,137.62775391554172,136.0198036524735,137.58804321289062,17046900,GOOG
2023-11-29,137.9503454992033,138.63024368576404,135.28036841853944,135.38458251953125,21014700,GOOG
2023-11-30,135.3845836813652,135.94042756355145,131.80145720342102,132.9230499267578,29913500,GOOG
2023-12-01,132.32752990722656,132.5061826590945,131.16821046019072,132.32752990722656,24268000,GOOG
2023-12-04,130.31660539036469,130.4714347394466,128.43669266571038,129.6575469970703,24117100,GOOG
2023-12-05,129.39946766783498,132.54586707669296,128.76423269483521,131.40443420410156,19235100,GOOG
2023-12-06,131.9106264729234,132.31757788307297,130.33246678403606,130.45156860351562,16360600,GOOG
2023-12-07,135.5831079159261,138.9577910695359,135.21585202650814,137.41932678222656,38419400,GOOG
2023-12-08,134.65010244287728,136.96275891327684,134.56077606966974,135.622802734375,23016100,GOOG
2023-12-11,132.82379648588753,133.78656147578397,131.90071191055682,133.69723510742188,24502900,GOOG
2023-12-12,132.27787041020397,133.53840494001028,131.8411435845222,132.64511108398438,26584000,GOOG
2023-12-13,133.54340325928706,133.77665445183567,131.96027572489928,132.97268676757812,25414500,GOOG
2023-12-14,133.7667395608009,134.02976622263293,130.08435114995402,132.2084197998047,29619100,GOOG
2023-12-15,131.93047866343363,133.8262633524367,131.64264422485613,132.8436279296875,58594000,GOOG
2023-12-18,132.86350419232954,137.3498601154224,132.77417781580104,136.16871643066406,25699800,GOOG
2023-12-19,136.97268356455018,137.73695567726864,136.42677491260847,137.0719451904297,20661000,GOOG
2023-12-20,139.28534130307386,142.0128854200126,138.37219188892348,138.62033081054688,33507300,GOOG
2023-12-21,139.7220688742158,140.97268359270743,139.4272827418426,140.74440002441406,18101500,GOOG
2023-12-22,141.0719579800002,142.18361560809888,140.9975041802763,141.65756225585938,18513500,GOOG
2023-12-26,141.91560281381527,142.873430527883,141.43918034174044,141.75680541992188,11170100,GOOG
2023-12-27,141.76672141193512,142.25307911934365,140.00095805288885,140.38706970214844,17288400,GOOG
2023-12-28,140.79402019643558,141.2108917377579,139.77962520661956,140.22825622558594,12192500,GOOG
2023-12-29,139.6327052327477,140.38208950726928,138.858513127958,139.88084411621094,14881000,GOOG
2024-01-02,138.56078309738433,139.56822653666876,136.71462887199826,138.5210723876953,20071900,GOOG
2024-01-03,137.568231858587,140.0396859625088,137.39948405472208,139.31512451171875,18974300,GOOG
2024-01-04,138.80891332135792,139.58805799407324,136.98259942012896,137.0123748779297,18253300,GOOG
2024-01-05,137.32206211139567,137.7766452011386,135.83124463883706,136.36721801757812,15439500,GOOG
2024-01-08,136.9727063878006,139.59305320854182,136.8536045330579,139.48387145996094,17645300,GOOG
2024-01-09,139.0173593432256,141.73696761743142,138.7493650434741,141.49874877929688,19579700,GOOG
2024-01-10,141.45902228560504,143.44908587951934,141.39947137539056,142.7294921875,16641900,GOOG
2024-01-11,143.81636594660668,145.56822619459635,141.15630872935984,142.60047912597656,17471100,GOOG
2024-01-12,143.26547572373775,143.66250706209212,142.29277544886418,143.16622924804688,13998700,GOOG
2024-01-16,142.36226072030348,144.75432365833663,141.99105190560448,143.00743103027344,19198900,GOOG
2024-01-17,141.84614930144886,142.34242718846377,139.4640063566578,141.8262939453125,17884500,GOOG
2024-01-18,142.3722104853743,144.5012469784933,142.28288409564342,143.91067504882812,18876800,GOOG
2024-01-19,145.21585550411905,146.93794026229747,144.71462517060763,146.86846923828125,27181000,GOOG
2024-01-22,147.60295295917035,148.8982307739715,146.4813602617648,146.6103973388672,21829200,GOOG
2024-01-23,146.62033611680573,147.75184906225635,146.09428278266108,147.57318115234375,14113600,GOOG
2024-01-24,149.17117734908445,150.4416624752705,148.7245303494736,149.23074340820312,19245000,GOOG
2024-01-25,150.61041176967234,153.60791916668836,150.0942785499404,152.4962615966797,21495100,GOOG
2024-01-26,151.73199213213928,152.96276671016125,151.66252110538252,152.6451416015625,19494500,GOOG
2024-01-29,152.49626825555958,154.04465283716846,151.7816268878633,153.6873321533203,20909300,GOOG
2024-01-30,152.8635048238572,153.8858360295156,151.63769787306504,151.91065979003906,26578900,GOOG
2024-01-31,144.3076713205496,144.50617942972633,140.49626110164365,140.74440002441406,43908600,GOOG
2024-02-01,142.62031375340834,143.5433831733729,141.20095139810843,141.64761352539062,25526900,GOOG
2024-02-02,139.8411840318202,142.8089312831303,137.14143108328648,142.47145080566406,42136100,GOOG
2024-02-05,142.96771551558987,145.5781418375602,142.8386935740903,143.85108947753906,29254400,GOOG
2024-02-06,144.87342326208224,145.64761542499784,143.44414076279296,144.3275146484375,21517700,GOOG
2024-02-07,145.03224491999396,145.90569884799675,144.12903067557204,145.58807373046875,21436100,GOOG
2024-02-08,145.87589979280332,146.5111347799189,145.3299911760954,146.12403869628906,18241300,GOOG
2024-02-09,146.84862448748711,149.57320039982767,146.33249124170396,149.1017303466797,21877700,GOOG
2024-02-12,148.4267704156937,149.46895691359484,147.45407008541162,147.622802734375,17236100,GOOG
2024-02-13,144.98261041273219,146.9379311008512,144.02975032913352,145.28036499023438,18138500,GOOG
2024-02-14,146.2729155078222,146.7294977526477,144.4714246511034,146.0446319580078,16651800,GOOG
2024-02-15,143.3845871267003,143.68234168740076,140.82379188830166,142.8684539794922,26724300,GOOG
2024-02-16,143.13645481893047,143.4044339358979,140.46647773695776,140.70468139648438,21865100,GOOG
2024-02-20,139.8907885953345,142.26199628899775,139.75183141723363,141.1414031982422,18625600,GOOG
2024-02-21,141.57811672011056,142.90813746283476,140.85355544164068,142.76918029785156,16440800,GOOG
2024-02-22,145.03222207561723,145.11162834249177,142.93792911554172,144.23818969726562,23024700,GOOG
2024-02-23,143.89079460672014,144.86846253331288,143.71212671320606,144.20840454101562,14519400,GOOG
2024-02-26,142.38212654254826,142.76922269890773,137.70719720383786,137.7171173095703,33513000,GOOG
2024-02-27,138.37220197426464,139.4441640112321,137.46897259887552,139.05706787109375,22364000,GOOG
2024-02-28,138.06448727476686,138.24314000952273,135.6227938833963,136.4069061279297,30628700,GOOG
2024-02-29,137.32007836867083,138.90815829996205,136.545886183812,138.7394256591797,35485000,GOOG
2024-03-01,138.57067166652237,138.9577676993055,136.94784890316132,137.05206298828125,28551500,GOOG
2024-03-04,135.52355024178948,135.612891766213,131.87095249161578,133.2009735107422,43571500,GOOG
2024-03-05,131.7518369654915,133.02230693315045,130.57069336777806,132.78408813476562,28447600,GOOG
2024-03-06,133.24066715146623,133.73694494385,130.96770638103862,131.5731658935547,23175200,GOOG
2024-03-07,132.89327441489877,134.8089146810949,131.6724352148529,134.2332305908203,24107300,GOOG
2024-03-08,134.02977393234667,137.95036625025477,133.7965227172899,135.27542114257812,26495200,GOOG
2024-03-11,136.04959613901485,138.9379212713284,136.04959613901485,137.90567016601562,22536400,GOOG
2024-03-12,137.22083092535453,139.235717864035,137.18113535967947,138.58062744140625,19019700,GOOG
2024-03-13,139.01735517342172,141.13150375600466,138.96772435714914,139.72207641601562,19637000,GOOG
2024-03-14,141.24068068462822,143.65258379232648,140.4317453570444,143.26548767089844,36117900,GOOG
2024-03-15,142.3424077447282,143.26547721879055,140.07938210068167,141.11163330078125,41039500,GOOG
2024-03-18,148.2580382631111,151.79153408899293,147.03719900758404,147.37466430664062,47676700,GOOG
2024-03-19,147.8709389809071,148.5061740017726,145.91560310593732,146.81883239746094,17748400,GOOG
2024-03-20,147.68234569855485,148.64512587240978,146.56572061348362,148.5657196044922,17730000,GOOG
2024-03-21,149.20097598630602,150.17862878450183,146.90815966045912,147.6327362060547,19843900,GOOG
2024-03-22,149.12155838414085,151.4242794942746,148.97266595743443,150.64016723632812,19252900,GOOG
2024-03-25,149.82628741129568,150.32851734935844,147.6922986071909,150.02479553222656,15114700,GOOG
2024-03-26,150.11414204971865,152.05954290278282,149.90569867143353,150.57070922851562,19312700,GOOG
2024-03-27,151.01240519812123,151.55334628727866,149.01240588326607,150.80892944335938,16622000,GOOG
2024-03-28,150.86845161567692,151.5334620520856,150.20344117926825,151.1265106201172,21105600,GOOG
2024-04-01,150.69972781832226,155.83123876797126,150.52105992384992,155.3349609375,24469800,GOOG
2024-04-02,153.59799819796115,154.8287727472631,152.31760797864735,154.70965576171875,17598100,GOOG
2024-04-03,153.76674497390738,155.38461579810092,152.98461656546917,155.20594787597656,17266200,GOOG
2024-04-04,153.92555402409346,155.01735630805538,150.74937851907774,150.80892944335938,24184800,GOOG
2024-04-05,150.5508511437314,153.68733099552557,149.95631120987514,152.79403686523438,16297300,GOOG
2024-04-08,152.8684650185755,155.48881145200644,152.84365718423768,154.97764587402344,16641500,GOOG
2024-04-09,156.17864097924695,158.69972572114182,155.473919788547,156.96275329589844,21521500,GOOG
2024-04-10,156.70470686068956,156.98262125943583,155.03720532301298,156.48634338378906,16339200,GOOG
2024-04-11,157.16125924518346,159.92056276267266,156.754307790576,159.593017578125,17841700,GOOG
2024-04-12,158.2183549670864,160.49626869453323,157.4193548234397,158.0049591064453,16989800,GOOG
2024-04-15,159.086836748206,159.6327454478092,154.9875765936935,155.16624450683594,21140900,GOOG
2024-04-16,154.48134821245765,156.0595079329244,153.89574406137064,154.8386688232422,15413200,GOOG
2024-04-17,156.0198480768115,157.49974610385445,154.97269383598854,155.712158203125,16237800,GOOG
2024-04-18,155.75679039899535,157.3051747101729,155.04711678057174,156.28781127929688,14016100,GOOG
2024-04-19,156.57566262849005,156.81388145021202,152.76425235212744,154.56077575683594,21479900,GOOG
2024-04-22,154.8486245103487,157.99999219634216,154.50123906835546,156.77418518066406,17243900,GOOG
2024-04-23,157.40940653356301,159.28533622107935,156.78905921434202,158.72950744628906,16115400,GOOG
2024-04-24,157.90566463757577,160.18854551579835,157.63768553373473,159.9007110595703,19485700,GOOG
2024-04-25,152.21835770514448,157.10173041125168,151.63076939834707,156.77418518066406,36197800,GOOG
2024-04-26,174.67988432899114,175.1066760133104,170.12404212346385,172.39700317382812,56500800,GOOG
2024-04-29,169.49874594669913,170.1042055467138,165.8163575311609,166.6501007080078,35914600,GOOG
2024-04-30,166.13397570999825,168.60542967730703,163.27541048543134,163.41436767578125,29420800,GOOG
2024-05-01,164.94287721914893,167.55330321259478,163.67240730219487,164.33743286132812,25223200,GOOG
2024-05-02,165.42926460676523,167.27541890279332,164.4565642149393,167.20594787597656,17041100,GOOG
2024-05-03,168.2778575355143,168.58556247112605,163.75180675154218,167.73196411132812,22767100,GOOG
2024-05-06,167.9602752858077,168.63520588616618,166.64017439901465,168.56573486328125,15147900,GOOG
2024-05-07,168.85358117811535,172.17864903482143,168.73447933328495,171.69229125976562,21102400,GOOG
2024-05-08,169.4788670545492,170.62923559125636,169.2525675301472,169.8858184814453,14569900,GOOG
2024-05-09,169.87589704336452,171.15630234033898,168.6649779130589,170.30270385742188,11937700,GOOG
2024-05-10,168.426783999603,170.06449489361867,166.6600360144133,169.02230834960938,18740500,GOOG
2024-05-13,164.612369296728,169.67737739124613,164.52601138579016,169.62774658203125,19648600,GOOG
2024-05-14,170.31260493481872,171.49374847465305,169.1513167468427,170.6500701904297,18729500,GOOG
2024-05-15,171.01736187559194,172.75036642763283,170.7493675775446,172.58560180664062,20958200,GOOG
2024-05-16,173.30021560876068,175.02725267768008,172.7543069940806,174.1240234375,17247300,GOOG
2024-05-17,174.24314719004573,176.17366005161608,173.67738320048903,175.97018432617188,16546400,GOOG
2024-05-20,175.99003691992064,178.6103831860654,175.90567817239918,177.13148498535156,17495100,GOOG
2024-05-21,177.07190220764906,178.48134440166186,175.99002030432536,178.2034149169922,14706000,GOOG
2024-05-22,177.07195830013174,177.52060457185732,175.464022663074,176.67494201660156,16189400,GOOG
2024-05-23,177.44908281823876,178.5706754539046,173.2406417675423,173.75677490234375,14928400,GOOG
2024-05-24,175.20592197507497,175.98408218726303,173.89574128928356,175.017333984375,11403600,GOOG
2024-05-28,174.43173748593026,177.18110576503003,174.37217142424652,176.69476318359375,15655300,GOOG
2024-05-29,175.49377198889633,176.90319927426776,174.9478633214501,176.07937622070312,15023800,GOOG
2024-05-30,175.37466368707715,175.37466368707715,171.9404144063307,172.26795959472656,18826300,GOOG
2024-05-31,172.10914938166232,173.12156041902205,169.69724634156157,172.6649932861328,28085200,GOOG
2024-06-03,172.58559334783465,174.55084943172886,171.16623079349,173.12156677246094,20742800,GOOG
2024-06-04,173.15131775839197,173.8858143392536,171.9304786366592,173.82626342773438,14066600,GOOG
2024-06-05,175.22079494999645,176.64510971903434,173.98505301058395,175.75181579589844,15233900,GOOG
2024-06-06,176.1091589930076,177.37964428327348,175.89081066216062,177.02232360839844,14255800,GOOG
2024-06-07,177.13149166279294,178.0843366253854,174.4813546941635,174.64016723632812,14716300,GOOG
2024-06-10,175.33573146009923,177.3429795915251,173.27881120401568,175.5146026611328,17099800,GOOG
2024-06-11,176.59772506993409,177.26349229716828,174.33212415377145,177.06475830078125,14402400,GOOG
2024-06-12,178.61491956248847,180.9302079610102,176.65735845220254,178.42611694335938,18600400,GOOG
2024-06-13,176.71697653331069,177.38274381365807,175.54443524738238,175.62393188476562,15956900,GOOG
2024-06-14,174.74151730896983,177.6013338101472,174.74151730896983,177.2436065673828,12361600,GOOG
2024-06-17,175.86241028080397,178.78384732487038,175.37551421508192,177.6510467529297,15272900,GOOG
2024-06-18,177.66095871395126,177.78021124067124,174.51097865374183,175.3357391357422,15640300,GOOG
2024-06-20,175.59411389753828,177.61129358924018,175.34569260385643,176.58779907226562,16753200,GOOG
2024-06-21,177.36289206322127,181.35948227276089,176.9355995060005,179.1217041015625,58903200,GOOG
2024-06-24,180.13525716813544,180.93020838412224,179.09188464480485,179.64834594726562,18198300,GOOG
2024-06-25,180.00110499509233,184.57702097347587,179.96134909719103,184.40809631347656,18797000,GOOG
2024-06-26,183.03680727220527,184.75587838952063,182.82814187519799,184.1994171142578,13375700,GOOG
2024-06-27,184.47269927458336,186.31598113580557,184.2789233762341,185.68002319335938,13025700,GOOG
2024-06-28,184.54721295668855,185.40178281851416,182.1673327036361,182.26173400878906,23032400,GOOG
2024-07-01,183.31501987587765,184.16958965379928,181.57607098053737,183.32496643066406,11815900,GOOG
2024-07-02,182.31139393870345,185.76941360277476,181.90397943681322,185.4315643310547,12555500,GOOG
2024-07-03,185.12353666317827,186.43519310717625,184.21430630816909,186.20664978027344,7409100,GOOG
2024-07-05,186.1371192636921,191.045911423733,186.1371192636921,190.74781799316406,14303400,GOOG
2024-07-08,190.15656645794553,190.46857898939038,188.12448212143232,189.2771453857422,12097600,GOOG
2024-07-09,190.53913668217973,191.64212785825836,189.0287309360106,189.23741149902344,10198500,GOOG
2024-07-10,189.54544756500113,192.08927919283317,189.41626363997713,191.44338989257812,12052900,GOOG
2024-07-11,190.13171464646283,191.19496504434994,185.64026864562257,186.1172332763672,16452000,GOOG
2024-07-12,185.73964022718891,187.49846731892862,184.9645669655612,185.60052490234375,14449100,GOOG
2024-07-15,185.31234052831107,188.70079520995807,185.31234052831107,187.00160217285156,12186000,GOOG
2024-07-16,187.76675536324498,189.13803057985837,183.9509928079568,184.32859802246094,12760100,GOOG
2024-07-17,183.513770648575,184.06030052673833,180.47309644225305,181.46678161621094,17376600,GOOG
2024-07-18,182.3809532461557,182.88774234184083,177.08462510298332,178.08824157714844,17877200,GOOG
2024-07-19,179.23097879511494,180.82088103924897,177.73051973450666,178.25717163085938,14485900,GOOG
2024-07-22,181.19849926480467,183.13618234002132,180.7513288023117,182.1921844482422,16303900,GOOG
2024-07-23,182.67908754225073,184.05037800035478,182.17231353759334,182.44061279296875,23772600,GOOG
2024-07-24,174.28242287465946,176.82625421406058,172.4739239415415,173.26885986328125,31250700,GOOG
2024-07-25,173.14965104856816,174.09364898306077,167.98249089337875,168.091796875,28967900,GOOG
2024-07-26,167.7042350506867,168.76747020089442,164.81758110880102,167.6147918701172,25150100,GOOG
2024-07-29,169.42333562130455,171.0728567801207,168.64826233702877,170.0493621826172,13768900,GOOG
2024-07-30,170.74492515486463,171.8578476970294,169.04571683697938,170.7747344970703,13681400,GOOG
2024-07-31,173.8154065705776,174.7991603386014,170.63561708735276,172.05657958984375,15650200,GOOG
2024-08-01,170.89395922173026,174.57059105858158,169.43324091199892,171.36099243164062,17177800,GOOG
2024-08-02,167.1279129721506,169.1351612826965,165.33927661435882,167.33657836914062,18907800,GOOG
2024-08-05,156.3762251898457,164.89211409365296,155.61109855114947,159.62557983398438,34907800,GOOG
2024-08-06,159.92867105318848,161.32479753974454,157.13144480212082,159.52621459960938,36146500,GOOG
2024-08-07,162.2091598776104,163.74935964027543,159.228104601591,159.73487854003906,19334200,GOOG
2024-08-08,161.3188340715366,164.4549105753357,161.00682150919047,162.80538940429688,15733600,GOOG
2024-08-09,160.62425005314302,164.47478024278507,159.9137536043793,164.34559631347656,13549200,GOOG
2024-08-12,164.94675710820903,165.6473069392791,162.51720486741277,162.9146728515625,12435000,GOOG
2024-08-13,164.14186584696583,165.48830487121216,163.7294932144231,164.8821563720703,12717600,GOOG
2024-08-14,163.173046955314,163.91831082604588,158.52259251748225,161.00680541992188,22515900,GOOG
2024-08-15,161.18567341659553,162.48739852550634,160.4702189019766,162.1396026611328,18392500,GOOG
2024-08-16,162.378073610634,165.89571192845327,162.05015573281887,163.69967651367188,16853100,GOOG
2024-08-19,165.94542518109844,167.40614360975903,165.04116802765475,167.33657836914062,13100800,GOOG
2024-08-20,167.6744544383923,169.33390698536027,167.5949577989501,167.89306640625,12622500,GOOG
2024-08-21,165.93549898011292,167.57507351464088,165.51815301064096,166.5714569091797,15269600,GOOG
2024-08-22,167.97254729972832,168.35015254515864,163.98787492204426,164.44497680664062,19123800,GOOG
2024-08-23,165.4982633089983,166.88941644178666,164.61388413977602,166.37269592285156,14281600,GOOG
2024-08-26,167.09312257374404,168.31039292844207,165.26971884295412,166.86953735351562,11990300,GOOG
2024-08-27,166.55158960509237,167.18257429645269,165.11074898834605,165.32936096191406,13718200,GOOG
2024-08-28,165.72681315627662,166.33296172275269,162.24891502525102,163.46121215820312,15208700,GOOG
2024-08-29,165.01135496381278,166.57144794033493,160.9591039770169,162.36814880371094,17133800,GOOG
2024-08-30,163.18297313639766,164.23627694740046,162.37809060770428,164.06735229492188,18498800,GOOG
2024-09-03,162.28370448613268,162.3482964515636,156.8581765015654,157.60841369628906,26533100,GOOG
2024-09-04,157.0767719946935,159.38708686154732,156.44578740324155,156.81344604492188,17410700,GOOG
2024-09-05,156.78362071540474,159.9981923507926,156.5252680695483,157.59844970703125,14139500,GOOG
2024-09-06,157.68789894285695,158.21455085957402,150.97555089993128,151.16932678222656,24999100,GOOG
2024-09-09,152.86080871210243,153.86574636882833,147.45798779294216,148.79127502441406,28057700,GOOG
2024-09-10,150.69173445252943,151.5374848428565,148.79428450940117,149.25894165039062,20401800,GOOG
2024-09-11,150.3335237150403,151.71656369963523,147.95549049886938,151.38821411132812,18991500,GOOG
2024-09-12,154.03488970812617,154.8308872779668,152.73145108892763,154.76123046875,20980800,GOOG
2024-09-13,155.57913012080755,158.47753979735216,155.32839292130552,157.5770721435547,16733900,GOOG
2024-09-16,157.53725539446734,158.4427027365358,156.82085916584057,158.19395446777344,14157600,GOOG
2024-09-17,159.28845740813813,160.78094720498908,158.61186932111355,159.47750854492188,12064800,GOOG
2024-09-18,160.04467578720656,160.820769334052,158.86063135019063,160.00486755371094,16756500,GOOG
2024-09-19,163.9947900867692,164.16393711256978,161.70829153371122,162.42269897460938,17548200,GOOG
2024-09-20,163.69629475454033,163.92513895238736,162.36299225266765,163.81568908691406,46362700,GOOG
2024-09-23,164.51216355519293,165.77580910505682,162.13413053719808,162.2535400390625,15648400,GOOG
2024-09-24,163.4276404563426,163.72614146625725,161.21875423832304,162.82069396972656,18774100,GOOG
2024-09-25,162.15404607986716,163.39479667219365,161.96001511465622,162.1739501953125,13607900,GOOG
2024-09-26,164.2037392619377,164.67138731664284,162.68140076296737,163.00975036621094,18234500,GOOG
2024-09-27,163.08935245653072,166.13402946952368,163.00975117210305,164.46243286132812,13604300,GOOG
2024-09-30,163.954968165613,166.5220522851144,163.81566973350317,166.3529052734375,14070100,GOOG
2024-10-01,168.01456644165077,169.58665765130456,165.069379642544,167.57676696777344,18629500,GOOG
2024-10-02,166.92004918909535,168.0344518665626,165.41761496395566,166.47230529785156,12745000,GOOG
2024-10-03,164.98977806625155,167.0693101897403,164.54201898480358,166.37281799316406,11004300,GOOG
2024-10-04,168.49214266571013,168.70109791526065,166.1240692043542,167.71604919433594,11422100,GOOG
2024-10-07,168.2931425612473,169.0493318975737,163.30823229275637,163.56692504882812,14034700,GOOG
2024-10-08,164.60170892751768,165.2683676961341,163.48732146187328,164.870361328125,11723900,GOOG
2024-10-09,164.02960230873123,165.42756656207547,160.31330204112282,162.24359130859375,19666400,GOOG
2024-10-10,161.2983564497907,163.48834060234623,160.83070840745293,162.3629913330078,12900500,GOOG
2024-10-11,162.51225984807772,164.44254930702127,161.68641357531357,163.69630432128906,10946000,GOOG
2024-10-14,164.08434289007533,166.78076613469128,163.95498890732665,165.5171356201172,9981800,GOOG
2024-10-15,166.30315012888386,168.24338368409872,165.21861126755738,166.06434631347656,14829300,GOOG
2024-10-16,165.19871479504792,166.44245625750682,164.38879497014153,165.90516662597656,9968500,GOOG
2024-10-17,166.54195034244108,167.0891844028635,163.54701138740907,163.68630981445312,15113400,GOOG
2024-10-18,164.0445261393487,165.53701595857945,163.92513181217555,164.2236328125,13091300,GOOG
2024-10-21,163.75598620564867,165.38777448150628,163.48235396031905,164.96987915039062,11384000,GOOG
2024-10-22,163.87537583552393,166.63151123094954,163.84552725432798,165.98477172851562,11958600,GOOG
2024-10-23,165.59671260428982,166.76086802015365,162.81371951175345,163.65647888183594,12754300,GOOG
2024-10-24,163.76593495863472,164.2236385327271,161.9550551430686,163.70623779296875,12764400,GOOG
2024-10-25,164.53706660964366,166.56186636379,164.40273280223775,166.1539306640625,14566400,GOOG
2024-10-28,169.7358967018464,169.7518230313522,164.95992601392894,167.49716186523438,20858300,GOOG
2024-10-29,168.53690899703057,170.99952311258303,167.8155480737852,170.2831268310547,28916100,GOOG
2024-10-30,181.49671405969505,182.86979435775086,174.86507585018174,175.2581024169922,49698300,GOOG
2024-10-31,173.8452288408367,177.52670097730407,171.69603969069405,171.8253936767578,32801900,GOOG
2024-11-01,170.68114034943142,172.94973899268834,169.4573028676897,171.78558349609375,21752900,GOOG
2024-11-04,170.38263311364355,171.05922117064537,168.636415270449,169.82542419433594,16194000,GOOG
2024-11-05,169.97467524410524,171.23532981731773,169.51697173206637,170.55177307128906,12518300,GOOG
2024-11-06,174.4720583941824,177.7455792425123,174.16359775834172,177.4371337890625,27061500,GOOG
2024-11-07,178.21322879299478,181.66585633668203,177.99432907915246,181.3673553466797,16730400,GOOG
2024-11-08,181.08875743861722,181.4370111220325,178.67093131640752,178.95947265625,15021500,GOOG
2024-11-11,179.1684180742373,181.17332860002983,179.08881680289787,181.05889892578125,12503400,GOOG
2024-11-12,180.47187140805784,183.10361748976914,180.08382466749606,182.40216064453125,14065800,GOOG
2024-11-13,181.23799605882732,181.70067941183493,179.2181611804868,179.58631896972656,13969700,GOOG
2024-11-14,178.85002901621897,179.541556582856,175.14865307038795,176.46205139160156,17925800,GOOG
2024-11-15,174.76060146772068,174.99940529649922,171.88009196154317,173.0193634033203,21708900,GOOG
2024-11-18,174.0790162150327,176.02422950923292,173.54669127320926,175.91477966308594,18662800,GOOG
2024-11-19,174.35761619975898,179.2679047110212,174.23920874165702,178.6808624267578,15392900,GOOG
2024-11-20,177.93464379793505,178.21324069190095,174.45216744096942,176.44215393066406,15729800,GOOG
2024-11-21,174.5765335052864,174.70090765512782,164.48232325308783,168.3926544189453,38839400,GOOG
2024-11-22,166.32308060039298,167.4225439255199,164.88034337851366,165.7360382080078,24497000,GOOG
2024-11-25,167.1489180596247,169.60655255064373,166.56186051570637,168.58169555664062,21395700,GOOG
2024-11-26,168.6414149979063,170.6363661825947,168.58170264842587,169.7657470703125,14937500,GOOG
2024-11-27,169.82543856885383,170.28314213857163,168.82050086416712,169.96475219726562,12433400,GOOG
2024-11-29,169.20854333908335,170.0144854122663,167.90510465950186,169.6363983154297,9250700,GOOG
2024-12-02,169.46726672939872,172.7308435500895,169.41751402774815,172.1139373779297,16593400,GOOG
2024-12-03,172.25322251301944,173.4472265307308,171.64627603755983,172.1537322998047,15721500,GOOG
2024-12-04,171.91491854526802,175.546637539585,171.88506996478583,175.20834350585938,18239800,GOOG
2024-12-05,176.43221051980993,176.82025728032713,173.13877010644495,173.43727111816406,16145500,GOOG
2024-12-06,173.00940589060897,175.95359012281784,172.68105634419584,175.60633850097656,13319500,GOOG
2024-12-09,175.033569343468,177.34954989746097,174.71978848912806,176.4132080078125,19887800,GOOG
2024-12-10,183.8193820434649,187.3008236666633,181.96160898980182,185.806640625,34317400,GOOG
2024-12-11,185.9759826785147,196.12646874446978,185.53768654697186,195.94717407226562,41664500,GOOG
2024-12-12,195.53874848742487,195.94217667495153,192.53045584003257,192.8791046142578,25197800,GOOG
2024-12-13,191.96269208633942,193.58636073560123,190.51830291544877,190.63784790039062,18883200,GOOG
2024-12-16,193.6112593352628,199.8619188484649,193.35724335963644,197.39154052734375,32248600,GOOG
2024-12-17,197.76009594579685,202.09323264899297,195.92723514612658,196.35556030273438,24129500,GOOG
2024-12-18,196.0667007110212,197.9194882921804,188.54597635525514,189.41259765625,27638400,GOOG
2024-12-19,192.53045879108183,193.8453471258527,188.78504554591882,188.96434020996094,26981200,GOOG
2024-12-20,186.28476260696812,193.38213158489262,185.6472451593918,192.21170043945312,45319700,GOOG
2024-12-23,193.2775442063514,195.72801093509787,190.88685756335263,195.22994995117188,15235900,GOOG
2024-12-24,195.40926822331525,196.90345135565406,194.44103743196277,196.80384826660156,6809800,GOOG
2024-12-26,195.977058294521,197.39154978666022,195.11042177216143,196.33566284179688,7907900,GOOG
2024-12-27,195.70809046620545,196.03681255000853,191.2275326178882,193.28750610351562,14693000,GOOG
2024-12-30,190.12482942840555,193.02851834654408,189.62178295869177,191.9427490234375,12209500,GOOG
2024-12-31,191.6987219539804,192.5005929366326,188.84482670843943,189.7014923095703,14355200,GOOG
2025-01-02,190.74244247562584,192.45078824309232,187.97820970552254,189.89076232910156,17545200,GOOG
2025-01-03,191.97761429533654,193.74572472649058,190.60794657554771,192.38104248046875,12875000,GOOG
2025-01-06,194.3932061333201,198.78610788965761,194.3035587994232,197.19232177734375,19483300,GOOG
2025-01-07,197.501122029833,201.35610947838407,195.18015584206566,195.94717407226562,16966800,GOOG
2025-01-08,193.19786031960788,196.87355295931474,192.99863895802596,194.6322784423828,14335300,GOOG
2025-01-10,194.66215765847485,196.8536229987654,190.85697955663122,192.42088317871094,20753800,GOOG
2025-01-13,190.60795433486177,191.74353282805677,187.92838367294684,191.54429626464844,13169100,GOOG
2025-01-14,191.75350179419556,192.52052005726506,188.90459201669714,190.3091278076172,13651200,GOOG
2025-01-15,193.59631966617226,197.03293757748568,192.58027095513168,196.2161102294922,12894900,GOOG
2025-01-16,195.06558809902253,196.21610779593715,193.54650812506105,193.6560821533203,13449600,GOOG
2025-01-17,197.28196603154788,198.03901328310783,194.55258626735076,196.78390502929688,22109100,GOOG
2025-01-21,199.73241196420346,203.04949996870735,198.66656935353225,198.8558349609375,19005200,GOOG
2025-01-22,199.77227542933375,201.3361791069415,198.4275046138818,199.25428771972656,15477400,GOOG
2025-01-23,199.204472992969,201.15687879775032,196.05673902959322,198.8060302734375,15170800,GOOG
2025-01-24,199.0749968784714,201.78445005827487,199.00924333890612,201.11703491210938,12732400,GOOG
2025-01-27,193.43693937479924,197.89956181185707,191.95271207871966,193.01856994628906,24970200,GOOG
2025-01-28,193.89514224561265,196.46513884315854,191.86306004269633,196.30577087402344,15939200,GOOG
2025-01-29,196.6045945917345,197.69037912518527,194.43305592406392,196.4153289794922,12287800,GOOG
2025-01-30,198.98531221637543,202.44983634357547,198.69843469262187,201.8441925048828,14571500,GOOG
2025-01-31,202.9249889071245,206.2769448978368,202.79051790943333,204.8026885986328,17060300,GOOG
2025-02-03,201.4308168414441,204.4241684677796,200.87797639910207,201.8541717529297,16719500,GOOG
2025-02-04,203.7069521409136,207.89066156549822,203.4678773853658,206.90451049804688,28285400,GOOG
2025-02-05,192.35116316256466,193.79553701425183,189.17353156908362,192.55038452148438,43666400,GOOG
2025-02-06,190.24933821339792,193.0783209259593,189.7512772344421,192.56033325195312,20816600,GOOG
2025-02-07,191.9925655719954,192.26649305045316,184.3821938692764,186.41427612304688,29565700,GOOG
2025-02-10,188.32683464886526,189.25323607051806,186.88246069858877,187.4701690673828,16606000,GOOG
2025-02-11,186.11045418705976,188.06783020214885,185.35837723892726,186.34454345703125,13028100,GOOG
2025-02-12,184.51167036726673,186.1054716174257,182.917884316723,184.7108917236328,17632300,GOOG
2025-02-13,185.2089779346379,187.2610022635208,184.1630618713877,187.15142822265625,12729300,GOOG
2025-02-14,186.10548651241567,187.42035972936003,185.38827741240368,186.14532470703125,12714200,GOOG
2025-02-18,186.7131072201513,187.0517850469982,182.868075751718,185.0794677734375,19796000,GOOG
2025-02-19,185.46299992451782,186.63344648979967,184.7806586842265,186.4043426513672,13120500,GOOG
2025-02-20,185.77675751385402,186.3943483049828,183.88413174771472,185.9162139892578,12063800,GOOG
2025-02-21,186.5636717492017,186.74298160248426,180.42757214082488,180.87582397460938,19520800,GOOG
2025-02-24,183.08722953293318,184.37222024540685,180.1785550709263,180.4873504638672,18734000,GOOG
2025-02-25,179.45636292256336,180.05901249422945,176.08449532618422,176.68215942382812,20832500,GOOG
2025-02-26,176.2588263476241,177.38941942120738,172.91682587088818,174.02252197265625,23637200,GOOG
2025-02-27,175.25770137508286,175.90517457404238,169.09369511454358,169.5499267578125,25930500,GOOG
2025-02-28,169.63958678561835,171.83105223800592,167.73699003756792,171.55213928222656,30049800,GOOG
2025-03-03,173.05626616990452,174.32134533191982,166.98988700026132,168.0059356689453,24122000,GOOG
2025-03-04,167.28873989157168,174.4857125995133,166.89028195089057,171.9406280517578,30711400,GOOG
2025-03-05,171.65175734257568,175.0684486462283,170.26713311442498,174.3114013671875,18848000,GOOG
2025-03-06,171.88085762667328,176.04464037532372,171.83901308441207,173.534423828125,19082400,GOOG
2025-03-07,172.57018119468756,176.21398520957717,171.58202373998432,175.06845092773438,16395300,GOOG
2025-03-10,169.6932301062815,169.98242789879407,165.11083364000163,167.34967041015625,28990700,GOOG
2025-03-11,166.22275015347105,168.19233834954707,162.79219966682945,165.52467346191406,23705900,GOOG
2025-03-12,168.00787776905614,169.06496768992824,165.02607404266914,168.5364227294922,19880100,GOOG
2025-03-13,167.5192068154746,167.65882217030887,163.6199439708421,164.2781219482422,15206200,GOOG
2025-03-14,164.86151705390753,167.78846344663302,164.05871738434496,167.16018676757812,18611100,GOOG
2025-03-17,166.86600146939315,167.99789774713304,165.3551579314285,166.1130828857422,17839100,GOOG
2025-03-18,165.504769270585,165.9834483433943,158.36440589305724,162.22378540039062,24616800,GOOG
2025-03-19,163.46536491130865,167.67179700457908,162.60274739553324,165.82388305664062,24955700,GOOG
2025-03-20,163.3756136941133,166.57182398432158,162.69249513101892,164.59725952148438,19981500,GOOG
2025-03-21,162.93182312599697,166.01334302891465,162.58277715435602,165.7939453125,29882100,GOOG
2025-03-24,168.80068280829667,170.03229564643644,166.98069207130337,169.46385192871094,18742800,GOOG
2025-03-25,170.71042533673634,172.43569069454404,170.0821638501357,172.31600952148438,13841600,GOOG
2025-03-26,170.83009529451596,171.46833904684703,166.4032617058507,166.68150329589844,22498000,GOOG
2025-03-27,166.2526883327416,166.98068153823098,163.40053326732718,163.62989807128906,21571200,GOOG
2025-03-28,161.914617985198,163.36063733153796,154.91288174399585,155.63189697265625,34866500,GOOG
2025-03-31,154.38533444093966,156.69897769591987,151.79247569514342,155.8014373779297,33591600,GOOG
2025-04-01,154.87400177182084,159.64088860290096,154.82912703672736,158.44418334960938,20111400,GOOG
2025-04-02,156.5294429126843,159.83533661020232,156.10061455152714,158.42422485351562,17113300,GOOG
2025-04-03,152.415773730749,154.26268338948154,151.76255642428285,152.21133422851562,28416100,GOOG
2025-04-04,149.488795280342,152.67004705701973,147.13526851271615,147.33473205566406,39832200,GOOG
2025-04-07,142.9966537424444,154.5049906637876,142.26866053002584,148.8306121826172,47823000,GOOG
2025-04-08,153.15372459087558,154.0163572830598,144.81168040387425,146.17791748046875,35304400,GOOG
2025-04-09,145.9285907764552,161.42595490236522,145.41001297471655,160.61817932128906,46479500,GOOG
2025-04-10,158.32448661840758,159.59100703537513,151.7824843406383,154.94378662109375,35270500,GOOG
2025-04-11,155.15821588311775,159.4214828900061,155.15821588311775,158.96273803710938,22582000,GOOG
2025-04-14,161.8647612161283,163.5800442613397,159.48131788958594,161.02706909179688,18255900,GOOG
2025-04-15,161.12680756053086,161.60548662047464,157.2125711136264,158.24472045898438,15690800,GOOG
2025-04-16,155.04352406353968,157.7460816121238,153.48780580846912,155.0734405517578,16921500,GOOG
2025-04-17,156.1804006573908,156.63914551785228,150.48605717451858,152.93931579589844,19513400,GOOG
2025-04-21,150.55089351453177,150.64563414321242,147.99292697402092,149.4489288330078,16147800,GOOG
2025-04-22,150.6556053772964,154.18588806543661,150.45614182614645,153.4778289794922,15910300,GOOG
2025-04-23,157.47685003131366,159.5810628232613,155.92113161014544,157.28736877441406,18575700,GOOG
2025-04-24,158.0901402859029,161.26641622029112,157.65633597926455,161.02706909179688,30787500,GOOG
2025-04-25,166.64162802009162,167.77850023609406,162.55286879192676,163.40054321289062,35148100,GOOG
2025-04-28,163.80940575078378,164.4975154163947,159.9400594955455,161.97445678710938,20871200,GOOG
2025-04-29,161.60050501085837,162.23375771315298,158.9527889542957,161.61546325683594,15955200,GOOG
2025-04-30,159.4214808354622,160.93132003878804,156.7238992270367,160.4486541748047,20639500,GOOG
2025-05-01,162.07418118265323,163.4902840282257,160.4885312883131,162.3434295654297,21904300,GOOG
2025-05-02,164.50251318845105,166.24272160342787,163.2110673335134,165.35516357421875,16844900,GOOG
2025-05-05,164.06370481289306,166.64162038300333,164.01883008211257,165.59449768066406,15309300,GOOG
2025-05-06,163.51025257901807,166.2826256209725,162.6825275029046,164.74684143066406,10691900,GOOG
2025-05-07,165.6144462894935,166.53192073170123,149.07992649888428,152.38084411621094,78729800,GOOG
2025-05-08,155.49230101963664,156.97821934560366,153.67730129276063,155.32276916503906,38387500,GOOG
2025-05-09,155.12330110234345,156.0008767547779,153.4080181578182,153.95651245117188,22871000,GOOG
2025-05-12,158.66357863988551,159.99989923182653,157.45689109723676,159.1422576904297,31884900,GOOG
2025-05-13,159.48131381182282,161.6154428646326,157.147736432167,160.4486541748047,24944300,GOOG
2025-05-14,160.8675041761217,167.87821879457485,160.48854169395702,166.3524169921875,31769200,GOOG
2025-05-15,166.68150616819955,167.05048632634782,163.39055558165364,164.94627380371094,22717600,GOOG
2025-05-16,168.4665883644654,170.18187132307358,166.49202410911192,166.970703125,36271400,GOOG
2025-05-19,165.26042792162292,167.48929776101073,164.9612478002886,167.40951538085938,21374700,GOOG
2025-05-20,167.2998101390324,169.2145415389476,163.809411029233,164.86651611328125,33563300,GOOG
2025-05-21,164.49752249530096,174.05124541657764,164.43768951605247,169.593505859375,45567600,GOOG
2025-05-22,172.87449206528717,177.6413788951047,171.40852318489004,171.50823974609375,45024100,GOOG
2025-05-23,169.81291136244153,170.7353770798728,168.79570501788888,169.1248016357422,24963600,GOOG
2025-05-27,170.83010546531364,173.81189377809147,170.74035599876692,173.50274658203125,24341300,GOOG
2025-05-28,173.5027486876955,175.99589090157693,172.54039944520105,172.90440368652344,25999200,GOOG
2025-05-29,174.51996262584905,174.91885931079202,171.3087940961788,172.48556518554688,21174700,GOOG
2025-05-30,171.9370438187386,172.96421707717835,168.06269151829088,172.37583923339844,36258300,GOOG
2025-06-02,168.5463638301086,170.59273670161065,168.18735077867083,169.9026336669922,24742900,GOOG
2025-06-03,168.40178467639365,169.33421740320648,166.2227656610953,167.2499542236328,25386700,GOOG
2025-06-04,167.8183830228989,169.11481998304504,167.3347128375843,168.9253387451172,18508700,GOOG
2025-06-05,171.14920964574225,171.88718516661356,168.88544763287672,169.34417724609375,25375400,GOOG
2025-06-06,171.8273621519075,175.347677694002,171.8273621519075,174.44017028808594,22258100,GOOG
2025-06-09,175.59837556705574,177.6402153718793,175.38870842986094,177.3556671142578,18817600,GOOG
2025-06-10,177.48545436637687,182.16323144952992,176.20245055412113,179.7319793701172,32908000,GOOG
2025-06-11,180.950104343879,181.46930552237777,177.72509701778952,178.5138702392578,18994400,GOOG
2025-06-12,177.20589265380562,177.85489792406833,175.83801337999012,176.69668579101562,17345900,GOOG
2025-06-13,173.31191709596868,178.0675613928071,173.30193802509706,175.60836791992188,20873200,GOOG
2025-06-16,175.63331576652783,177.96969801010982,175.54845557966115,177.66517639160156,18132500,GOOG
2025-06-17,176.72664304480134,178.43899076022245,175.66828253538915,176.95628356933594,17656100,GOOG
2025-06-18,177.00619474076913,177.54936088571782,172.5730497599219,173.71128845214844,32531800,GOOG
2025-06-20,174.5949374560243,175.09416523737374,166.01321067580938,167.470947265625,55402600,GOOG
2025-06-23,167.06160602705512,168.21980299782112,163.0777625142281,165.7536163330078,36975600,GOOG
2025-06-24,167.4260187941308,168.98860418926247,166.65222182620118,167.48094177246094,27310300,GOOG
2025-06-25,168.38953316950784,173.09226581389888,168.30068134547906,171.22515869140625,23627400,GOOG
2025-06-26,173.11721450651243,174.3802602003527,170.59612027198173,174.1605987548828,25909100,GOOG
2025-06-27,174.3602970998626,178.56378642226113,172.4432642772778,177.9946746826172,74053100,GOOG
2025-06-30,180.50580421085897,181.29957460621677,175.22896256491478,177.1160430908203,43964600,GOOG
2025-07-01,176.5319309802097,176.94629857639345,174.39025473688548,176.63677978515625,25778500,GOOG
2025-07-02,176.27234494873161,179.65710887852734,175.8180458150953,179.4823760986328,19325900,GOOG
2025-07-03,179.54229560893882,180.49082539406643,177.9148080847821,180.2711639404297,13287400,GOOG
2025-07-07,179.85680209877262,180.06148733419192,176.36720449532464,177.28578186035156,20991400,GOOG
2025-07-08,178.50388486434102,178.51386393532042,173.65139020434393,174.8894805908203,24108600,GOOG
2025-07-09,175.83801093756307,180.00156883376084,173.6114592836493,177.3856201171875,31288000,GOOG
2025-07-10,176.397147597673,179.31263609787564,175.46859121008725,178.42401123046875,24693700,GOOG
2025-07-11,177.63522558090386,182.32796348740288,177.2667922024666,181.02996826171875,23975700,GOOG
2025-07-14,181.78880160062218,184.4446816723468,180.4318917901642,182.52764892578125,20990400,GOOG
2025-07-15,183.6559139606627,185.12364481924809,182.10830483087008,182.8172149658203,23911600,GOOG
2025-07-16,184.0353291212338,185.04876086661793,182.79723878931895,183.48617553710938,21152600,GOOG
2025-07-17,182.8322055265823,184.90099654275474,181.21969422278445,184.4147491455078,21654400,GOOG
2025-07-18,186.3317745092629,187.0706371193561,184.4446940821443,185.65283203125,21033400,GOOG
2025-07-21,186.8110341716985,190.96459756247992,186.76110834857775,190.85476684570312,24665000,GOOG
2025-07-22,192.12281223527594,193.0613628759034,188.20387121297293,191.81329345703125,26212900,GOOG
2025-07-23,192.06291145675814,193.06136701325298,189.88627042128354,191.21421813964844,34068100,GOOG
2025-07-24,197.80403178883356,198.6627041806578,191.6535418769399,192.901611328125,45252100,GOOG
2025-07-25,192.63202513607754,194.97340465838818,191.83327287103867,193.78025817871094,31101800,GOOG
2025-07-28,194.1097380295069,194.51910844226362,191.55867629656885,193.1212615966797,25553500,GOOG
2025-07-29,193.0014619032327,196.35627317873985,192.69194311869856,196.12661743164062,31891600,GOOG
2025-07-30,195.99683205679682,198.1734578933613,195.257969447984,197.13507080078125,21150500,GOOG
2025-07-31,196.29636294942387,196.52600345506076,191.7833396958398,192.5621337890625,27852000,GOOG
2025-08-01,189.4868958519525,191.32205462037308,188.40856201383838,189.65663146972656,21236700,GOOG
2025-08-04,190.87974643162875,195.77716977826867,190.62513538628775,195.4476776123047,23386000,GOOG
2025-08-05,195.24298441714578,198.39311038953284,194.3743329829563,195.01834106445312,19010200,GOOG
2025-08-06,194.94845621765052,197.0751715243873,194.16666072818697,196.61587524414062,15383700,GOOG
2025-08-07,197.4046550915873,198.0636241811511,194.91849526728674,196.97531127929688,14660600,GOOG
2025-08-08,197.67422490063132,203.11580458395042,197.59434662865613,201.7778778076172,24379900,GOOG
2025-08-11,201.2437071589298,201.84778375432532,199.49142797559023,201.318603515625,16690200,GOOG
2025-08-12,201.78288282269472,204.81319918192554,201.0889488776854,203.84469604492188,19854000,GOOG
2025-08-13,204.66341595456223,205.11271790848946,198.33321137510248,202.7164306640625,19573000,GOOG
2025-08-14,202.24715475618467,205.10273825251264,202.01251709138205,203.50521850585938,17777100,GOOG
2025-08-15,204.40382737928184,207.0097970502324,201.7729024129421,204.59353637695312,21111400,GOOG
2025-08-18,204.7532813700738,205.82162085713637,203.09584154580025,203.97447204589844,13000200,GOOG
2025-08-19,203.5900845586483,203.97448447366057,200.61967310329786,202.17727661132812,13476600,GOOG
2025-08-20,201.36850257744715,201.8577512684256,197.15503428654648,199.8808135986328,13971700,GOOG
2025-08-21,200.4100017968599,203.04592387341168,200.09048870383648,200.31015014648438,11768900,GOOG
2025-08-22,203.6450096228341,208.9068596330031,201.81783405788252,206.40074157714844,25723700,GOOG
2025-08-25,206.68029226314627,210.7639716760469,205.63191092201342,208.8369598388672,22788800,GOOG
2025-08-26,208.04817946161637,208.13805204048316,206.13114662109604,207.6288299560547,23051000,GOOG
2025-08-27,206.1411457283501,209.2463431912284,206.07124652485047,207.88844299316406,15249000,GOOG
2025-08-28,207.51898993739863,212.57117238999064,207.2793703650841,212.0419921875,20915700,GOOG
2025-08-29,210.9437065320351,215.00741266388385,210.64416682252147,213.20021057128906,24682200,GOOG
2025-09-02,208.6672460473044,212.041025402124,206.64038235228847,211.66261291503906,28900100,GOOG
2025-09-03,226.13021268624902,231.44200361883648,224.77231250489172,230.7430877685547,72250300,GOOG
2025-09-04,229.79953838333347,232.41050515957645,226.40977748846325,232.30067443847656,32196000,GOOG
2025-09-05,232.3006752313413,235.76531725805415,232.02110889217334,234.80679321289062,26127700,GOOG
2025-09-08,235.63625103996944,238.24454985055107,233.57759666242987,234.00732421875,23128800,GOOG
2025-09-09,234.0373032564655,240.4331241573419,233.22783384154016,239.78355407714844,22854800,GOOG
2025-09-10,239.09399790914586,241.922154447817,237.95474185194615,239.40379333496094,19990100,GOOG
2025-09-11,239.9834190128315,242.41184249017257,236.42574270750922,240.6230010986328,21308600,GOOG
2025-09-12,240.64300206108857,242.2649449671254,238.34449860548148,241.22262573242188,14536600,GOOG
2025-09-15,244.980161745602,252.58520043798106,244.82026241003442,251.59584045410156,29935200,GOOG
2025-09-16,252.165483340186,253.06489044304075,249.5521828236566,251.25607299804688,24493500,GOOG
2025-09-17,251.2960541573909,251.7857249169014,246.41923105002894,249.68710327148438,20491300,GOOG
2025-09-18,251.6957867895291,253.97429899966014,249.9469277971752,252.1654815673828,21166400,GOOG
2025-09-19,253.23476605196709,256.5326326066914,251.90363384209934,255.07357788085938,41616800,GOOG
2025-09-22,254.6138734432144,256.1428746106005,250.64646080006915,252.71511840820312,20079000,GOOG
2025-09-23,253.48960582394037,254.6038842900218,250.92627586419746,252.1754608154297,17521100,GOOG
2025-09-24,251.9855865910959,252.79507126242333,247.05880837825745,247.6684112548828,16958500,GOOG
2025-09-25,244.68035772423693,247.1537500940936,241.49243520267595,246.40924072265625,17379800,GOOG
2025-09-26,247.62344586003442,249.95691488202831,246.4791881395072,247.01882934570312,16594600,GOOG
2025-09-29,248.11310889238666,251.48391066241172,243.04142104059784,244.20066833496094,23157200,GOOG
2025-09-30,242.90151883167655,243.51612333212861,239.4147952973542,243.39120483398438,22541200,GOOG
2025-10-01,241.02274023707793,246.98884894065887,239.0440354920674,245.37989807128906,23967700,GOOG
2025-10-02,245.4798394250779,247.4735337836427,242.94648861306507,246.26931762695312,20657500,GOOG
2025-10-03,245.0701008850218,246.95687035937326,242.31190594958701,246.289306640625,19941400,GOOG
2025-10-06,245.61974856895048,252.03556085596028,245.52981090927676,251.34600830078125,18309000,GOOG
2025-10-07,248.76768624174676,251.38598832802836,246.64907339611258,246.9688720703125,13811200,GOOG
2025-10-08,246.0394650074506,247.09877140655033,244.9301881605209,245.29995727539062,14136500,GOOG
2025-10-09,244.9002108090174,245.39488317397436,239.52371385692186,242.0520782470703,19375700,GOOG
2025-10-10,242.00211257865035,244.68035786865013,236.53067624153942,237.3351593017578,22449100,GOOG
2025-10-13,240.87283726789343,244.83026189387334,240.5930210593619,244.48048400878906,12465000,GOOG
2025-10-14,241.59737415880704,247.86327497207864,241.0207392770717,246.02947998046875,17705400,GOOG
2025-10-15,247.92324680271904,252.59518634371952,246.62907776804082,251.54588317871094,16048100,GOOG
2025-10-16,252.30038456613704,257.412039733801,250.5065567686617,251.7157745361328,18946000,GOOG
2025-10-17,251.18611550864574,254.71381258280724,248.42790538348763,253.62451171875,17653800,GOOG
2025-10-20,255.06359074677613,257.71187214774994,254.4340118637041,256.8524169921875,13726800,GOOG
2025-10-21,255.08357119414507,255.21349131081692,244.5104677649344,251.17611694335938,27836400,GOOG
2025-10-22,254.8437198779537,257.0123031390601,250.2877020062622,252.36534118652344,19650200,GOOG
2025-10-23,253.53458071688394,255.69317602396845,252.60319681232596,253.56455993652344,13241300,GOOG
2025-10-24,257.1322199898904,262.3388448619566,255.933020726793,260.34014892578125,18406000,GOOG
2025-10-27,265.1869701320579,270.6234256814365,264.7672610515648,269.7539978027344,22987700,GOOG
2025-10-28,270.0238398308567,271.2030631428179,266.9958166328353,268.2549743652344,20101200,GOOG
2025-10-29,268.4348496955852,275.790066781071,268.25497437633226,274.9906005859375,26287900,GOOG
2025-10-30,291.5297909040995,291.73964543835973,280.26715026616273,281.7161865234375,48570000,GOOG
2025-10-31,283.0203372294134,286.09834615146855,277.34206555342627,281.6362609863281,29932800,GOOG
2025-11-03,282.23588008942727,285.75357412647895,280.1871983580786,283.93475341796875,19691800,GOOG
2025-11-04,276.88434628169716,281.65024916844396,276.6844644896837,277.8786926269531,18123700,GOOG
2025-11-05,279.19783739958865,286.51307177195645,277.69881546251395,284.5643310546875,20063200,GOOG
2025-11-06,285.5486926715029,288.62170004085374,281.4363853167139,285.1539611816406,23103800,GOOG
2025-11-07,284.02467776243657,284.3144972128298,275.56019924413687,279.51763916015625,21991100,GOOG
2025-11-10,285.0790032414487,291.26994051890455,283.35512195449274,290.4005126953125,19508200,GOOG
2025-11-11,288.01210422755497,292.14938906618625,287.6923055498566,291.5497741699219,14156700,GOOG
2025-11-12,291.8945478823368,292.16936247888566,284.1945850710095,287.2425842285156,16998800,GOOG
2025-11-13,282.8004891969117,283.3251713137129,277.8187538786583,278.9380187988281,18060200,GOOG
2025-11-14,271.7177016420648,278.96797594579846,271.2330325220686,276.7994079589844,18330500,GOOG
2025-11-17,286.2132540229553,294.32795470266535,284.04468599528104,285.4137878417969,34286100,GOOG
2025-11-18,288.2968960757756,289.246288884512,278.8280980775343,284.7742004394531,29702200,GOOG
2025-11-19,287.4974165660577,304.05161802852626,287.482442205392,292.7989501953125,43123600,GOOG
2025-11-20,304.5413108694683,306.68993354598797,288.98148512013125,289.79095458984375,34801400,GOOG
2025-11-21,296.6764341573702,303.7618077764989,294.1680609326802,299.4546203613281,43670600,GOOG
2025-11-24,310.8072320588326,319.5914790436659,309.19826591579596,318.2623596191406,55311800,GOOG
2025-11-25,326.5868982838347,328.4557045708052,317.6087780037563,323.4289855957031,50899300,GOOG
2025-11-26,320.57084097778153,324.7780873971327,316.99318865990756,320.0711669921875,29839600,GOOG
2025-11-28,323.21912492867204,326.6668878195667,316.73336599519826,319.9112854003906,19695800,GOOG
2025-12-01,317.26799565865406,319.42158926511087,313.77527946257874,314.9145202636719,28520600,GOOG
2025-12-02,316.6933654189159,318.39226916605145,314.0151201802352,315.8139343261719,24668200,GOOG
2025-12-03,315.82394606355047,321.83003728081405,314.07508706995475,320.41094970703125,32285100,GOOG
2025-12-04,322.83439794428057,322.88834834302395,315.38424129791457,318.18243408203125,20831600,GOOG
2025-12-05,319.79134083015884,323.61883002174113,319.77136485052137,321.8799743652344,15719900,GOOG
2025-12-08,321.0299987792969,321.2300109863281,311.9100036621094,314.45001220703125,22006900,GOOG
2025-12-09,313.1000061035156,318.7090148925781,312.6199951171875,317.75,14151300,GOOG
2025-12-10,316.6199951171875,321.8699951171875,315.3999938964844,321.0,22764500,GOOG
2025-12-11,321.1000061035156,321.989990234375,309.8800048828125,313.70001220703125,25912100,GOOG
2025-12-12,314.7950134277344,316.1400146484375,306.9599914550781,310.5199890136719,21264800,GOOG
2025-12-15,312.625,312.70001220703125,305.739990234375,309.32000732421875,22028900,GOOG
2025-12-16,306.0,311.8450012207031,303.8299865722656,307.7300109863281,21285200,GOOG
2025-12-17,309.010009765625,309.19500732421875,297.45001220703125,298.05999755859375,29120400,GOOG
2025-12-18,303.05999755859375,305.260009765625,300.6300048828125,303.75,21040500,GOOG
2025-12-19,303.2699890136719,308.989990234375,302.3399963378906,308.6099853515625,45234400,GOOG
2025-12-22,311.2250061035156,311.70001220703125,306.5899963378906,311.3299865722656,14091400,GOOG
2025-12-23,311.135009765625,316.29998779296875,310.75,315.67999267578125,13961400,GOOG
2025-12-24,316.1499938964844,316.2900085449219,313.32000732421875,315.6700134277344,6138200,GOOG
2025-12-26,315.9200134277344,316.55999755859375,313.7200012207031,314.9599914550781,6730900,GOOG
2025-12-29,312.82000732421875,314.9700012207031,311.8999938964844,314.3900146484375,12317700,GOOG
2025-12-30,313.4100036621094,317.70001220703125,313.25,314.54998779296875,11052500,GOOG
2020-01-02,205.31580323726652,208.33470850149027,204.8391371751135,208.3247833251953,12077100,META
2020-01-03,205.77262467099823,208.940483432474,205.51441855073767,207.2224884033203,11188400,META
2020-01-06,205.2661324493684,211.30395770128737,205.08738837112787,211.12521362304688,17058900,META
2020-01-07,211.34372103468303,213.09150684087672,210.28113611948638,211.58204650878906,14912400,META
2020-01-08,211.52244939225042,214.73997942961384,211.13515537272028,213.72705078125,13475000,META
2020-01-09,216.03096781571867,216.86515244294927,214.77971360428623,216.78570556640625,12642800,META
2020-01-10,217.6794240685626,218.35471484237715,215.91177299869705,216.54733276367188,12119400,META
2020-01-13,218.0766777515335,220.43023261072588,217.6893837221355,220.3706512451172,14463400,META
2020-01-14,220.07270383095607,220.8373666247612,217.11338017517343,217.54039001464844,13288900,META
2020-01-15,219.07965833729054,220.1422280098775,218.6129174526304,219.61590576171875,10036500,META
2020-01-16,221.02608200246482,221.0856633695372,218.86119636353655,220.23162841796875,10015300,META
2020-01-17,220.4898072485414,220.74799820928146,219.00021254201002,220.5990447998047,15905900,META
2020-01-21,220.6189068065152,220.82744157647545,217.59998643017602,219.90390014648438,14275800,META
2020-01-22,220.76783643205,221.20478658310415,219.74498273887278,219.7847137451172,12212800,META
2020-01-23,219.21867256169566,219.95354468808202,217.74894346186284,218.23553466796875,11195000,META
2020-01-24,219.26833798403877,220.2415355901936,214.61086956802987,216.4281768798828,11905800,META
2020-01-27,211.6217599875433,214.56121837952216,211.02591604576713,213.3794708251953,13810700,META
2020-01-28,214.64065727268016,217.22262738717762,212.0388368063511,216.27920532226562,13413800,META
2020-01-29,219.90389648692644,222.6447452028053,216.9346323466857,221.6814727783203,33181300,META
2020-01-30,205.09730326472987,209.96330597679363,203.32965231035968,208.0764923095703,48775500,META
2020-01-31,206.98412922847427,207.24233532558097,199.66525922245705,200.50936889648438,31359900,META
2020-02-03,202.02877743792925,203.71698182733147,201.09529561652263,202.77357482910156,15495600,META
2020-02-04,205.18669615551534,209.1390982668606,203.77654834930945,208.3744354248047,19628900,META
2020-02-05,211.03584180570505,211.25431690809782,207.2622140071557,208.65249633789062,12538200,META
2020-02-06,209.01000602542967,209.72501271809213,207.88783979748473,209.3873748779297,10567500,META
2020-02-07,208.84119956167712,211.34372313525864,208.47375586387463,210.85711669921875,12242500,META
2020-02-10,210.05273582248736,212.31691874414776,209.19870085007565,211.58204650878906,11856400,META
2020-02-11,208.7319513685439,209.39730187804918,205.0774710016734,205.7527618408203,25030800,META
2020-02-12,206.40817152622643,209.75478932639408,205.96128100859255,209.2979736328125,13813700,META
2020-02-13,208.06658493317434,212.8432160192069,207.7289319629748,211.66146850585938,15396600,META
2020-02-14,212.5155155487479,213.43905701113206,211.17487422593211,212.6942596435547,10741700,META
2020-02-18,212.06863572470812,216.46789814380386,211.91966716254262,216.28915405273438,15609200,META
2020-02-19,216.47782426001228,216.80553689173098,214.6108608379566,215.98129272460938,12135100,META
2020-02-20,215.0180366270395,217.25242870566726,211.47279392220503,213.09149169921875,13109200,META
2020-02-21,211.99914245848092,212.75388024092967,207.38140431804172,208.72203063964844,14092300,META
2020-02-24,200.40014673931017,202.23730447540046,196.79532265517247,199.32763671875,23080100,META
2020-02-25,200.84699512675684,202.08832389762676,194.5906950909845,195.40501403808594,21433500,META
2020-02-26,195.8221365905481,199.8142549332128,194.1339321659799,195.83206176757812,16524500,META
2020-02-27,190.48937905519435,194.52121298477465,188.1854652937536,188.43373107910156,21682600,META
2020-02-28,181.43264087587727,191.4030037393074,180.55875557704405,191.13487243652344,32568900,META
2020-03-02,192.68403059492923,195.20641933512508,187.53997105000778,195.0773162841797,24949000,META
2020-03-03,194.85886998016431,195.8717987268272,182.6938453017058,184.60052490234375,27984100,META
2020-03-04,187.85776425300918,190.4993160091307,185.09704976149453,190.42979431152344,23062500,META
2020-03-05,185.4843302930154,187.6790064786015,182.61437845213564,183.885498046875,19333400,META
2020-03-06,177.0929374184928,182.50512806827697,175.0372896096009,179.8337860107422,24559600,META
2020-03-09,168.4235005993396,173.78603504822317,164.04408887941884,168.32418823242188,29949000,META
2020-03-10,173.45834701525177,177.05323094387748,168.32421209879206,176.9539337158203,24517800,META
2020-03-11,172.80291932773585,174.65995778726648,166.49697719617606,169.05908203125,20373900,META
2020-03-12,158.433274615397,165.44431257801335,153.26934971148583,153.39845275878906,43266300,META
2020-03-13,162.39560939830452,169.60524213215632,156.5067524209944,169.09878540039062,35028600,META
2020-03-16,151.26338787753699,158.02614557592676,142.1073443256875,144.9971466064453,39120400,META
2020-03-17,149.6943344283049,152.87213325995907,139.0288314730961,148.38348388671875,34255600,META
2020-03-18,138.78058955655547,147.15210550290516,136.14897799823436,145.94058227539062,37553100,META
2020-03-19,145.602898898625,158.8205656112444,143.79553203514052,152.0677490234375,39862300,META
2020-03-20,154.93772108236993,158.16517640687016,146.9733501618565,148.69134521484375,32568400,META
2020-03-23,148.6218539023494,151.2534655292916,141.263251371694,147.0726776123047,29830800,META
2020-03-24,154.13334793934374,160.19102444618358,151.51166166344214,159.86331176757812,30440400,META
2020-03-25,157.8175809789628,161.85935493992162,151.99823079323116,155.1263885498047,35184300,META
2020-03-26,157.1522368550116,162.8623497265207,155.93077347488602,162.20692443847656,26556800,META
2020-03-27,157.10260011173537,158.97948901218527,153.67653499541476,155.70237731933594,24879900,META
2020-03-30,158.07577166272898,165.59326635005255,156.96354587711465,164.79881286621094,22515200,META
2020-03-31,164.33207850408797,169.74426940008115,163.06095894090598,165.64292907714844,23676300,META
2020-04-01,160.49888156735202,163.01133043947013,156.94371322647484,158.49290466308594,19507600,META
2020-04-02,157.99634240851967,160.23073434303583,154.83839392820795,157.0926513671875,20886300,META
2020-04-03,156.0598724860615,156.81461019982638,149.78372107562265,153.1104736328125,25983300,META
2020-04-06,159.03904634085043,165.04708101072825,157.4104234943341,164.40159606933594,28453600,META
2020-04-07,170.5983022670105,172.18720927873605,164.8583987953859,167.65884399414062,31411900,META
2020-04-08,170.06207977699125,173.7860669253925,166.57643326114695,173.07106018066406,21664200,META
2020-04-09,174.67979777903207,175.8516201470857,170.37984777861084,173.9747314453125,23534300,META
2020-04-13,172.4652886839823,173.78606459324402,168.2745606569841,173.5775146484375,19355400,META
2020-04-14,177.73841487570257,179.9728066681748,175.39478554503634,176.9340362548828,21011800,META
2020-04-15,173.97471957427308,176.95390874859473,171.6211649754997,175.74237060546875,17423000,META
2020-04-16,176.71559394085583,176.81490632233124,171.31332769213867,175.0273895263672,23593200,META
2020-04-17,177.95691205507052,179.02942206702005,175.4345383411281,177.99664306640625,20974800,META
2020-04-20,176.17932637386727,179.24788768422115,175.54376660260039,177.00357055664062,16110700,META
2020-04-21,174.03430091743022,174.16340396391308,167.17223154982912,169.61517333984375,24850500,META
2020-04-22,177.21212998372891,183.49822203453158,176.90428280755842,181.01556396484375,33242000,META
2020-04-23,182.80306011709644,185.7524587823264,181.87950354016493,183.8457794189453,21426600,META
2020-04-24,181.95896221208622,189.0891637233697,179.57561664147886,188.75152587890625,28792000,META
2020-04-27,191.32355031639338,192.4059855143229,186.1099687734246,186.1993408203125,29197800,META
2020-04-28,187.35130285028313,187.88755029925795,181.29361140162203,181.6411895751953,21731000,META
2020-04-29,189.60553061795113,195.5440588725942,188.68198920734758,192.84292602539062,45954500,META
2020-04-30,205.48460840647414,208.23539735025793,200.17173007941523,203.28994750976562,46230100,META
2020-05-01,200.2015166412791,205.84210748341866,197.66920283698454,200.8668670654297,30415600,META
2020-05-04,198.8112387706745,204.48163600083174,197.38122541616488,203.8361358642578,19250700,META
2020-05-05,205.58391925578505,208.92061174888724,205.06752222092857,205.63357543945312,21071200,META
2020-05-06,206.67630183463817,210.13217257206165,205.226438093887,207.0238800048828,21857000,META
2020-05-07,209.69521266717027,210.1321628657145,207.58990854263362,209.7945098876953,15152000,META
2020-05-08,210.76774608080254,211.7310186292939,209.38738879269772,210.87698364257812,12506000,META
2020-05-11,209.4270943674289,213.50858466173128,208.91069726867917,211.70120239257812,12911900,META
2020-05-12,211.81043690954013,213.78663807334254,208.54326574680115,208.642578125,14704600,META
2020-05-13,207.97721152556448,209.31785286047747,200.70799703194544,203.67726135253906,20684600,META
2020-05-14,201.15486320876076,205.4945441952128,199.2978400228768,205.37538146972656,17178900,META
2020-05-15,203.8460752067552,209.87396059341705,202.70404350277974,209.4171600341797,19383200,META
2020-05-18,210.67834170021413,213.15107440451104,209.47674377157279,211.7111358642578,20151900,META
2020-05-19,211.7905905973803,218.9605080354322,211.35364036967425,215.37554931640625,31843200,META
2020-05-20,221.9496206170212,229.7352323075521,221.64177345584855,228.37474060058594,50162900,META
2020-05-21,233.0917836984901,235.55457606680287,229.59619716889247,229.78488159179688,47782600,META
2020-05-22,229.90403290997045,234.35296650971358,227.15325903208213,233.28045654296875,33925600,META
2020-05-26,238.10674359332853,239.22889459168582,230.0629264267635,230.58924865722656,33178300,META
2020-05-27,227.48096953737505,228.9606238451392,219.59604617006673,227.55047607421875,34697600,META
2020-05-28,222.74405452930415,230.02320881081164,222.44613257116544,223.89601135253906,29377200,META
2020-05-29,223.63780199775556,225.91192493062624,221.33390353773837,223.528564453125,23241500,META
2020-06-01,223.03205506808072,230.82760706110014,221.94961984291297,230.30128479003906,18223800,META
2020-06-02,229.33798556164643,231.3836930413182,224.98836450875305,231.1056365966797,20919000,META
2020-06-03,230.49990100433388,231.03614846747342,226.9447329138443,228.5634307861328,15380300,META
2020-06-04,227.96756598637603,230.0232139054159,223.05190660350496,224.72024536132812,17041500,META
2020-06-05,225.1373554519171,229.74516790371774,223.7470579375046,229.169189453125,16750400,META
2020-06-08,227.4412450602746,229.9437683643857,225.83248765553066,229.7947998046875,15466500,META
2020-06-09,229.9139785100873,238.10674927591717,228.81167783729438,237.01437377929688,27462900,META
2020-06-10,239.28848199176275,239.53674775716414,233.64787592231463,235.0878143310547,20720700,META
2020-06-11,228.34494129684717,231.27447453517047,221.9992684255599,222.87315368652344,26708200,META
2020-06-12,228.30522029098816,230.05302119539456,222.9426851503306,226.994384765625,22091400,META
2020-06-15,223.52858989474873,232.148386267117,223.24060823682154,230.88719177246094,15340300,META
2020-06-16,235.49498933855702,236.80583993965254,231.38370859875684,234.01531982421875,15236700,META
2020-06-17,233.36981123103374,235.94184083300226,230.12249089150657,233.89613342285156,19578100,META
2020-06-18,233.35993767328654,234.5019543452086,230.53962653791842,234.3033447265625,15782500,META
2020-06-19,236.14048176349664,239.15940225061397,233.9160299866115,237.133544921875,30081300,META
2020-06-22,236.9051520508348,239.03030667014116,235.2666038494182,237.56057739257812,18917800,META
2020-06-23,239.60628402292758,243.48916471230885,238.19613611882562,240.55963134765625,24017900,META
2020-06-24,239.52682293334746,241.53281469046254,231.06592085796711,232.39663696289062,20834900,META
2020-06-25,232.99246051513478,235.6538775122826,231.12551218438674,234.04510498046875,18704300,META
2020-06-26,231.02620838632845,231.47308376893918,213.9057943900482,214.58108520507812,76343900,META
2020-06-29,208.29499427138418,219.21868884580718,205.6733081796403,219.1094512939453,58514300,META
2020-06-30,219.05981245951153,225.92188295883548,216.95452327824324,225.494873046875,33927100,META
2020-07-01,226.9149505427035,237.34211457201812,225.98146867179884,235.9021759033203,43399700,META
2020-07-02,237.34209065284438,238.33515379365124,230.99641778920605,231.80079650878906,30633600,META
2020-07-06,232.1384291791159,238.7323676813612,230.65877483009118,238.6132049560547,26206200,META
2020-07-07,237.7492248378951,245.93205454813304,237.16332128397067,239.1891632080078,27887800,META
2020-07-08,236.45824835678053,245.27665327302586,234.9487882465809,241.8903045654297,29791300,META
2020-07-09,243.3004713936086,244.8198567986477,237.58043311304624,242.80393981933594,22174900,META
2020-07-10,241.9995479389582,243.7870645397628,237.65986706465105,243.36997985839844,22982700,META
2020-07-13,245.29653273558316,248.41475054134605,236.76612358309998,237.34210205078125,24674900,META
2020-07-14,235.117617934241,238.66286053245312,230.42043363748257,238.0670166015625,23378100,META
2020-07-15,239.87439935966435,243.12172000073272,236.3986784441116,238.6132049560547,19133600,META
2020-07-16,236.3490146798004,240.08292643144802,234.69060114304705,239.25868225097656,18880700,META
2020-07-17,239.32823557507598,242.46631898114825,236.2100176761906,240.35108947753906,18152400,META
2020-07-20,238.39474065095692,244.34319445651906,234.00540328579996,243.71755981445312,20872200,META
2020-07-21,244.5120222800312,245.19723831240046,238.41461483905172,240.07302856445312,19364200,META
2020-07-22,238.59333342912305,240.2219562966176,236.46817901479554,238.20603942871094,15427900,META
2020-07-23,237.96771302086844,240.73835237368777,230.14237102551525,230.98648071289062,21771800,META
2020-07-24,228.59320680579518,231.87031820103158,225.32602058690804,229.10960388183594,18325800,META
2020-07-27,229.8544219596465,233.32020293561766,229.22878727559657,231.88026428222656,13163100,META
2020-07-28,233.00242159332097,233.3301342650416,228.23571524102175,228.52369689941406,14170100,META
2020-07-29,229.53661221732224,232.0788514162315,228.71236799763915,231.67169189453125,13588300,META
2020-07-30,228.62298226817202,233.26058500863786,227.41144410481076,232.873291015625,20615300,META
2020-07-31,254.04543432070616,254.07522500437972,247.27273604400057,251.91033935546875,53005100,META
2020-08-03,250.89740484105712,253.62832856946062,248.5935061569881,250.2122039794922,23124900,META
2020-08-04,249.8149646182432,251.0463683843728,245.71360894291308,248.0969696044922,17183500,META
2020-08-05,248.45449166663226,250.52006500112785,246.05128047101184,247.39190673828125,13050100,META
2020-08-06,247.31243795431067,264.750639437822,246.94500944110115,263.4397888183594,45241600,META
2020-08-07,262.2481096615728,276.9554031502752,261.60262465963405,266.577880859375,72766400,META
2020-08-10,266.1806447086891,271.96024898116696,257.8885616722018,261.17559814453125,30248800,META
2020-08-11,258.3851054810181,264.0753682859589,253.3602083264652,254.353271484375,28238300,META
2020-08-12,257.1735269064633,262.06932023417454,256.3194769654667,258.087158203125,21415700,META
2020-08-13,259.73563148791175,263.32060489725797,257.7693860228514,259.48736572265625,17374000,META
2020-08-14,260.4903802041066,260.82801802252544,256.8855562901596,259.42779541015625,14792700,META
2020-08-17,260.6790590475865,262.26796604010025,257.6005574319438,259.3483581542969,13351100,META
2020-08-18,259.13986051394573,263.3107078726441,257.46158124033997,260.52020263671875,18690400,META
2020-08-19,259.5768054733447,266.05156665412864,259.5370744595321,260.7684631347656,23291500,META
2020-08-20,259.68600713336025,267.7596151868681,259.6462761227217,267.1439208984375,20299700,META
2020-08-21,266.826083827458,268.613584997472,264.5718418633138,265.1577453613281,15538600,META
2020-08-24,269.18959781679655,275.3267199548224,266.9055347066833,269.50738525390625,23685600,META
2020-08-25,270.52028509566316,281.12619025564976,268.3852057886921,278.8719482421875,42127200,META
2020-08-26,282.0298998154646,302.5565259288739,282.0298998154646,301.8017883300781,69015200,META
2020-08-27,298.0777722336989,299.14035684052715,289.9942254494735,291.1859130859375,30301300,META
2020-08-28,292.9536564300212,295.16819837010235,288.9615531067545,291.6229553222656,17157400,META
2020-08-31,291.9109350833743,294.8206029393237,289.5275591968699,291.1661376953125,17345100,META
2020-09-01,292.66561699351473,299.3985835826731,290.6794907984133,293.39056396484375,17295900,META
2020-09-02,296.8066973205317,301.4939562564885,291.0171226099811,300.4015808105469,24341400,META
2020-09-03,293.93676837981997,295.53561589909145,281.6625217116018,289.1005554199219,32294100,META
2020-09-04,285.2573410353525,286.9952012505374,269.2591109726712,280.7687072753906,30333700,META
2020-09-08,269.39821548349954,277.36257237749317,267.55113226029425,269.279052734375,24864000,META
2020-09-09,273.85702596930236,276.5482490440014,269.4677036252001,271.8212585449219,22918800,META
2020-09-10,273.5988272586772,277.22350155065294,265.17764117192195,266.23028564453125,24814700,META
2020-09-11,268.1866391651495,269.5074301618983,260.8181273628567,264.76055908203125,18913900,META
2020-09-14,269.07046258084995,274.72099411810456,263.8568812377715,264.3037414550781,24093800,META
2020-09-15,268.79244326722164,272.61571253579757,267.43192115749895,270.5303039550781,18478500,META
2020-09-16,265.43585349381885,270.5501225712264,259.974006258438,261.6919860839844,29183400,META
2020-09-17,256.48834283374737,259.6860073099909,248.45446578541365,253.05235290527344,31281400,META
2020-09-18,256.60752004517167,257.4019887739225,248.31545157119356,250.7782440185547,28130800,META
2020-09-21,245.82285024541395,248.21613611997893,242.43651635455427,246.42861938476562,24709400,META
2020-09-22,251.55282052218462,253.54888712316094,246.49813279732368,252.9828338623047,30293100,META
2020-09-23,253.4892915738525,256.20034970229335,246.42861204477177,247.29258728027344,19641300,META
2020-09-24,244.79006167478678,250.49024949906772,243.91616127098237,247.79904174804688,20006800,META
2020-09-25,247.66993743064677,253.9758943385475,244.8992979778838,253.05235290527344,18351300,META
2020-09-28,257.6005722303954,257.7991969805752,253.052356387746,255.03848266601562,18826300,META
2020-09-29,256.021596951166,261.50329438654944,255.1179058879375,259.9739990234375,20200200,META
2020-09-30,260.162713982233,264.2342489504259,258.2957502746932,260.083251953125,20142500,META
2020-10-01,263.5093064368688,266.46861515536716,262.9631035342646,264.7804260253906,20009800,META
2020-10-02,259.39802012625506,263.31069140999944,257.38210311911837,258.1368408203125,16367600,META
2020-10-05,260.38119173026905,263.03265359022123,259.0306099747682,262.8141784667969,12822300,META
2020-10-06,259.9640440055981,263.8469241676368,256.4485923231029,256.8656921386719,18696900,META
2020-10-07,257.4119030223598,258.3751755364846,253.05237134297118,256.3294677734375,23133400,META
2020-10-08,257.9481357099618,262.7843480733694,257.3522917992151,261.9303283691406,16312800,META
2020-10-09,262.6850919841403,262.9135074521972,260.35141748470363,262.6156005859375,14107800,META
2020-10-12,268.32564004849735,278.23638958945963,266.01178624127687,273.8371276855469,31019300,META
2020-10-13,275.6544704349761,277.16394589864916,271.49356349761814,274.2244873046875,18063300,META
2020-10-14,275.6941715525807,276.8163376987398,269.6166302608354,269.9344177246094,15577800,META
2020-10-15,265.743712457179,267.1737258577717,261.8409814415914,264.86981201171875,15416100,META
2020-10-16,265.5251890641235,269.4875007254265,263.4596010584705,264.0852355957031,16622700,META
2020-10-19,263.6880250837842,266.68706452358686,258.0772250267341,259.586669921875,13587000,META
2020-10-20,261.23516522032673,267.82911846235703,261.0564211435665,265.7039489746094,18763200,META
2020-10-21,277.6207378870773,281.086518658816,274.4528639445289,276.7965087890625,28998600,META
2020-10-22,277.9285647695872,280.4906845372351,273.13208333425473,276.1907043457031,16720000,META
2020-10-23,276.8660143313567,283.2613439092059,274.8997685464257,282.8144836425781,17535200,META
2020-10-26,281.19576383511253,283.25141181911437,272.3575079038966,275.1877136230469,21322900,META
2020-10-27,276.8262548702941,282.53636718820695,274.39323836900616,281.3248291015625,16287200,META
2020-10-28,276.8560900388456,276.8560900388456,265.4060728848971,265.813232421875,23121800,META
2020-10-29,274.63161817036763,281.63273197336537,271.88084399312066,278.8819274902344,32368100,META
2020-10-30,272.59585577506135,274.7806069965232,257.30268814248257,261.28485107421875,47247800,META
2020-11-02,262.76448082392176,268.5937558950769,255.5548336098747,259.54693603515625,27165700,META
2020-11-03,261.3344859939097,268.1766749142908,259.07030336447286,263.4596252441406,17961900,META
2020-11-04,279.0507571094763,286.9356812828767,276.6872618622412,285.3865051269531,35364400,META
2020-11-05,289.8751194712088,295.3171162940273,286.9456014426084,292.6358337402344,23823600,META
2020-11-06,291.9108963229084,292.5563812456766,286.0617403985008,291.3746337890625,13891000,META
2020-11-09,287.8591877997786,290.55038023895384,276.59785620125297,276.836181640625,25117700,META
2020-11-10,271.2055879003333,272.09933879139055,262.168705988785,270.54022216796875,29067700,META
2020-11-11,271.57297357212764,276.4687674971447,270.58985077783035,274.5621032714844,14957000,META
2020-11-12,275.2572527631473,277.80943248151925,272.52632894071945,273.17181396484375,12899500,META
2020-11-13,275.79351739465017,275.83324840891396,271.2055701884182,275.02886962890625,10391200,META
2020-11-16,273.1420215872313,277.4717929070027,272.724952013687,277.02490234375,12970400,META
2020-11-17,275.7537787794999,275.7537787794999,271.39424714309587,273.0923767089844,15040300,META
2020-11-18,272.6157036238992,275.46582051575615,269.9543014737679,270.0834045410156,12152900,META
2020-11-19,269.13993647182775,271.57295306280076,267.32264442781167,271.046630859375,12963700,META
2020-11-20,270.6692471780771,271.10619731983934,267.5411048086391,267.8291015625,18114700,META
2020-11-23,269.0108584829948,269.07043984026683,262.69496185925465,266.5679016113281,20990800,META
2020-11-24,266.62750877747334,275.89280470654967,266.01181448881255,274.9990539550781,16930400,META
2020-11-25,276.21064383526317,278.23647116922166,270.7587056505233,273.6783142089844,12467000,META
2020-11-27,275.46577350859377,277.1936935147158,272.91359420110894,275.8828430175781,7808400,META
2020-11-30,274.1151938410017,275.77362247732725,269.13002821535315,275.0486755371094,16693300,META
2020-12-01,277.2235640941028,287.29321054681213,277.02493930484883,284.5622863769531,20738900,META
2020-12-02,283.3804623158279,289.7559405419843,278.88188783354457,285.5254821777344,17361600,META
2020-12-03,284.2643079363783,284.66152710899985,279.1202484321112,279.89483642578125,12921700,META
2020-12-04,278.3555792498037,281.4936623325887,277.36251613395586,277.759765625,10880300,META
2020-12-07,277.2532807346868,286.48875515657005,276.2701579939885,283.59893798828125,13007700,META
2020-12-08,284.0259617338094,284.44303122751927,279.5968788804657,281.4340515136719,10747700,META
2020-12-09,281.6922370034893,285.6346980848146,269.86485375951355,275.9920654296875,25189700,META
2020-12-10,273.6286055271856,276.7964791302961,269.97411041402864,275.1976318359375,20065100,META
2020-12-11,272.6256175544194,274.56210276384803,268.37530860630324,271.65240478515625,14391400,META
2020-12-14,271.47364488152203,275.29694373803864,269.6762031606504,272.2879638671875,16376900,META
2020-12-15,272.92354309585454,274.16487208300316,265.6146125663476,273.6385498046875,23979500,META
2020-12-16,272.8540298801992,275.93250127738247,270.6196378820546,273.7577209472656,15885000,META
2020-12-17,275.1480187332912,278.49463675445423,271.7119983579931,272.57598876953125,16377800,META
2020-12-18,273.8570313424853,276.0715732176227,269.2591741231777,274.482666015625,26693200,META
2020-12-21,271.0864200398628,272.76469937630253,265.93241928810284,270.8977355957031,16553700,META
2020-12-22,269.6166249333724,269.6166249333724,262.79428645526986,265.2372131347656,17312900,META
2020-12-23,265.03864461128967,270.2820169489827,264.38321928084264,266.2501525878906,14329000,META
2020-12-24,267.0148494894716,268.52429470793675,264.3534472730126,265.54510498046875,6702000,META
2020-12-28,266.87577993398537,275.37639803213443,263.81715878146275,275.0784912109375,23299700,META
2020-12-29,275.02881940193726,278.5641213786778,274.3634538345385,274.8599853515625,16383000,META
2020-12-30,276.02191065990667,276.15098341059274,269.8251760858184,269.98406982421875,11803800,META
2020-12-31,270.1131494272033,275.1678367117642,267.93833892462425,271.2651062011719,12900400,META
2021-01-04,272.87388692508046,273.0923620269373,263.3603554297846,267.07440185546875,15106100,META
2021-01-05,266.4289299730203,270.51040511016924,266.34946794704973,269.09033203125,9871600,META
2021-01-06,260.18251878562035,265.8926313162208,258.2063330163895,261.4834289550781,24354100,META
2021-01-07,264.0554674234832,269.7258491356457,262.94324162066465,266.8757629394531,15789800,META
2021-01-08,266.44875469224866,267.08432961533265,261.35433620233744,265.7138977050781,18528300,META
2021-01-11,258.67309874273616,261.6423478463724,254.12485257045407,255.05833435058594,30412300,META
2021-01-12,254.84981471600418,257.9183763775455,248.56372282065897,249.34823608398438,26383500,META
2021-01-13,249.8050218800193,252.18836722110376,247.4713175707965,249.89439392089844,19528900,META
2021-01-14,251.6421841179755,253.26088182402776,242.9131661140982,243.93601989746094,29739400,META
2021-01-15,246.1803582278421,252.09902149522745,245.44550116665312,249.61636352539062,24942900,META
2021-01-19,255.11791059696782,260.38116333981225,250.9669140103909,259.2887878417969,28028500,META
2021-01-20,267.06449630311556,268.44486878684387,261.77148244080314,265.62457275390625,25199900,META
2021-01-21,267.3921687234662,271.70205875894015,265.634427714856,270.97711181640625,20838700,META
2021-01-22,270.1231077356851,276.5382869759463,270.1131674066485,272.5958251953125,21954000,META
2021-01-25,276.21058498544335,278.15698017441997,269.6265717881597,276.08148193359375,19087000,META
2021-01-26,276.2105946394288,283.4103023609769,275.88286683391283,280.09344482421875,19373600,META
2021-01-27,280.57013844262696,281.4837699008926,266.26009441224045,270.2522277832031,35346200,META
2021-01-28,275.2572773646142,284.80063140699815,262.8638668149218,263.1617736816406,37758800,META
2021-01-29,263.45964586527754,264.71091515254716,253.08215396222317,256.5379943847656,30389500,META
2021-02-01,257.7197266207836,262.3374943130789,253.14172024429632,260.1924743652344,22914300,META
2021-02-02,262.16864356397065,266.9850053875906,261.4436966318781,265.2272644042969,17320800,META
2021-02-03,263.7774390975395,267.3326222811993,262.0097878354705,264.80029296875,14223400,META
2021-02-04,265.1578001708641,266.2998167269826,262.16867040510544,264.6413879394531,16060000,META
2021-02-05,264.94923410714415,267.3028192101267,263.82709821386266,266.240234375,12454400,META
2021-02-08,266.8857343995216,267.98802000221724,263.16174740790035,264.73077392578125,13755200,META
2021-02-09,264.5917418731132,271.4935427252664,263.9065258912956,267.58087158203125,14613400,META
2021-02-10,270.5600634141554,271.900674402498,265.86286387269195,269.98406982421875,14687200,META
2021-02-11,270.00393789566357,271.6821866351648,266.627499147351,268.51434326171875,12828600,META
2021-02-12,268.6434160254985,269.2988413011865,266.4785457640893,268.6235656738281,9097600,META
2021-02-16,268.9215256106919,274.6813108505445,268.17672814651246,272.0695495605469,15417200,META
2021-02-17,269.35844805841447,272.0695214581162,267.70995953793226,271.67230224609375,12763200,META
2021-02-18,267.7000453662894,270.0635405541446,264.1845932672995,267.52130126953125,15249100,META
2021-02-19,267.9880178207571,268.3951773652327,258.34538273459236,259.74560546875,25622600,META
2021-02-22,256.16064411630646,261.2451224455358,255.7435442710094,258.52410888671875,17434900,META
2021-02-23,257.6999099486897,265.604684827942,253.19140952092832,264.0157775878906,21924600,META
2021-02-24,260.5102256472287,264.53214932336675,256.5975849753341,262.47650146484375,15736100,META
2021-02-25,260.4804755118501,265.0883034884222,252.27777861136795,252.92327880859375,19053100,META
2021-02-26,254.69097568571797,263.7079781744943,254.69097568571797,255.83299255371094,26619500,META
2021-03-01,259.0107326162491,264.8002773245595,256.11097494456624,263.0723571777344,22157300,META
2021-03-02,263.93636774976153,264.85990936315216,256.85582143532537,257.2033996582031,15191700,META
2021-03-03,258.4844284037407,259.1795544591081,253.33042797944327,253.63827514648438,15513500,META
2021-03-04,254.69087089031518,264.64135132099676,251.74147254413108,255.85276794433594,31626500,META
2021-03-05,258.8617730445713,263.6086134766132,253.83686100228493,262.44671630859375,26820100,META
2021-03-08,263.7079128586234,263.7377035415093,253.28076471915193,253.53895568847656,18391800,META
2021-03-09,259.3681806663693,266.6671995974328,258.0076892388815,263.89654541015625,22039700,META
2021-03-10,266.7765159880859,267.1042135136652,261.0465218554377,263.06243896484375,14210300,META
2021-03-11,266.2501095648282,275.97220493665156,265.96214311161896,271.9801025390625,21834000,META
2021-03-12,267.2730343215098,267.86884797479286,262.1885254683939,266.53814697265625,20600200,META
2021-03-15,267.21339535013044,274.0456740646534,266.6374321088399,271.85101318359375,16844800,META
2021-03-16,274.16486760719044,280.18285832005444,272.8937479573369,277.3426818847656,22437700,META
2021-03-17,273.7974141829572,284.2444572139667,273.4995073803498,282.03985595703125,21315000,META
2021-03-18,277.92861547763636,283.211719403557,276.3496484982736,276.6872863769531,18728300,META
2021-03-19,279.2691890055399,290.76884566116183,279.2493386548787,288.0975036621094,38930500,META
2021-03-22,288.4351922903145,297.63093607672175,284.76084666263773,291.5037536621094,28273100,META
2021-03-23,291.11643012145873,295.932792026011,287.79960313612776,288.6139221191406,23000900,META
2021-03-24,288.9814180689493,289.6964248516647,279.2096789090975,280.1828918457031,18675000,META
2021-03-25,279.0309091806208,286.06178331046056,275.82330413065733,276.8064270019531,24505600,META
2021-03-26,276.3694427158467,282.5264459269405,275.84312049630233,281.05670166015625,17629200,META
2021-03-29,283.78759557767654,291.14619586229634,282.7250412264361,288.8025817871094,21718800,META
2021-03-30,287.8195202709855,290.44122190582374,284.7112576273697,286.0022277832031,17474500,META
2021-03-31,287.9783624230208,294.4432129861294,286.60793047822534,292.48687744140625,19498200,META
2021-04-01,296.32998972587427,300.30224168012427,294.5424884688127,296.58819580078125,17616000,META
2021-04-05,298.80279507741744,308.6142338487392,298.5942299891719,306.76715087890625,28237000,META
2021-04-06,306.697587369966,309.1901853123323,303.132494672926,304.135498046875,17335200,META
2021-04-07,304.2149752941855,312.07010879752124,303.3808058477096,310.91815185546875,22855200,META
2021-04-08,312.6659247488208,313.688778534992,307.8992036600971,310.8486022949219,20894100,META
2021-04-09,309.23980561783935,312.5566323311916,308.1772209568356,310.2924499511719,15988600,META
2021-04-12,308.89228469218745,309.9846602325345,305.7939324729359,309.37890625,10881900,META
2021-04-13,310.0441922328414,312.2487933156605,307.1742559081195,307.6112060546875,14036900,META
2021-04-14,305.16826342390004,305.8932103611847,299.8554003462069,300.7193603515625,17421400,META
2021-04-15,304.2149784475269,307.98863680837684,301.99052656720033,305.6847229003906,14558300,META
2021-04-16,306.03227702070234,306.8068650471184,302.4969444090367,304.0560607910156,13059200,META
2021-04-19,302.8942372670993,305.5655798842235,298.47509359927756,300.1434326171875,14553500,META
2021-04-20,299.89514228651615,302.9835845586107,295.1483014626396,300.5505676269531,16796400,META
2021-04-21,299.8554348915821,299.8852255743065,295.3270692821806,299.3787536621094,14863500,META
2021-04-22,299.23970504780726,300.8187021222801,293.98642281520046,294.46307373046875,16375400,META
2021-04-23,296.687582670293,300.4910015370838,295.08873509812,299.0411376953125,17536800,META
2021-04-26,301.235742486538,303.6786691082406,299.4680914666265,300.9378356933594,16172600,META
2021-04-27,302.1692386782204,303.2218831391314,299.0212153184825,301.46417236328125,15309300,META
2021-04-28,305.2278718530595,308.7632045092743,303.25168590435214,304.9696960449219,33907200,META
2021-04-29,327.83002770338777,329.5083069817706,319.37904994231457,327.2242736816406,56526800,META
2021-04-30,323.8776259782797,327.53209104824134,322.248987887127,322.824951171875,26332400,META
2021-05-03,323.90743925273455,326.27090422619693,319.6074585992322,320.3423156738281,18719500,META
2021-05-04,317.8000386565058,319.9549988930355,310.9479094073585,316.15155029296875,24032600,META
2021-05-05,315.98280170662673,318.83288841914134,312.308455515496,312.83477783203125,15577600,META
2021-05-06,312.33820166682153,318.0185239268124,311.09687276652534,317.800048828125,19012200,META
2021-05-07,320.14367289977616,320.6997857867658,316.53884915690736,316.8665466308594,15916700,META
2021-05-10,312.1693768985715,312.3977620050916,302.7153972344073,303.8475036621094,24239200,META
2021-05-11,298.66375202538734,304.7115031678488,297.61110747680095,304.4036560058594,18920100,META
2021-05-12,299.0411306344249,302.8445494114103,296.121522359294,300.4512634277344,24645500,META
2021-05-13,303.9567447761737,306.71745902247187,300.66970829138313,303.1424560546875,18079200,META
2021-05-14,307.3927842966852,314.65207369614257,306.9359534150257,313.7483825683594,19245700,META
2021-05-17,311.37491338064495,313.49014256803696,309.4185779211098,313.27166748046875,15401300,META
2021-05-18,313.4007953447419,314.304486446428,307.66089155963004,307.8098449707031,14522400,META
2021-05-19,302.0798556016258,312.4772270849574,301.4641613514185,311.4146423339844,19106200,META
2021-05-20,311.4047347873846,317.0354162827345,310.9876652282522,316.39984130859375,17320200,META
2021-05-21,317.07514782686013,317.7106924961839,313.6192770874103,314.036376953125,13600900,META
2021-05-24,316.00263368811625,323.68896349578085,315.823889584792,322.37811279296875,16445400,META
2021-05-25,324.8111081200431,326.8965469654158,322.5469251665803,325.5162048339844,16437000,META
2021-05-26,326.0722398154271,327.5419536493177,323.5597916553514,325.38702392578125,9686900,META
2021-05-27,325.72469228376224,331.4645957099421,324.4933037547175,330.4417419433594,20477700,META
2021-05-28,328.7038883383271,330.56091149903165,326.05239650868407,326.44964599609375,12037400,META
2021-06-01,327.859776244359,329.12098577650926,324.3741453730533,326.84686279296875,11765900,META
2021-06-02,328.0882083208523,329.56786271635684,324.85081275421754,326.8667297363281,11654300,META
2021-06-03,323.520114193703,325.1090213066614,321.23608105411955,323.7783203125,12610800,META
2021-06-04,323.6392374927423,330.15372858687806,322.9242308943187,328.0583801269531,13289400,META
2021-06-07,327.1944541755547,335.347494066772,326.6482512651954,334.24517822265625,20136700,META
2021-06-08,334.36436543557863,335.95324218671897,329.93528208942485,331.36529541015625,14580500,META
2021-06-09,333.41101346017734,334.463657978423,327.710840656936,327.9591064453125,13727900,META
2021-06-10,328.4953491638462,331.62349184699826,326.27086722654735,330.15374755859375,13240200,META
2021-06-11,330.2729174472799,330.52118322602627,326.64824313875914,328.96209716796875,13587900,META
2021-06-14,329.5976857597547,334.48357027168373,327.5221872093391,334.43389892578125,12250800,META
2021-06-15,334.65235745209895,337.5620556551971,332.7059620693409,334.4140319824219,15795200,META
2021-06-16,334.3643964351676,335.2084759227616,326.4397410735605,328.7833557128906,17232200,META
2021-06-17,328.197430149362,335.6354937373488,327.8597923156813,334.1756896972656,17794100,META
2021-06-18,332.2094430903154,333.8182006835169,326.71780460807463,327.37322998046875,23039500,META
2021-06-21,328.7932669596741,330.61058945270315,325.3771273795917,329.9849548339844,11337500,META
2021-06-22,330.3822354177149,337.5620940675955,330.2928633564161,336.6782531738281,15345300,META
2021-06-23,336.9959674168666,341.0377414877368,335.8539509185642,338.22735595703125,14817800,META
2021-06-24,339.47861689152836,342.50744713580673,339.41903553173717,340.79937744140625,12329100,META
2021-06-25,340.2135219727783,341.7329074740562,337.32370439076266,339.0019836425781,14594400,META
2021-06-28,340.0843790089774,355.65563137017324,339.39916304899543,353.1729736328125,29156100,META
2021-06-29,353.79865804602315,354.2653990185791,346.62873966460876,349.4490661621094,21417300,META
2021-06-30,349.72705702806195,350.4718543781205,344.76174136100525,345.2979736328125,15107500,META
2021-07-01,344.414145811275,352.2096970760789,344.096358351219,351.931640625,17137000,META
2021-07-02,352.6367822452499,353.9674834243324,350.1739743626257,352.23956298828125,11521300,META
2021-07-06,354.02699008079225,356.30111303287634,346.7577610194668,350.3327941894531,13488500,META
2021-07-07,352.79564674200435,354.0170950982068,347.5721245438341,348.0587158203125,14218900,META
2021-07-08,343.331720320965,345.9136601651972,340.1836969240964,343.25225830078125,14406500,META
2021-07-09,342.9245386589562,348.2771327231589,342.87486732307934,347.9891662597656,13018700,META
2021-07-12,348.79360036608597,351.7330589669335,347.21463350700583,350.710205078125,10018600,META
2021-07-13,349.061709882351,356.003211854675,346.3804271577719,349.6476135253906,11456000,META
2021-07-14,352.100518759537,352.7360938139149,344.3248465095412,345.2185974121094,13894200,META
2021-07-15,346.807456771449,346.807456771449,337.8599480408071,342.0705261230469,14781600,META
2021-07-16,342.51744416406024,343.5899391237202,337.78054344124416,338.79345703125,11026100,META
2021-07-19,335.22830411094054,337.4329053142274,332.21932425430794,334.61260986328125,14372300,META
2021-07-20,336.44977124178934,341.0675389712737,332.1796119696146,339.2899475097656,11024300,META
2021-07-21,339.13104771021216,344.11621354828037,338.88278193590014,343.8282470703125,9279700,META
2021-07-22,344.2751207728499,349.1014233736785,342.8153167504496,348.75384521484375,12385400,META
2021-07-23,358.4064175626375,372.7263709130637,354.712221510125,367.2248229980469,33694300,META
2021-07-26,367.01625509949724,371.8425576289156,365.6657038011167,369.87628173828125,14925200,META
2021-07-27,369.33007893043543,370.5614674024453,362.02111919525015,365.2585144042969,15705400,META
2021-07-28,371.96173241744225,374.93098154905937,364.3846557059322,370.69061279296875,29676900,META
2021-07-29,358.49584445846887,362.98447957868854,354.2653851833191,355.8344421386719,33413200,META
2021-07-30,351.54436646173724,358.22769258735656,350.49172191318684,353.8283996582031,15976200,META
2021-08-02,355.61590753540196,356.9068774625231,348.30694725009323,349.5085754394531,13180400,META
2021-08-03,350.28315139524244,351.3159151790246,345.2880453111315,348.803466796875,12406100,META
2021-08-04,349.97535634826033,357.9794435460874,349.07166517355284,356.4302673339844,14180600,META
2021-08-05,357.14526133882947,361.3756899337369,354.4242475815402,360.4521484375,10247200,META
2021-08-06,358.892963587641,362.6169498526744,358.892963587641,360.98834228515625,8925000,META
2021-08-09,361.2366418858136,363.24261843176544,358.2475122657697,359.1015319824219,7798900,META
2021-08-10,359.3200650614363,361.574338051319,356.54944039375164,358.62493896484375,7469900,META
2021-08-11,359.5881517418357,359.8463275378054,355.3279025907099,357.4629821777344,8400300,META
2021-08-12,355.9634914124329,360.4819165359161,354.6327601477801,360.13433837890625,7170700,META
2021-08-13,360.4521402686356,362.1304194515307,358.9724858422268,360.6606750488281,7195700,META
2021-08-16,360.00522845589376,364.4045210745695,354.90089981921847,364.0172119140625,11222100,META
2021-08-17,360.4620449651616,362.1403239821523,352.606912425003,355.9634704589844,12328700,META
2021-08-18,353.77872178787584,357.3636649551706,352.68634634012676,352.9842834472656,10042400,META
2021-08-19,348.912718284329,355.08957183761447,348.5651401460842,352.65655517578125,12004500,META
2021-08-20,352.14017520075987,357.4927694576704,350.85911533837884,356.8770751953125,8697700,META
2021-08-23,356.94661777356487,363.1532624039116,356.6089799423798,360.8294982910156,10942000,META
2021-08-24,361.1373449529852,365.4075043305499,359.32996276565495,362.9745178222656,9235100,META
2021-08-25,363.06387912846816,368.287370479807,362.8652543840877,365.83453369140625,9684500,META
2021-08-26,365.82460856264174,366.877253078658,361.6040901691806,361.85235595703125,7888700,META
2021-08-27,362.5673710076073,371.14742107472495,361.5544271740296,370.0451354980469,11219100,META
2021-08-30,369.97559188303035,378.84363823095765,367.94973464178105,378.0194091796875,13547300,META
2021-08-31,377.3143137035575,380.10481841803494,376.1722669642673,376.7482604980469,12345400,META
2021-09-01,376.9568533074591,381.66396313831876,376.18226523015454,379.3997802734375,11567200,META
2021-09-02,378.8535501039873,379.1018158642127,371.46515865520854,372.67669677734375,14832900,META
2021-09-03,372.1503674826965,374.543653002346,370.5217295798465,373.64990234375,7509600,META
2021-09-07,373.2725838694114,380.30345767823303,370.56151054382633,379.52886962890625,10793800,META
2021-09-08,377.5229273882676,378.227993807564,372.1901826040393,374.9508972167969,11067200,META
2021-09-09,375.0203804671173,377.1951608723424,373.9577956290019,375.37786865234375,9098900,META
2021-09-10,378.71457215753986,381.1277387962936,375.6361004436162,376.0631103515625,11549600,META
2021-09-13,379.0323434951405,379.1018651904603,371.7532037928041,373.8982238769531,13026300,META
2021-09-14,374.7820203796107,375.9637679324981,372.5078973191111,373.9180603027344,8711600,META
2021-09-15,374.38482369186454,374.94093665537116,365.11955743747427,371.3262023925781,17940300,META
2021-09-16,370.20399081447476,370.9686384692154,367.1453395837524,370.47210693359375,11934200,META
2021-09-17,368.83359750741874,368.83359750741874,359.08170985434447,362.19000244140625,26299000,META
2021-09-20,356.8075775570263,358.5255877160873,347.3734776350834,353.2325744628906,19822800,META
2021-09-21,356.0131270912646,357.54245277557396,352.7260906017265,355.0002136230469,11751900,META
2021-09-22,344.82126459921614,347.41314439369233,338.326624315838,340.8291320800781,43692900,META
2021-09-23,342.96430614109624,347.244436588427,340.6206914406906,343.5601501464844,21806300,META
2021-09-24,340.8589909880195,351.8919385080049,339.9950308835849,350.5115661621094,18801900,META
2021-09-27,347.3833909106001,352.68634408018727,344.67231781299654,351.1272277832031,15205800,META
2021-09-28,345.5562175090793,347.17491544237834,336.5690072919028,338.2869873046875,21710300,META
2021-09-29,340.76960230808635,342.83519056135003,336.52923371146676,337.254150390625,14452200,META
2021-09-30,338.0883500451467,340.422024123598,335.80428669427346,337.03570556640625,16547100,META
2021-10-01,339.2402721276519,342.626620946173,336.29090380487764,340.6305847167969,14905300,META
2021-10-04,333.2024859034126,333.6096454418782,320.4614987024491,323.9670104980469,42885000,META
2021-10-05,326.30070772753515,332.85493120611443,323.89751164578337,330.65032958984375,35377900,META
2021-10-06,327.4526518109316,332.06047963306645,323.5399803552705,331.32562255859375,26443000,META
2021-10-07,334.6622475720672,336.4894799458442,326.69789282779806,326.93621826171875,28307500,META
2021-10-08,329.2103921435758,331.0872658382954,326.4297969914836,327.760498046875,15946100,META
2021-10-11,325.3572529952405,328.1676081014375,323.05333943821864,323.1923828125,14708200,META
2021-10-12,320.78919081230543,322.12983213718235,315.168449699641,321.5240478515625,31658700,META
2021-10-13,324.7018630148336,324.73165369743293,320.4217632147295,322.2887268066406,14761500,META
2021-10-14,326.08220352646043,328.22722358123883,324.8309645572515,326.25103759765625,14302200,META
2021-10-15,326.3999618857561,326.7872710290615,320.27277972807207,322.5071716308594,21596400,META
2021-10-18,326.6681361594644,333.5599968627541,325.22818246588844,333.0137939453125,21585000,META
2021-10-19,337.2938624402736,340.0843672158299,334.940307835811,337.6315002441406,18786300,META
2021-10-20,341.0675687432612,341.5938910279222,337.0953159364956,338.41607666015625,13639500,META
2021-10-21,337.9195461799882,339.93546327387196,335.4567385215077,339.5084533691406,16354400,META
2021-10-22,324.08613514392806,327.3433807629827,318.8824641103329,322.3581848144531,35224500,META
2021-10-25,318.07809817024844,327.2738721557028,317.5021349079901,326.409912109375,38409000,META
2021-10-26,325.9829107086796,327.9193656165144,307.4523491823087,313.6192626953125,65654000,META
2021-10-27,312.0105042608327,317.0354012261963,309.8952749651828,310.0541687011719,29971800,META
2021-10-28,310.8188570457867,323.26193836110224,305.97270353487784,314.72161865234375,50806800,META
2021-10-29,317.96888127486596,323.73857554960784,317.3829776736138,321.325439453125,37059400,META
2021-11-01,323.77830788954685,331.1369092399776,323.73857687912965,327.69097900390625,31518900,META
2021-11-02,329.0812646943905,332.46761360260626,321.5538292016757,325.80413818359375,28353000,META
2021-11-03,325.2181643548345,329.84584117571507,320.95794626946093,329.31951904296875,20786500,META
2021-11-04,331.69303111979514,334.9303963680135,330.34244948206873,333.520263671875,22495300,META
2021-11-05,337.9493222910368,344.3843824919673,337.28398694368224,338.7636413574219,26872800,META
2021-11-08,342.03081085258987,342.3982393556077,335.99297015181077,336.2710266113281,18342500,META
2021-11-09,337.6414353317068,338.94234549630863,332.14979790457625,333.0435485839844,17556700,META
2021-11-10,330.1835809161458,330.87873729375485,323.2520190237952,325.36724853515625,21872600,META
2021-11-11,327.5320799248782,330.1537507579003,324.73163470083574,325.46649169921875,12376600,META
2021-11-12,327.8895713138474,339.48854119804446,327.49235212990004,338.5252990722656,25414300,META
2021-11-15,341.9513528589392,351.1967681291148,340.81927665538785,345.1490173339844,25076600,META
2021-11-16,341.44489271681016,344.24533809936,338.50543425102154,340.5809326171875,18181100,META
2021-11-17,341.85205836625045,344.8908292635212,337.7407925723655,338.4061279296875,13602800,META
2021-11-18,337.3633994408119,340.0843826522268,332.9740471795485,336.3405456542969,17487200,META
2021-11-19,339.8262220829443,349.65754120765286,337.54215865420935,342.9046936035156,26488500,META
2021-11-22,346.6287072571534,351.3755482699117,338.1479691189288,338.6445007324219,27116800,META
2021-11-23,336.5788611556045,339.0317281661452,331.18653592504864,334.9105224609375,17225000,META
2021-11-24,333.6692551638559,339.4091595910464,330.5013809418473,338.69415283203125,13566200,META
2021-11-26,333.47057540699547,335.40706056592376,329.59763539501955,330.8091735839844,14750700,META
2021-11-29,334.55307386475175,338.30685152461643,332.9840170474469,335.6851501464844,16650900,META
2021-11-30,332.6761530506527,333.4805317723644,321.1864052077006,322.2092590332031,25390000,META
2021-12-01,327.99885131334366,328.20738609874235,308.1375874041913,308.4454345703125,30329600,META
2021-12-02,309.2398199712345,312.4176337740731,305.06897344912215,308.2368469238281,24396200,META
2021-12-03,311.5537063209336,311.573556673393,297.4224070874301,304.71148681640625,27471000,META
2021-12-06,305.99255266304647,317.87951975765236,304.2149611423583,315.66497802734375,21758300,META
2021-12-07,319.33932063498895,324.27484564424213,318.7732673727845,320.5707092285156,18794000,META
2021-12-08,322.7455088217183,330.4417478782362,320.82890430428074,328.2669372558594,19937700,META
2021-12-09,327.2540480147095,333.79833071804273,325.7247222356388,327.5321044921875,16879200,META
2021-12-10,330.2530905762638,332.7059578569133,324.1060270329738,327.46258544921875,14528000,META
2021-12-13,328.65425606299516,338.72390047483293,327.30367444275134,332.169677734375,22948700,META
2021-12-14,325.7743343201105,333.37129119790376,325.37711514556946,331.42486572265625,20461000,META
2021-12-15,330.18354541056993,339.73680772798974,321.7325989098653,339.2899475097656,24681300,META
2021-12-16,336.62855788973843,342.07052456232094,331.4248863696693,332.57684326171875,22635000,META
2021-12-17,330.4914256670543,334.77152569712786,328.4556581996595,331.4745788574219,40012600,META
2021-12-20,327.49233249861777,327.61149521607075,320.292625362334,323.1923828125,17901800,META
2021-12-21,324.1457435126229,333.6692153987566,321.50419192067693,331.8817138671875,16116800,META
2021-12-22,331.48445199749193,332.189548621576,325.98290422148904,328.15771484375,16764600,META
2021-12-23,327.81010067623015,334.3345318261052,326.082150457115,332.9144287109375,13987700,META
2021-12-27,336.4994852665034,345.45690479000456,335.6653157807883,343.77862548828125,17795000,META
2021-12-28,344.2254883901896,350.26329907524985,342.80541534319065,343.8183288574219,16637600,META
2021-12-29,344.5035583071662,347.264272790598,339.27012615391544,340.56109619140625,10747000,META
2021-12-30,341.613733726055,344.8213387057519,340.8391456583301,341.9712219238281,10593300,META
2021-12-31,340.64049867127704,341.05759851401064,333.9373226475047,334.01678466796875,12870500,META
2022-01-03,335.9532945960649,338.7140092947878,334.8510089050615,336.191650390625,14537900,META
2022-01-04,337.5918461106454,340.710048791719,329.5678785035941,334.195556640625,15998000,META
2022-01-05,330.7099111630695,333.43092506420857,321.5935978412268,321.92132568359375,20564500,META
2022-01-06,320.58063509691385,336.8172227357935,320.481322726394,330.15374755859375,27962800,META
2022-01-07,330.4318868648298,334.6623464014985,326.59867690984663,329.4884948730469,14722000,META
2022-01-10,323.05335610436777,326.0623360988043,313.2418877828471,325.7942199707031,24942400,META
2022-01-11,324.51316123835636,332.3087126977734,323.0235665762721,332.0505065917969,16226800,META
2022-01-12,332.85490650522934,334.0366541036262,327.7406372338682,330.9482421875,14104900,META
2022-01-13,332.6563391580305,333.3018242108338,323.50029475979665,324.2153015136719,14797100,META
2022-01-14,319.55777267625143,330.4218850489652,318.9817791263499,329.5976257324219,16868500,META
2022-01-18,321.04741364542525,321.96101482732695,315.43661257012167,315.94305419921875,22645600,META
2022-01-19,317.36304551242307,324.83089832244485,317.11477977391706,317.37298583984375,20814700,META
2022-01-20,321.65312351378554,325.5459440973195,313.78808094128794,314.3640441894531,16925000,META
2022-01-21,312.6262577545557,316.1019793346408,300.9379135225031,301.0670166015625,28710700,META
2022-01-24,295.77389108985574,307.3828004084756,287.00515781406256,306.5684814453125,38878100,META
2022-01-25,297.8693071627254,304.1057425994434,295.51572201501665,298.0679016113281,25108500,META
2022-01-26,304.8803074843086,305.37683902690725,288.83240439081436,292.586181640625,28348800,META
2022-01-27,295.68454210791685,299.6170635525719,292.218761538942,292.59613037109375,21629900,META
2022-01-28,293.5693146659942,299.8057498469455,290.9972848220705,299.6170654296875,21871600,META
2022-01-31,298.5942235776512,311.61329736004865,297.2436722273169,311.08697509765625,21579500,META
2022-02-01,312.3779070582883,317.4425346173089,309.9548308191628,316.787109375,18023800,META
2022-02-02,325.54597109978323,325.72471519446594,314.6719174183467,320.7593994140625,58458300,META
2022-02-03,242.95287599915073,246.27964337200504,234.11462066512175,236.1106719970703,188119900,META
2022-02-04,233.34003882664075,240.92704033727873,228.51375153368647,235.44532775878906,89342200,META
2022-02-07,236.05112549290544,236.6469694889334,222.45608752158304,223.349853515625,88613800,META
2022-02-08,219.31799930165315,224.20386810473175,214.65059044744515,218.6526336669922,94729700,META
2022-02-09,222.6447597583816,231.75114721199498,220.6685737472987,230.39065551757812,86563300,META
2022-02-10,226.68650936204733,233.36981952520125,225.12739308159553,226.48789978027344,49310400,META
2022-02-11,226.87523572809076,228.8216312035703,217.2524504549851,218.02703857421875,46156900,META
2022-02-14,217.78865142579465,219.46693037667484,213.29007709682466,216.1898193359375,38184000,META
2022-02-15,218.9406424438585,219.6159181388209,213.56816695582089,219.4669647216797,42685500,META
2022-02-16,210.93654707270989,215.95151900472374,210.8868908846818,215.0378875732422,45817500,META
2022-02-17,212.5353757176675,215.99123117362203,205.72296202717726,206.26914978027344,38747500,META
2022-02-18,207.93749393051652,209.28806043075434,203.75669137039452,204.7299041748047,37128400,META
2022-02-22,200.9363830884198,206.04072679270618,198.67220044312174,200.67819213867188,39852400,META
2022-02-23,202.74379248058972,205.50450704512744,196.67617554494552,197.07339477539062,44481400,META
2022-02-24,189.73463943279745,206.90470945781502,188.90047003925045,206.159912109375,49957200,META
2022-02-25,203.5183647840356,209.8541125423845,201.77056393873042,209.01992797851562,37627600,META
2022-02-28,206.23934870344502,211.67140537212006,205.39525411367887,209.5661163330078,34239800,META
2022-03-01,208.41416290445198,210.28112651537154,200.81723570545105,202.07843017578125,27094900,META
2022-03-02,203.3594795827409,207.6991608900357,200.61863062333498,206.6663818359375,29452100,META
2022-03-03,207.57006201226622,207.62964337626647,200.02277607812186,201.56202697753906,27263500,META
2022-03-04,200.96619957261413,204.46178636010308,197.411031416221,198.67222595214844,32130900,META
2022-03-07,199.39713300609475,199.49644537718342,185.98085599196915,186.16954040527344,38560600,META
2022-03-08,186.54690946667915,195.33550881323646,184.81897421696758,188.969970703125,37508100,META
2022-03-09,194.3821677815155,197.71886025141615,192.5747857485553,197.12301635742188,31894700,META
2022-03-10,193.48842180655208,194.9184351766103,189.74458461606886,193.85586547851562,24853000,META
2022-03-11,191.30368493188337,192.21730121306823,185.37509670416912,186.30857849121094,34694500,META
2022-03-14,185.73260739881346,190.95611432836714,184.53100942336172,185.33538818359375,31010500,META
2022-03-15,189.47642795898207,190.946156991285,184.62035037904172,190.69789123535156,31721700,META
2022-03-16,193.34940583091395,202.31676549191621,193.17066172479323,202.21746826171875,40640300,META
2022-03-17,200.3008320695021,206.5968487329181,199.71492845430384,206.3982391357422,29499700,META
2022-03-18,205.26616839914286,215.2961131707228,204.57102716267374,214.98826599121094,52128000,META
2022-03-21,213.01204862783814,213.22059855952324,206.18970954170595,210.02293395996094,30142300,META
2022-03-22,209.90376791475666,217.93766087896697,208.72202025875447,215.1471405029297,31998800,META
2022-03-23,211.85014499977373,215.29607503983217,210.6882630346818,211.979248046875,23717300,META
2022-03-24,213.5085842412719,219.1392506677934,213.30003430564892,218.04689025878906,31502300,META
2022-03-25,218.98033986256667,223.93573021234633,217.37158248115725,220.28126525878906,40039000,META
2022-03-28,220.5891376509777,222.48587688273557,218.01709239793314,222.03900146484375,26224100,META
2022-03-29,224.50178514139634,229.2883414646526,223.72718197285437,228.26548767089844,31417900,META
2022-03-30,227.32206885833335,229.5465204163885,225.13733315541214,226.26942443847656,25588000,META
2022-03-31,226.86528669666313,226.9050177106061,220.71822301847524,220.81753540039062,24192300,META
2022-04-01,222.99236119035902,225.70341968534913,221.15518807242128,223.290283203125,19544800,META
2022-04-04,224.41239943888382,232.72434805076864,224.29323671351824,232.2675323486328,28054800,META
2022-04-05,232.45621733585187,235.2169316018234,229.4174466080516,230.23175048828125,29727200,META
2022-04-06,225.33596570060982,227.40153889568887,219.8741183102283,221.75100708007812,28995100,META
2022-04-07,222.3766247719894,223.95560670287298,217.04388048466566,221.40342712402344,21037200,META
2022-04-08,220.83739117412068,223.56831487406782,218.50368667844387,220.78773498535156,18375700,META
2022-04-11,216.90484555322809,219.07965621752902,213.72704658954345,214.9584503173828,20516600,META
2022-04-12,218.71223225422102,220.48980861439927,211.6515526954061,212.654541015625,20128800,META
2022-04-13,210.3506337496348,215.10739934568304,209.8640273741091,213.49864196777344,19231800,META
2022-04-14,213.39936530470962,213.49867769280328,208.54328652461137,208.72203063964844,18379500,META
2022-04-18,208.54325950228275,211.89981776607013,206.85505519404293,209.30792236328125,16580800,META
2022-04-19,209.0596591305934,216.91477715151493,207.5501988958004,215.80255126953125,20089900,META
2022-04-20,212.1282301137777,212.67441790270703,197.5401293256184,199.02972412109375,43036500,META
2022-04-21,200.20152312891832,201.56201470052716,184.2926483333906,186.765380859375,49954100,META
2022-04-22,189.0494408006046,191.38314543443704,181.99870101328304,182.83287048339844,36426800,META
2022-04-25,181.46241266801752,185.88154035079478,180.39984305017538,185.69287109375,29281100,META
2022-04-26,185.33538515455388,185.8914981079493,178.25483986956792,179.6947784423828,31747400,META
2022-04-27,173.21999209687453,179.95297396586366,167.8276666489614,173.73638916015625,71062900,META
2022-04-28,201.5123818080678,207.08346694081774,191.56188434655328,204.30288696289062,100890600,META
2022-04-29,203.04168818781721,211.00604334340784,198.51330772123916,199.07936096191406,49193400,META
2022-05-02,199.77451976842804,210.41023318222747,199.59577566794923,209.66543579101562,49915300,META
2022-05-03,208.99013202513237,213.4092599092411,206.64650243953506,210.55917358398438,41556300,META
2022-05-04,209.18873471344116,222.74405503982925,205.52434462463904,221.8602294921875,41375900,META
2022-05-05,217.22263694269984,218.64270996108357,204.72990080911183,206.83518981933594,41129200,META
2022-05-06,205.90170328237653,207.9275605290676,199.62555225514092,202.35647583007812,34747200,META
2022-05-09,198.4537315749027,201.16480482052688,194.22328811081877,194.8489227294922,36303200,META
2022-05-10,198.12601337505205,201.55209318806584,192.84292556927107,196.27891540527344,34452500,META
2022-05-11,194.96808586619244,199.27797620782732,186.9639994737446,187.4307403564453,31153400,META
2022-05-12,185.7623795104132,196.67614834334174,183.49819687355438,189.91339111328125,38262200,META
2022-05-13,191.24409306072036,198.50338187615907,189.95310800388307,197.2421875,24549800,META
2022-05-16,195.68310969161757,203.94538776702177,194.57086858599118,198.65235900878906,27112600,META
2022-05-17,200.717915455325,204.0347578335047,196.98400353286522,201.21444702148438,24872700,META
2022-05-18,198.61261226508478,199.6056753264102,190.3006792907317,190.9064483642578,23960000,META
2022-05-19,189.8736711661357,193.93529581114845,188.28477921859724,189.96304321289062,24446900,META
2022-05-20,193.61755238464488,196.537160904653,186.56679690907504,192.1974639892578,31465600,META
2022-05-23,193.83601060059402,195.62352741117638,189.91341394730676,194.86878967285156,25059200,META
2022-05-24,179.29754438158685,182.4058215571146,174.88834182641335,180.02247619628906,50406300,META
2022-05-25,179.1485499982108,184.163520922922,178.07605534751838,182.5547637939453,28030200,META
2022-05-26,181.61138743549637,191.49236240543442,180.99567799980568,190.30068969726562,23056500,META
2022-05-27,190.0325756934649,193.97503783325445,188.4833995166801,193.77642822265625,22562700,META
2022-05-31,193.53806654327124,196.22927420586925,190.6780399723834,192.29673767089844,26131100,META
2022-06-01,195.14683847181115,198.14589349403096,183.716686817317,187.33143615722656,36623500,META
2022-06-02,187.14273921918476,199.54610286315108,186.42773257091963,197.48052978515625,31951600,META
2022-06-03,194.62049847981248,195.24613307013132,188.46351040477575,189.45657348632812,19465000,META
2022-06-06,192.64432063982002,195.55398831610356,187.09308626734085,192.9025115966797,30574200,META
2022-06-07,190.5985897727242,195.16668600433854,190.16165474576064,194.29278564453125,18828700,META
2022-06-08,193.3196042963057,200.62854978866102,193.06141332875293,195.27593994140625,22267200,META
2022-06-09,192.93227318656864,198.06640693874215,182.40579961135518,182.7235870361328,23501600,META
2022-06-10,181.7702481006762,181.82984461020973,173.80589360848077,174.35208129882812,27450800,META
2022-06-13,169.40662002400506,171.38282092477996,162.89212891887655,163.1205291748047,31749300,META
2022-06-14,164.87825579282412,165.5932623959142,160.2406532010484,162.59420776367188,27244300,META
2022-06-15,166.04015237028412,170.96575216430253,162.84248787819953,168.1752471923828,30008300,META
2022-06-16,162.58431031260895,163.93487688731022,158.50281990437463,159.7540740966797,26944100,META
2022-06-17,160.5584488585028,164.7491767213856,158.7907975972423,162.6041717529297,31374200,META
2022-06-21,164.77896178821595,166.59626917748903,154.88806126492062,155.9605712890625,50724900,META
2022-06-22,157.28133881462222,159.67460937224337,154.36173087266783,154.76889038085938,47267800,META
2022-06-23,155.18598085338266,158.64183633158527,153.1799890713429,157.64877319335938,40499200,META
2022-06-24,160.60809926890386,169.0690015635416,160.18108938711842,168.97962951660156,68736000,META
2022-06-27,170.13157730813595,170.55858716707883,166.84452572363676,168.31427001953125,29174600,META
2022-06-28,168.72142760981015,170.11172514854024,159.49587736831415,159.5653839111328,27744500,META
2022-06-29,162.4353516237137,165.17620054541592,159.20789628875934,162.8027801513672,28595200,META
2022-06-30,161.02519001781133,164.08382645795453,157.3905902626989,160.13143920898438,35250600,META
2022-07-01,159.19797839234286,159.50582559704793,153.92481458802413,158.919921875,31423900,META
2022-07-05,157.0429977445288,167.0828662735314,155.9307719234765,167.02328491210938,28618600,META
2022-07-06,167.03319943566092,170.39968251777512,164.31221641798015,168.59231567382812,23085900,META
2022-07-07,168.27454597600874,171.52186668535077,166.61613235121607,170.99554443359375,24083400,META
2022-07-08,168.80084480232412,171.2040554483158,166.98353769068626,169.69461059570312,19249200,META
2022-07-11,165.91105887075022,166.328143553091,160.7868496540944,161.7501220703125,21885600,META
2022-07-12,163.6568214250222,164.7591222035781,160.975553765896,162.13743591308594,16639700,META
2022-07-13,159.04897901871416,163.83553495874915,158.50279131991883,162.3558807373047,16555100,META
2022-07-14,160.10162123508712,161.46211272302358,156.188950513321,156.95361328125,23765200,META
2022-07-15,159.42634884359796,163.8355515824348,158.71135732791987,163.5574951171875,23342800,META
2022-07-18,165.5932954350005,170.4990302699595,164.49099463138444,166.06996154785156,23574300,META
2022-07-19,169.18814838704586,175.26570460760436,168.3341135508235,174.5606231689453,25933700,META
2022-07-20,176.2587716124654,182.32638764041948,175.47424329322635,181.81991577148438,24784300,META
2022-07-21,179.3770096978159,182.5746743968108,177.6292087773565,181.89938354492188,27195800,META
2022-07-22,171.86946867972907,174.38191755912118,167.24179017069687,168.0958251953125,42583900,META
2022-07-25,167.827677310981,169.38679377598018,163.66674016501324,165.4939727783203,26166300,META
2022-07-26,164.78889708215877,164.84847844507803,156.85431727302677,158.04598999023438,28468400,META
2022-07-27,161.46212428769684,169.68468546683903,160.8960862055005,168.4036407470703,43846600,META
2022-07-28,159.94275564720272,160.38963105404298,153.77584169633522,159.60511779785156,73214300,META
2022-07-29,156.5961304718885,159.0291321576182,154.09360709228082,157.99635314941406,42065400,META
2022-08-01,156.15917010521343,164.04409342402658,154.15317843083196,158.82057189941406,40596700,META
2022-08-02,157.21184780202478,161.11459443078232,156.9139257829455,159.0788116455078,27374500,META
2022-08-03,161.56144252689967,168.3639158538557,160.44921667380174,167.62905883789062,31721900,META
2022-08-04,167.1325373671115,170.95582154448263,165.64294258692857,169.3867950439453,23938200,META
2022-08-05,165.83162767132987,170.41957476345786,164.6498800499171,165.95079040527344,25832700,META
2022-08-08,166.83462322756057,176.27864912306143,165.9706630633594,169.0690155029297,27299100,META
2022-08-09,167.77801610097995,168.35399454612372,165.44432679109218,167.36093139648438,18655100,META
2022-08-10,174.7691854949126,179.2280292454022,172.74332822648657,177.10287475585938,30262100,META
2022-08-11,178.46339053169922,181.82987410175613,175.14654799822966,176.2587890625,24079100,META
2022-08-12,179.55571086178443,180.2012108757091,177.66889730433306,179.24786376953125,21274000,META
2022-08-15,177.71858826208515,180.18138063501422,176.96385056905282,179.63519287109375,15878700,META
2022-08-16,178.19526119642512,179.73451217115374,175.8119004492171,178.2250518798828,21156700,META
2022-08-17,175.5338239205312,176.90425581483473,172.96179418949083,173.6370849609375,20118100,META
2022-08-18,173.13060732813116,174.54075503123113,170.66781522362834,173.44839477539062,18844500,META
2022-08-19,169.01934308908173,171.12464724604104,165.89120026496457,166.79489135742188,26240800,META
2022-08-22,164.34202175823924,164.34202175823924,161.13441695931127,161.9189453125,19499700,META
2022-08-23,161.3528927591669,163.90507227097777,159.58524160395055,159.99240112304688,18111800,META
2022-08-24,159.48593566456427,164.31222280787034,158.66169149521016,162.12747192382812,20891500,META
2022-08-25,164.0341436741475,167.7084889997073,162.88220207802408,167.6091766357422,15550500,META
2022-08-26,167.3112491377752,169.73432526979917,160.54849256698262,160.65773010253906,24023600,META
2022-08-29,159.54554185725544,161.91896236620752,157.90697843918662,158.0658721923828,20052700,META
2022-08-30,159.23768284651592,160.53859315412387,154.82848001713788,156.06980895996094,19567900,META
2022-08-31,165.91107021908033,166.67571794587022,161.0152609370121,161.79977416992188,40953000,META
2022-09-01,162.4452699687775,166.19904741902297,159.2376802751425,164.21292114257812,30145700,META
2022-09-02,166.2884313798448,166.76509747752274,158.11552540948338,159.20790100097656,22634200,META
2022-09-06,158.9894072176834,160.56837389852208,156.59612152734138,157.44021606445312,19339800,META
2022-09-07,156.66564374082208,159.8434580781021,155.7222367388541,159.27740478515625,16831200,META
2022-09-08,157.6090240383593,161.10459463631645,156.64575178554756,160.93577575683594,22530800,META
2022-09-09,162.11755708898195,168.36391755240584,161.88915681033242,167.97662353515625,22086800,META
2022-09-12,166.2288473797376,170.20110015435628,166.11960982231793,167.7879638671875,23220400,META
2022-09-13,160.41939772079658,160.50878491113568,151.61093335516279,152.0677490234375,44444100,META
2022-09-14,152.2663791257827,152.47491390782315,148.0160699299061,150.41928100585938,43064200,META
2022-09-15,148.76088484267365,153.13035728599013,147.66850915537285,148.5126190185547,34606300,META
2022-09-16,147.0229775485444,147.54929971688694,143.28905103750927,145.27517700195312,40122800,META
2022-09-19,144.23249552916624,147.54932277133344,144.09346729604968,146.9932098388672,22169500,META
2022-09-20,144.76873672743025,147.80750737262215,144.2126238188906,145.0765838623047,23217400,META
2022-09-21,145.37450849074926,148.56224775043975,141.01496203125282,141.13412475585938,38338600,META
2022-09-22,140.56810536276214,143.5770857829286,139.89281447662037,141.8292999267578,34418500,META
2022-09-23,140.43896225758382,141.63063478131042,137.92651417613962,139.43597412109375,31710700,META
2022-09-26,139.14798220822237,141.25328606461287,135.24525190573627,135.4239959716797,30497000,META
2022-09-27,136.96328408935977,138.4528789911983,133.18964064078025,133.4676971435547,30826500,META
2022-09-28,133.68616806769387,141.0447702879112,133.33860502663492,140.627685546875,32658500,META
2022-09-29,138.39327831830832,138.86994437759347,134.26213206332815,135.4637451171875,38985400,META
2022-09-30,135.1062437159562,140.0119780697595,134.56005595639368,134.73880004882812,33166400,META
2022-10-03,136.18867923947806,138.65147159879163,135.15590023490822,137.6484832763672,27723100,META
2022-10-04,139.51543467540031,141.40224842715523,138.3734030652836,139.306884765625,34670700,META
2022-10-05,137.28102751508652,139.2373627367129,133.84502304449734,138.01588439941406,27979300,META
2022-10-06,136.76467468711368,140.46879643950675,135.6524486742208,138.10531616210938,36231100,META
2022-10-07,135.81132903212566,137.33071464180736,131.52130353212522,132.5242919921875,33214800,META
2022-10-10,132.62358250842252,135.1658216673534,130.9552285897862,132.86190795898438,24024000,META
2022-10-11,130.7069435735247,131.73973755042812,126.10906473901129,127.64830780029297,38481400,META
2022-10-12,127.42986620800094,128.77049232167374,125.37421828625249,126.61554718017578,34605200,META
2022-10-13,122.67308358829318,130.2302943889548,121.68002048782748,129.3861846923828,34325700,META
2022-10-14,130.09126154468032,130.87577469891576,125.64233567881853,125.88067626953125,23559400,META
2022-10-17,129.39613707206735,133.85498111053334,129.27695918491287,133.1101837158203,29612200,META
2022-10-18,136.13901825885176,136.88381559214864,130.4884867324357,131.8787841796875,25445000,META
2022-10-19,131.96814833194603,136.04963808047793,131.3027979056716,132.3057861328125,30691000,META
2022-10-20,132.00788188487778,135.82125603082707,130.39912437440867,130.6175994873047,26356300,META
2022-10-21,125.43382311407888,129.21739186609335,124.5698628912249,129.108154296875,46348600,META
2022-10-24,126.36729258833617,132.55407210052488,123.70588290109863,128.82015991210938,63563400,META
2022-10-25,129.9721082704897,137.39029111902516,129.6841114749998,136.5561065673828,38433200,META
2022-10-26,130.76656248235753,134.60972759312372,127.6384192822142,128.9194793701172,82791500,META
2022-10-27,97.30032829256321,101.78897028259763,95.71142123185368,97.26060485839844,232316600,META
2022-10-28,98.88922490447071,100.15041170257088,96.83358459909144,98.51185607910156,95928300,META
2022-10-31,97.53866840882115,98.63103641008414,91.9576505148814,92.5137710571289,121361400,META
2022-11-01,93.6756365783882,96.81371178461906,92.90104863433342,94.53959655761719,110189600,META
2022-11-02,93.55648159280648,94.53961202289622,89.85236016179088,89.91194152832031,71821100,META
2022-11-03,89.45512541093512,89.8324866594847,87.79671186073098,88.29324340820312,60664000,META
2022-11-04,89.72325182690423,90.75603838606281,87.47892704303133,90.16020202636719,55638100,META
2022-11-07,94.12252726626211,96.20795843512963,92.45418081587393,96.049072265625,81987300,META
2022-11-08,95.25461637027523,97.12157995769246,94.1324577284015,95.8008041381836,52088300,META
2022-11-09,101.01438670274665,104.17232788134447,100.04118146405922,100.76612091064453,107677300,META
2022-11-10,106.37692154748625,111.96786404919858,103.88433105566673,111.0939712524414,80671000,META
2022-11-11,108.47228980898205,114.10295597850015,108.05519753324442,112.23599243164062,59961700,META
2022-11-14,110.22007605616892,115.46344823592956,110.03139921110841,113.42767333984375,53395000,META
2022-11-15,115.2648340397726,117.91631070591497,113.61635322887716,116.26782989501953,50670500,META
2022-11-16,113.70571334701994,115.2747547032616,111.87848106618362,112.44452667236328,33287800,META
2022-11-17,109.64410848040296,111.55078795269303,109.03833933923725,110.67688751220703,35093800,META
2022-11-18,113.01058071429979,113.52697017850475,109.85263983976293,111.27272033691406,33357700,META
2022-11-21,110.74640424380128,111.59051402126954,108.43257275608475,109.0979232788086,24351100,META
2022-11-22,109.09792757013905,110.84572098462105,107.5686092795262,110.6669692993164,29029000,META
2022-11-23,110.94501340234123,111.88842033935603,109.96188303119828,111.4614028930664,21343100,META
2022-11-25,110.52793133194992,111.94801193573602,110.24986728645337,110.63716888427734,12007600,META
2022-11-28,110.01153991004735,111.26280166148337,107.62818671851666,108.0254135131836,23309400,META
2022-11-29,108.7801228233612,110.17041255008341,107.7870598151981,108.70067596435547,23899200,META
2022-11-30,108.75035251734901,117.34035066240172,108.6212494531627,117.28076171875,43348600,META
2022-12-01,118.37312655154591,120.35925288681662,117.57868056332005,119.60453033447266,36551400,META
2022-12-02,117.01262853139106,123.17954955964963,116.7941534340937,122.63336181640625,39950500,META
2022-12-05,120.90543576443036,123.80517827816894,120.50820899816485,121.58071899414062,35474900,META
2022-12-06,119.07821369134132,119.71377354252466,112.95100789955556,113.32837677001953,43689200,META
2022-12-07,112.97087528294583,115.07616448377969,112.09697479070125,113.13969421386719,29461100,META
2022-12-08,115.58262041467984,116.52602738469093,113.79510369874546,114.52997589111328,30619400,META
2022-12-09,114.50017957964646,116.72463882397538,113.0800990297086,115.09601593017578,26033400,META
2022-12-12,114.38100936781183,114.91726435664589,112.3551597132621,113.91426849365234,24747100,META
2022-12-13,121.28279669381777,122.44468630785089,117.81700850997686,119.31653594970703,44701100,META
2022-12-14,118.56180050957236,123.27885013935314,118.56180050957236,120.74653625488281,36922000,META
2022-12-15,117.5091619839413,117.80707637704052,113.21912956566705,115.34428405761719,34531000,META
2022-12-16,119.39598553083218,122.45461426632954,117.9957628564649,118.60153198242188,67064000,META
2022-12-19,116.01956408518664,116.98283650686149,113.53690632889901,113.68586730957031,29769900,META
2022-12-20,112.47431503019878,116.51608104833694,111.67986161706622,116.27774047851562,28742500,META
2022-12-21,115.89047403781295,119.50522353048689,114.81797152486092,118.92925262451172,20392800,META
2022-12-22,116.3869954443798,117.79715084272303,113.58655772952558,116.30755615234375,23618100,META
2022-12-23,115.22512457679196,117.36021202198714,114.7385257188311,117.22118377685547,17796600,META
2022-12-27,117.11194086388592,117.77729137467526,115.2449848171056,116.06922149658203,21392300,META
2022-12-28,115.44358202440257,117.33040337493412,114.7087174731427,114.81795501708984,19612500,META
2022-12-29,115.5925567337181,120.19043657200733,114.96692207560486,119.42578125,22366200,META
2022-12-30,117.34034057268906,119.58465774352183,116.92324830887503,119.50521087646484,19583800,META
2023-01-03,121.9680154005033,125.49339260262421,121.4317603919951,123.87469482421875,35528500,META
2023-01-04,126.49637537128699,128.1547965119214,124.97699003546767,126.4864501953125,32397100,META
2023-01-05,125.25505429699473,127.62848223213497,123.67608750105978,126.05944061279297,25447100,META
2023-01-06,128.0753531918348,129.42591965584387,125.16567791552465,129.11807250976562,27584500,META
2023-01-09,130.25014780497702,132.027723922536,128.38318450043766,128.57186889648438,26649100,META
2023-01-10,126.38714433308007,132.51434975414818,126.26798160348737,132.06747436523438,28684400,META
2023-01-11,130.05155039539636,132.9215021516353,129.4358409686768,131.96815490722656,25423000,META
2023-01-12,132.51436705069085,136.72494567726147,130.84601285392384,135.76168823242188,30757700,META
2023-01-13,134.03373369283793,136.43694468179817,133.90463063523947,136.02978515625,22423800,META
2023-01-17,135.23533971354632,135.80139301267857,133.31873500513416,134.42103576660156,21147600,META
2023-01-18,134.86793009685735,136.29794373427822,131.8788148915152,132.0972900390625,20215500,META
2023-01-19,131.57095128372185,136.49653636219355,131.22337309604464,135.20555114746094,28625200,META
2023-01-20,134.9473578036574,138.96926679906724,133.67623811836893,138.40321350097656,28688600,META
2023-01-23,138.3237663794459,142.76276009307352,137.69814686781393,142.2761688232422,27470100,META
2023-01-24,140.7071256161139,143.99416234588372,140.37941294552542,142.14706420898438,21970200,META
2023-01-25,140.2403761535725,142.17684622265583,139.33668507035335,140.5184326171875,26622000,META
2023-01-26,143.39832110735034,146.48674828891208,142.30596067082345,146.27821350097656,25482100,META
2023-01-27,147.21170231500102,152.12736239461694,146.36759248742518,150.6874237060547,35771900,META
2023-01-30,148.3735447829344,150.07167400801796,145.93060316336428,146.0398406982422,28040100,META
2023-01-31,146.92367120527942,148.84029071897626,146.49666137884958,147.9365997314453,29842100,META
2023-02-01,147.00314280993058,152.51464654526134,146.03987030335287,152.05783081054688,55661000,META
2023-02-02,182.10793083625816,195.79234024734723,178.91026618373948,187.46054077148438,150475700,META
2023-02-03,182.19728289326244,195.4050247713877,181.62130449358847,185.23605346679688,76809700,META
2023-02-06,185.23607379267708,189.37714543580742,184.2330854357221,184.7693328857422,42483800,META
2023-02-07,184.29264668049973,192.4357608385614,183.12082437626285,190.29074096679688,47080700,META
2023-02-08,188.68199427880654,189.50623849321948,181.65110551574864,182.15756225585938,36139100,META
2023-02-09,184.83884601456782,185.35522793422592,176.0403060395819,176.685791015625,37118800,META
2023-02-10,175.12670679631503,177.64908073501556,172.14751710419472,172.94195556640625,33433600,META
2023-02-13,176.98372003856966,179.74443444936884,174.60037448273806,178.18531799316406,31463200,META
2023-02-14,175.93105640050777,180.25087164562885,174.65993688832626,178.23495483398438,24034600,META
2023-02-15,175.1961886488145,176.9539145622357,174.11375351662087,175.93106079101562,25308900,META
2023-02-16,171.55165207094436,174.63015376986252,170.59830481905945,171.24380493164062,25827500,META
2023-02-17,169.03918907715567,171.97864714115232,168.52279206209818,171.6807403564453,24171300,META
2023-02-21,173.10081786312165,176.93404184317134,170.68768192444588,170.88629150390625,34592600,META
2023-02-22,169.88331184819478,171.5615757592957,168.51287992078773,169.93295288085938,22433200,META
2023-02-23,170.80684176314054,172.48512071423704,168.20502146429376,170.8465576171875,20017800,META
2023-02-24,167.4701777271182,169.53575100498932,166.49698003228437,169.20803833007812,19791300,META
2023-02-27,170.68770143860985,171.91909006380854,167.88725604335212,168.36392211914062,19277000,META
2023-02-28,170.70756546079775,176.31838187716573,170.6777747757344,173.7264862060547,46051100,META
2023-03-01,173.37887720914978,176.61627250504657,171.8495667534545,172.2169952392578,30998400,META
2023-03-02,171.18421069860065,173.7959561747655,170.24078869368054,173.3192901611328,17352000,META
2023-03-03,177.678873671905,185.3254576146844,175.82185025588583,183.9649658203125,45877700,META
2023-03-06,186.6958414062976,188.34432960010102,183.3591491665356,183.61734008789062,33209400,META
2023-03-07,187.68893091467473,189.0394973728768,182.73354045821804,183.23007202148438,36701500,META
2023-03-08,181.60143591417528,183.9748560081389,180.08205065313675,183.68687438964844,19432400,META
2023-03-09,185.05731952586282,187.6194090554493,179.04928458509838,180.4296417236328,26582800,META
2023-03-10,179.75433454300546,183.4882612531662,177.5596737209021,178.26473999023438,25665000,META
2023-03-13,176.725503249375,182.50512219670497,173.60728594546936,179.6450958251953,24728000,META
2023-03-14,186.2787741315394,192.97202473741814,185.26584554838433,192.67410278320312,41642600,META
2023-03-15,191.61152878670697,196.4080255450834,189.51616496662461,196.37823486328125,42123600,META
2023-03-16,196.88467873646928,204.33265175894712,194.7297336936518,203.50840759277344,50447100,META
2023-03-17,199.16874180941005,200.49944278615354,194.07432302987556,194.25308227539062,50141100,META
2023-03-20,197.10318624110985,197.97708673508296,192.2967638301425,196.43783569335938,25186300,META
2023-03-21,201.7904236343113,202.13800178866043,196.5768422367192,200.7576446533203,31827000,META
2023-03-22,201.09529255545812,205.93150535957898,198.28492195719429,198.4239501953125,28477800,META
2023-03-23,201.432932150443,206.43797907213462,200.7477161305615,202.86294555664062,27389700,META
2023-03-24,203.75670358752612,206.1400644000549,202.13802084784157,204.58094787597656,27716400,META
2023-03-27,203.38925794851974,204.4319772692873,199.9631931685185,201.43292236328125,18527200,META
2023-03-28,198.76158058225792,199.63548099076047,196.52718852656108,199.28790283203125,19127300,META
2023-03-29,202.14793034442258,204.29295036342754,201.13500169884674,203.92552185058594,18851100,META
2023-03-30,201.9691860222498,206.6465049204473,201.4130730889809,206.3982391357422,22608300,META
2023-03-31,205.8023942409932,210.69818785889007,205.33565339003295,210.46978759765625,25440300,META
2023-04-03,207.3913118002008,212.00906469957744,206.7557519682816,211.59197998046875,17924600,META
2023-04-04,211.90973875725146,214.73997471291952,211.06562904333202,213.2305145263672,21026400,META
2023-04-05,212.66446195233036,213.69725608698042,208.48367468576205,210.0129852294922,19396600,META
2023-04-06,207.79846352965933,215.43512155529157,207.2026195802258,214.6009521484375,26104400,META
2023-04-10,213.22058382610507,214.16399073590577,209.19867526017546,213.2602996826172,16106100,META
2023-04-11,213.98524452930243,214.52150711898213,211.92961167670683,212.36656188964844,16710100,META
2023-04-12,213.34970293250194,215.33582941331753,211.10538546423967,212.51553344726562,18972200,META
2023-04-13,214.23349515104934,219.61589525507537,214.1937792949306,218.8214569091797,23310400,META
2023-04-14,216.36859383639296,220.56924652131391,216.04088119388985,219.95355224609375,21591200,META
2023-04-17,218.26530766369106,219.4470550449558,215.62377162944256,217.34176635742188,15481900,META
2023-04-18,218.38450114536104,218.91082335488744,214.71017085421727,216.37850952148438,12281000,META
2023-04-19,211.98919349384875,215.82241788882212,211.45293090302494,214.20372009277344,15898100,META
2023-04-20,211.99912436985045,215.24644522576878,211.29405799455063,211.59197998046875,16475400,META
2023-04-21,208.75180610707153,211.92960507547147,208.12617148957972,211.4132080078125,17717200,META
2023-04-24,212.19769877241578,212.43603935219775,209.24831554466178,211.31387329101562,15750900,META
2023-04-25,209.35758075618784,209.79451581413423,205.69317530472057,206.11026000976562,19198200,META
2023-04-26,211.0259200488981,212.6247523316215,207.43103628335922,207.94741821289062,41992700,META
2023-04-27,238.22592722369822,240.0134439901391,235.12757493049514,236.9051513671875,71196500,META
2023-04-28,237.35201341308866,238.762161240327,234.11463306207162,238.65293884277344,39554000,META
2023-05-01,236.9647072896465,242.30739150873902,234.81970255318063,241.49307250976562,29143900,META
2023-05-02,241.4930850874803,243.2210203916547,237.3321632942295,237.58042907714844,24350100,META
2023-05-03,237.80884937482688,240.07303229342506,231.13546335592423,235.38577270507812,34463900,META
2023-05-04,234.42250517894993,236.54765989889898,231.31421239982657,231.90013122558594,17889400,META
2023-05-05,230.62900521973373,233.0520667223415,228.25558475524525,231.16525268554688,27000500,META
2023-05-08,229.81466736120282,233.98552946998953,228.67265082469316,231.65184020996094,16400500,META
2023-05-09,229.85439015911044,234.24372721155098,229.47702133485248,231.75112915039062,16865600,META
2023-05-10,234.53171137808388,235.10768979657198,229.11952049360835,231.46315002441406,19119000,META
2023-05-11,231.43335944398112,236.55756869790676,230.68856211589681,234.1543426513672,20449000,META
2023-05-12,235.0977780320759,235.31625313958426,229.84446542827206,232.18809509277344,16161400,META
2023-05-15,235.27651903465465,238.59334630985595,233.69755226718914,237.20306396484375,20653200,META
2023-05-16,234.1543802254811,237.97767985100444,233.88626405446402,237.1633758544922,18163800,META
2023-05-17,236.79590818162305,242.14851802395924,236.48806102557035,240.80789184570312,21193100,META
2023-05-18,239.6261459129336,245.37597499901185,239.51690835813355,245.1376495361328,22943300,META
2023-05-19,245.7533271934296,246.96486539074206,241.72149342165952,243.93601989746094,21733600,META
2023-05-22,243.70762529469803,251.8110240364493,243.4196285026219,246.59744262695312,27738500,META
2023-05-23,245.09791840756068,249.8646246511215,244.93902466375565,245.02841186523438,17748100,META
2023-05-24,243.57853135653195,247.85863116367986,243.2508186944588,247.4812774658203,17724300,META
2023-05-25,251.64220015112937,253.8468015914283,247.44154720264257,250.9371337890625,22371400,META
2023-05-26,251.1754685062599,260.49040619358874,250.95700854244143,260.2222900390625,25727200,META
2023-05-30,263.4099867418485,266.7863952138384,259.4774653594547,260.69891357421875,23816500,META
2023-05-31,258.19640791321996,263.16172345001263,256.6571722191666,262.8836669921875,25473700,META
2023-06-01,264.0555175636678,272.0993361158613,264.04560753896527,270.7189636230469,25609500,META
2023-06-02,270.7686349701032,273.4399775922079,269.23930904789154,270.7189636230469,19416900,META
2023-06-05,268.4249199021339,273.6583813688135,267.690062971461,269.50738525390625,20742900,META
2023-06-06,268.26607538837465,274.6514637291308,267.81918487933905,269.2392578125,19419000,META
2023-06-07,269.785480795916,272.3475704025808,260.97698514947285,261.7714538574219,26163600,META
2023-06-08,258.8121074074924,265.79333998070234,257.0841872637423,262.74462890625,20899400,META
2023-06-09,260.6591936633488,266.0912496213176,259.88460571622886,263.112060546875,16949800,META
2023-06-12,265.31667943229814,269.8648950557806,263.48941667516516,269.16973876953125,15442500,META
2023-06-13,272.9731681422744,273.80733744345605,267.22332476333537,269.4378662109375,16164000,META
2023-06-14,270.0039327894118,273.0824040633074,266.4586903542586,271.45379638671875,19175100,META
2023-06-15,270.41110852132726,282.0200202382132,269.53723832580494,279.875,25973500,META
2023-06-16,282.77473761942036,285.85323950718237,278.18679062357944,279.0507507324219,43127700,META
2023-06-20,276.79650603592376,282.8243763963911,274.30390780158746,282.3576354980469,20701600,META
2023-06-21,281.56321406215625,282.0299549886334,276.42906387090784,279.68634033203125,20556200,META
2023-06-22,277.14408447077557,283.2812385210114,275.8630546708009,282.90386962890625,17563100,META
2023-06-23,279.5571952211371,287.66059352897247,277.01495618015497,286.72711181640625,51092000,META
2023-06-26,286.69734660419147,287.7797818126023,275.674339459716,276.5382995605469,24232700,META
2023-06-27,280.05370022953184,287.34277885410216,278.7031188198852,285.0587158203125,26108300,META
2023-06-28,282.84423326201266,287.54140222706,282.08949562455047,283.31097412109375,16722100,META
2023-06-29,282.5264555414938,284.5821034580367,278.7428875068673,279.5770568847656,15395700,META
2023-06-30,282.7846868116461,287.04490612365464,282.44704896001576,284.9892883300781,19694900,META
2023-07-03,284.71119459265833,287.392446700968,282.8740218500381,284.035888671875,8629300,META
2023-07-05,285.65464698058673,296.0520207544327,284.3735868612731,292.3280334472656,33865500,META
2023-07-06,293.83750962621986,296.0520213535965,289.2892628145652,289.96453857421875,47600500,META
2023-07-07,290.15319664583785,294.14533008005697,286.6576251143249,288.5146484375,25586000,META
2023-07-10,293.4998295255578,296.0619496653583,285.05879195490223,292.0599060058594,37058300,META
2023-07-11,291.86123320884525,298.0976681402498,289.8751070484504,296.2207946777344,27585900,META
2023-07-12,299.6568666573998,307.30346659503925,298.0183181867309,307.1942138671875,36677100,META
2023-07-13,311.4444661763027,314.0462868298362,308.1375791585091,311.2359313964844,30281000,META
2023-07-14,309.6271747881225,312.69573635195104,305.227881905047,306.7274169921875,23054100,META
2023-07-17,305.40661961180007,309.5476755688944,302.5962342022979,308.4652404785156,25323100,META
2023-07-18,308.72347853869013,312.02045548737846,305.4860829548435,309.8853454589844,20731900,META
2023-07-19,310.85856245874305,316.4693633002309,308.3659642076415,313.8179016113281,21763700,META
2023-07-20,311.32529185234506,313.35114912707894,300.12354093668733,300.42144775390625,23836900,META
2023-07-21,302.45725946043933,303.34106992998585,289.1800096167301,292.2187805175781,42139300,META
2023-07-24,293.7281833596271,295.45610334311397,286.3000609456987,289.58709716796875,24915700,META
2023-07-25,293.1423138094745,296.23072566058914,289.83539654714053,292.42730712890625,19585600,META
2023-07-26,299.1007222292205,299.67668557873986,289.8751561653458,296.4989013671875,47256900,META
2023-07-27,322.86471098100867,323.09312643296056,307.6907061097006,309.5477294921875,64229200,META
2023-07-28,314.68184950652267,323.93720515221605,312.0700886254892,323.2221984863281,39220300,META
2023-07-31,321.4445798465396,323.40091525977414,315.3868892035892,316.389892578125,25799600,META
2023-08-01,315.33725541627547,321.8914777328591,312.47722892861134,320.47137451171875,22817900,META
2023-08-02,315.794074554509,316.1813837210688,308.49505450598787,312.1296691894531,20461100,META
2023-08-03,307.7800906285831,313.7583508831569,307.7800906285831,311.0174865722656,15180200,META
2023-08-04,312.7751616601819,316.2012416546554,308.0482016678067,308.57452392578125,17612800,META
2023-08-07,311.05715748858296,314.87051605492724,308.3063533786406,314.3640441894531,16236500,META
2023-08-08,312.2190842136099,315.68489561378465,307.95883432440326,310.4713134765625,15183500,META
2023-08-09,310.70958057750164,311.4543778857234,300.749159121118,303.0927734375,19955800,META
2023-08-10,305.8038611045428,310.1733327929032,301.7620869128098,303.6191101074219,14358900,META
2023-08-11,300.4711183412435,302.60619800831466,298.2764270049962,299.5475769042969,14046300,META
2023-08-14,298.8921889735428,304.0858903940154,296.1811153811423,304.0660400390625,15641900,META
2023-08-15,304.0164063070088,305.0988416427288,297.9487739226958,299.85546875,11623600,META
2023-08-16,298.1175725827558,298.99144270611146,292.2386253443514,292.2485656738281,18547700,META
2023-08-17,291.0171397972553,293.9963292043832,282.9733526427155,283.11236572265625,23950100,META
2023-08-18,277.09439819859506,283.7082021437842,272.47666080114544,281.2851257324219,35347900,META
2023-08-21,281.4837981295972,288.48488211361445,279.8948908244207,287.8890380859375,20181500,META
2023-08-22,290.5205630066512,290.8681411112214,284.7608098384595,285.60491943359375,12980200,META
2023-08-23,286.49874036161424,295.33699700136754,285.6745112195998,292.19891357421875,18287000,META
2023-08-24,296.4293565159792,297.3826886744035,284.65164185583643,284.7608642578125,18360900,META
2023-08-25,284.145165887689,286.3894983198096,274.1152219434127,283.51953125,23701400,META
2023-08-28,286.0021280085457,289.4282072893318,283.81737740835223,288.2464599609375,14239300,META
2023-08-29,286.57818363862026,297.07486962159976,286.1809643938535,295.92291259765625,20844500,META
2023-08-30,295.1085653050081,296.22079109242657,291.3944888220246,293.05291748046875,17717000,META
2023-08-31,293.7480610282445,299.0113137881702,293.6090479494358,293.83746337890625,17229900,META
2023-09-01,297.2933153323232,299.646870188194,292.42731187722154,294.3240661621094,12842300,META
2023-09-05,294.9596090695169,299.2993205385484,293.4601043049184,298.0679016113281,14956000,META
2023-09-06,299.6170852336197,301.19605206197497,293.60906508325564,297.0947265625,15418100,META
2023-09-07,295.93280942459444,304.92001852805595,290.1929058097352,296.5981750488281,33748700,META
2023-09-08,297.1443691073636,303.1325389345228,294.721292497798,295.8236083984375,17548000,META
2023-09-11,299.3191810869582,306.8962581098335,299.19007802273353,305.426513671875,19489300,META
2023-09-12,304.2050319475846,306.5188861385687,298.14737076735327,299.56744384765625,13480400,META
2023-09-13,300.26256497984866,305.04913672382065,299.22980110519165,302.94384765625,13210900,META
2023-09-14,304.61218228599614,310.6996642714737,302.9140527776012,309.5576477050781,19343100,META
2023-09-15,309.44837699255953,309.83568614706604,296.677600116782,298.2267761230469,28131100,META
2023-09-18,296.121522359294,301.49399798650074,295.7342131588105,300.4512634277344,14234200,META
2023-09-19,300.3817360880637,304.0461413355526,297.7302442880401,302.9537658691406,15924400,META
2023-09-20,302.93390184979273,305.92303162981295,297.3528917945429,297.59124755859375,19379500,META
2023-09-21,293.64876766916143,298.1771329325282,291.2356013293581,293.6785583496094,21319600,META
2023-09-22,297.22375462122136,303.2615948527905,296.2009009061398,297.0052795410156,25369600,META
2023-09-25,293.58919436823385,298.86235709344436,291.6626494973639,298.7431640625,18987000,META
2023-09-26,295.5951993800877,298.21687050123535,293.95665114113496,296.88616943359375,19417200,META
2023-09-27,298.36587541602273,299.2099549616269,284.800627337341,295.6746520996094,36429800,META
2023-09-28,296.8662747588232,304.2049950422856,294.6418231934781,301.8514404296875,22167100,META
2023-09-29,305.2477791028233,308.48517491583306,297.2833926385552,298.12750244140625,25373700,META
2023-10-02,300.63993566847256,305.0491385865239,299.53765009190124,304.691650390625,16265600,META
2023-10-03,302.14942466981034,304.64199274116066,297.5614774475946,298.8524475097656,17362300,META
2023-10-04,296.65777700392675,304.77108627702137,296.42936156061296,303.4602355957031,16880500,META
2023-10-05,302.51682647716126,304.0858528897177,297.42240776565654,302.67572021484375,19130000,META
2023-10-06,299.3489394320778,314.11578268990155,298.82261720809345,313.24188232421875,21803900,META
2023-10-09,310.33221514145873,318.10788578945574,309.6569395147222,316.15155029296875,22503700,META
2023-10-10,316.9062587930117,322.40783628271987,315.95292680141915,319.6073913574219,19038000,META
2023-10-11,320.7693282869798,326.55887294556385,320.70974692421356,325.54595947265625,22036300,META
2023-10-12,325.7246743221075,328.24706290768694,320.45151204947297,321.91131591796875,20530500,META
2023-10-13,321.28572429519977,322.7951693946369,310.20313574623543,312.5070495605469,21341000,META
2023-10-16,316.42967318231075,319.5876068907617,313.3312905356159,318.9222412109375,16536100,META
2023-10-17,315.9728369140066,322.1496911366315,315.0989364623092,321.7524719238281,16387800,META
2023-10-18,319.16053097814495,323.67895548967334,313.370956737509,314.77117919921875,16851000,META
2023-10-19,317.6610705027588,319.6571372906887,309.58746160303093,310.6401062011719,18709200,META
2023-10-20,311.9609101272688,313.11283685107736,304.3441015131794,306.50897216796875,22312300,META
2023-10-23,307.35300219253065,315.15846291948395,305.12855074368696,311.83172607421875,17796800,META
2023-10-24,314.58253436849895,316.14165074242743,308.47520223338284,310.3818664550781,19525500,META
2023-10-25,307.84958205293754,308.723482489642,296.76699346232584,297.45220947265625,42192500,META
2023-10-26,292.95356332802146,292.95356332802146,277.46177561289,286.3497009277344,66684100,META
2023-10-27,292.43720855053454,297.2336895945246,290.93767369496186,294.6716003417969,29596300,META
2023-10-30,297.0152130904281,307.2536903358122,296.9754820842397,300.5604553222656,28435100,META
2023-10-31,301.2060027173367,301.57343125965315,294.800732828458,299.1801452636719,19434200,META
2023-11-01,299.7561059558693,310.57054746980504,299.7561059558693,309.6867370605469,20434600,META
2023-11-02,315.0989513185942,316.60842682665236,306.1911729173726,308.71356201171875,21631800,META
2023-11-03,310.38186599494384,313.36105535457233,308.86248063376854,312.41766357421875,16764300,META
2023-11-06,313.78808835480413,316.1217623884559,312.2687030283649,313.60931396484375,12887700,META
2023-11-07,314.86059760841897,318.77326881523226,312.93405268705885,316.6083984375,14055600,META
2023-11-08,315.9331292322415,319.1009728408857,312.69573362289094,317.5617370605469,13609700,META
2023-11-09,317.20427998825784,321.93124050000847,316.5885553098335,318.326416015625,16103100,META
2023-11-10,317.72058569758434,326.817046616223,317.2439045368865,326.48931884765625,19096200,META
2023-11-13,323.93721447654235,330.02466618217363,323.44068289721343,326.9064636230469,16908900,META
2023-11-14,332.2193399936058,335.75464222677965,331.0177118150149,333.97705078125,17179400,META
2023-11-15,335.58582953023244,336.05257043204165,327.73069622431444,330.40203857421875,14531200,META
2023-11-16,327.08525379937936,332.25910509925416,324.11600423455405,331.871826171875,18932600,META
2023-11-17,327.96904077299916,333.17268190426256,327.06534968314025,332.71588134765625,14494400,META
2023-11-20,332.5669165974887,339.4984776499727,331.87176030410876,337.6116638183594,16960500,META
2023-11-21,335.983036522229,337.5421529147705,333.56990038195556,334.6424255371094,12027900,META
2023-11-22,336.85694150534493,340.5412275998249,336.2313068739848,339.1211242675781,10702700,META
2023-11-24,337.77057245981536,339.4885523054197,334.4338645325488,335.8837585449219,5467500,META
2023-11-27,333.8479182170177,337.5421138573104,331.8816728365556,332.3782043457031,15684500,META
2023-11-28,331.0872990616779,337.02582852199123,331.0872990616779,336.6385192871094,12637200,META
2023-11-29,337.3336328595528,337.5421676409766,328.48543631997484,329.8955993652344,16024500,META
2023-11-30,329.5877553439527,331.18657252656726,320.1635651009382,324.880615234375,23146400,META
2023-12-01,323.2222283416098,324.592630130751,318.534968722478,322.5668029785156,15276400,META
2023-12-04,315.08900590564207,318.6342182124183,311.4841819302408,317.800048828125,19037100,META
2023-12-05,316.76730831301273,319.64718551244295,313.20221508572604,316.08209228515625,16952100,META
2023-12-06,319.6967975944425,320.0145850609323,314.840734778022,315.2478942871094,11294300,META
2023-12-07,315.56566907383996,325.96304155910934,315.56566907383996,324.3244934082031,15905100,META
2023-12-08,320.84874889366245,330.85884177416375,320.7593768526073,330.4417419433594,14087400,META
2023-12-11,327.11497463782547,327.60159615821783,317.7801876857331,323.0235595703125,25802500,META
2023-12-12,322.3483177648806,332.1498466082238,322.30858675160493,331.9015808105469,18485500,META
2023-12-13,331.61355953176974,336.02276219765315,330.3325299305127,332.4179382324219,16353300,META
2023-12-14,331.5341318558429,332.3782415771225,326.3602814366217,330.8588562011719,19607300,META
2023-12-15,329.6870122597024,336.31075653936995,328.9223645749602,332.5967102050781,31776900,META
2023-12-18,335.138945860617,345.1490085729094,334.682115014434,342.2294006347656,18993900,META
2023-12-19,343.1827251295134,351.147110410114,342.7259245993213,347.9295654296875,17729400,META
2023-12-20,346.23142110305116,352.49764642963856,345.37740143974463,346.8570556640625,16369900,META
2023-12-21,350.53144247490695,353.9376418145249,346.787574994267,351.63372802734375,15289600,META
2023-12-22,353.1133790344546,354.72216678296945,348.7836382780297,350.9385986328125,11772800,META
2023-12-26,352.5274850525142,354.5037013689945,350.9981895908106,352.36859130859375,9898600,META
2023-12-27,353.6000077612428,356.50967555573715,352.84527005939833,355.3477783203125,13207900,META
2023-12-28,357.2048743154604,359.38959535023514,355.3279701674536,355.8344421386719,11798800,META
2023-12-29,356.4997453113809,357.5027488323767,349.3794992017642,351.504638671875,14987100,META
2024-01-02,348.8829233892459,350.710155792769,337.651382544702,343.8878173828125,19042200,META
2024-01-03,342.5869773359991,345.53637645618534,340.799445268861,342.08050537109375,15451100,META
2024-01-04,342.1102158279959,345.7348898474361,341.01784042745646,344.7120361328125,12099900,META
2024-01-05,344.5829605689194,351.04781114531914,343.8580438907482,349.5085754394531,13920700,META
2024-01-08,352.23947587883526,356.4897845196527,349.6078345522185,356.1719970703125,13890200,META
2024-01-09,353.92767724109865,358.13828532721635,352.89488314761167,354.9505310058594,13463900,META
2024-01-10,357.67160704708056,370.35301394440967,356.5891414264433,367.900146484375,22117200,META
2024-01-11,369.54864005273805,370.1941251180018,360.4124458330657,367.105712890625,17205400,META
2024-01-12,367.5922316147304,374.44436077359,366.97653735694337,371.8921813964844,19310000,META
2024-01-16,371.05804360841296,373.00443891602794,364.6825950936139,364.9109802246094,15306900,META
2024-01-17,363.7590794517547,365.9835618810138,356.12242014984747,365.8147277832031,12724800,META
2024-01-18,368.9130159917957,374.2358501785285,368.37678371670535,373.5208435058594,16354300,META
2024-01-19,376.3709265262171,381.69373035981744,375.3480727138561,380.7900695800781,21670800,META
2024-01-22,385.25889688784116,387.64224260765957,378.5159889884605,379.1316833496094,17680500,META
2024-01-23,381.9519604782741,385.6858877821844,379.42957148217187,382.5279541015625,15506100,META
2024-01-24,387.29465076159596,393.4019834239674,385.1198399136178,387.98980712890625,15698500,META
2024-01-25,387.463476105673,392.74654921576047,382.98475144483166,390.45257568359375,15091100,META
2024-01-26,391.6144796109066,394.0375562472737,388.8736154766164,391.40594482421875,13163700,META
2024-01-29,392.2500198714916,400.1349440276031,390.37314620072715,398.2381896972656,18742400,META
2024-01-30,400.7903320803033,403.54110595161325,396.79822933650826,397.2848205566406,18614700,META
2024-01-31,386.3015482973079,395.2391162527726,384.41473445677485,387.43365478515625,20180800,META
2024-02-01,391.20730397034777,397.7217958803975,390.32346321045657,392.0414733886719,29727100,META
2024-02-02,456.4118123081212,482.5889413919977,449.86753003715205,471.6950378417969,84707600,META
2024-02-05,466.6205169046831,468.6264935538415,456.03446010862973,456.22314453125,40832400,META
2024-02-06,460.7812985876426,463.879650746446,449.8576040090562,451.565673828125,21655200,META
2024-02-07,454.8229212950101,468.2491241314177,453.0155390941815,466.33251953125,23066000,META
2024-02-08,465.07134622371103,467.32558868611034,461.8041599426537,466.73968505859375,18815100,META
2024-02-09,469.6692454531746,470.30479013249504,464.22724828942955,464.86279296875,18413100,META
2024-02-12,464.9422724650144,475.82623689558534,463.34342491807934,465.6473388671875,19382000,META
2024-02-13,453.7007370395461,464.64431187911475,451.93308592056786,456.9281921386719,20916600,META
2024-02-14,464.6839937366196,470.82111621817603,462.85676132977494,469.99688720703125,16858400,META
2024-02-15,471.9830905400491,485.23055038587006,468.94431948202117,480.6723937988281,24212300,META
2024-02-16,474.79337139427923,475.6374810676991,465.95511610372483,470.03662109375,23324600,META
2024-02-20,466.46162208862637,472.8768015252767,463.32353891098256,468.4775390625,18015500,META
2024-02-21,463.7554917524033,466.2407837767999,459.0732100730906,465.2764892578125,12921800,META
2024-02-22,477.41462669114475,487.1072651737646,473.25922588434,483.2699890136719,21625800,META
2024-02-23,485.1787425946365,491.45161782837675,479.51229444778306,481.1824035644531,18374300,META
2024-02-26,480.6256557583817,483.2799609921054,477.7725453653091,478.90582275390625,12101400,META
2024-02-27,477.1562177404633,484.40330775112943,477.09657315636196,484.1846008300781,10809600,META
2024-02-28,482.1466697460405,488.16106452209016,479.90990684515685,481.17242431640625,12715500,META
2024-02-29,485.5664305958888,488.80726119471376,479.7707124432421,487.2464904785156,17732000,META
2024-03-01,489.2147961734658,501.28338849746706,488.95634643940537,499.3448486328125,16273600,META
2024-03-04,500.040763224294,501.45242246523446,493.49948786126953,495.2590637207031,12324100,META
2024-03-05,492.0878145767347,492.6643889703307,485.0196587114357,487.3359375,15325300,META
2024-03-06,494.7023350451915,500.0109149772021,491.3819886609617,493.17138671875,11757900,META
2024-03-07,500.31911226510823,516.791604925774,498.4302963735491,509.17669677734375,18586400,META
2024-03-08,511.1649010956574,520.4897211921858,496.41221196459594,502.973388671875,18597100,META
2024-03-11,494.0859947316571,494.3941685090311,473.199591298322,480.74493408203125,20428300,META
2024-03-12,490.3580671035689,499.3548120932543,481.87825193306827,496.80987548828125,15448200,META
2024-03-13,492.4755157274268,498.0326247688167,488.1411508830756,492.6544494628906,12090700,META
2024-03-14,497.31692129542745,498.400505056674,485.28810095083196,488.9364929199219,12620000,META
2024-03-15,486.1330702959338,488.93645663935973,478.46840785801584,481.251953125,29153600,META
2024-03-18,489.0159429440021,494.4935355953168,483.9459417747558,494.0561218261719,11755300,META
2024-03-19,485.29805638132785,493.70827679065627,478.44857643509476,493.320556640625,10903100,META
2024-03-20,496.56138671462674,505.21021579562296,492.2568739282805,502.54595947265625,11711100,META
2024-03-21,511.68189014587995,512.0099050096288,503.0330616786882,504.77276611328125,9712500,META
2024-03-22,504.0171928630379,506.9697208276505,501.3728386642573,506.5820007324219,8120600,META
2024-03-25,502.81433078593295,504.2359104892771,497.2969644965207,500.06060791015625,8380600,META
2024-03-26,502.15819366550943,506.99953733459927,492.296542257246,492.9725646972656,11205400,META
2024-03-27,496.362495999964,496.94905159749567,485.1985839795798,490.9544982910156,9989700,META
2024-03-28,489.9405029909663,489.9902270320551,482.2957426384375,482.72320556640625,15212800,META
2024-04-01,484.3337109507277,494.5035062693651,478.9455846143477,488.45928955078125,9247000,META
2024-04-02,482.2460757075962,494.60294050567774,481.79871100314176,494.4438781738281,11081000,META
2024-04-03,495.99470843998273,504.25581696566337,495.815774689645,503.7587585449219,12099200,META
2024-04-04,513.381827648084,526.8819520115695,507.57618864761565,507.9142150878906,26476300,META
2024-04-05,513.8191641240741,527.5777665151929,511.38356597372723,524.237548828125,19263300,META
2024-04-08,526.1661496559301,528.363108870354,515.8372619219651,516.1951293945312,13260600,META
2024-04-09,519.1576694200891,522.7762696387927,503.7588077496046,513.8590698242188,10863800,META
2024-04-10,506.2936696505045,519.4855864783038,502.824181963693,516.7716674804688,11418500,META
2024-04-11,518.0441650826642,520.7779861454409,514.2466318161514,520.0820922851562,10369500,META
2024-04-12,514.7039558507993,517.1296031880806,506.33347932820783,508.88836669921875,11984500,META
2024-04-15,513.6800255378373,515.4794352711156,494.3544220379405,497.2870788574219,13512900,META
2024-04-16,495.1794768031054,501.8002979588637,494.18536005908226,496.8197937011719,9847900,META
2024-04-17,500.1401507465026,500.19979532538446,484.2740556651734,491.2626953125,12193700,META
2024-04-18,496.87944655072096,509.19656777647754,496.10403669099543,498.8477783203125,14808700,META
2024-04-19,499.8419152749836,499.8419152749836,472.93119653596085,478.2397766113281,25215400,META
2024-04-22,486.8388881901566,489.1154241927228,470.61489447706913,478.8959045410156,17271100,META
2024-04-23,488.35989326844737,495.8257203780364,486.09330810710463,493.1813659667969,15079200,META
2024-04-24,505.0709561798665,506.9995451118446,481.72908384792635,490.59661865234375,37772700,META
2024-04-25,418.92080020267707,443.1474209983465,412.06140056723507,438.78326416015625,82890700,META
2024-04-26,438.8627866508182,443.8134991532309,429.4186772096866,440.6820373535156,32691400,META
2024-04-29,436.97397149750554,437.1728069896792,426.0386868647591,430.0747985839844,21502600,META
2024-04-30,428.5140490387037,437.0336375847917,427.19188699859626,427.6392517089844,18429500,META
2024-05-01,426.0784473398745,447.3127666683678,424.5971927447846,436.60614013671875,20344900,META
2024-05-02,436.2582243057381,441.3480976010575,429.7368203538555,439.0815124511719,15221300,META
2024-05-03,443.30653234442315,451.498076053057,441.238782585899,449.3010559082031,16489100,META
2024-05-06,452.8997516499173,463.41752515549695,450.6729395625831,462.9403381347656,15094600,META
2024-05-07,463.5467503722718,468.7559129119254,458.59603758146096,465.4852600097656,13406800,META
2024-05-08,460.7731116247885,472.78202856392227,460.2760532519462,469.819580078125,11683900,META
2024-05-09,467.2349503609543,473.27916785943904,464.87889812492284,472.6230773925781,9437700,META
2024-05-10,474.28312453672146,474.6907160172165,466.8372002910305,473.39837646484375,10750000,META
2024-05-13,469.9686955031615,470.56517162323166,460.12694570512866,465.256591796875,14668800,META
2024-05-14,460.64391394438604,469.75997868916056,457.3732610557371,469.07403564453125,10478600,META
2024-05-15,472.1855670081189,479.6613137641601,468.42780704852413,478.70697021484375,13100500,META
2024-05-16,472.20549873568376,474.87967546082996,469.9687358469358,470.4459228515625,16608200,META
2024-05-17,468.060003849129,470.0184151764491,465.6642090368279,469.1336669921875,10807300,META
2024-05-20,467.18518092995544,470.41606038220124,464.292297533688,466.0816955566406,11745100,META
2024-05-21,464.37182544918653,467.93078051111434,459.55035299827114,461.896484375,11742200,META
2024-05-22,465.1174209727308,470.9330103029686,462.9104804698009,465.0279541015625,10078600,META
2024-05-23,470.0979074516569,471.56918074349574,458.8246277741351,463.0396728515625,11747900,META
2024-05-24,464.86885094987963,477.02690923157047,463.55660961190773,475.406494140625,12024300,META
2024-05-28,473.7761807408165,478.0309995170203,472.0464271821376,477.0965576171875,10175800,META
2024-05-29,471.86746709937256,477.02693553440264,470.91312350005967,471.5692138671875,9226200,META
2024-05-30,468.8950296219454,468.95467419593393,461.97595565894045,464.30218505859375,10719600,META
2024-05-31,463.05958753361114,466.36006254960574,451.786306802676,464.0835266113281,16919800,META
2024-06-03,468.08981747441885,476.7784188544019,465.48523633705065,474.6808166503906,11279400,META
2024-06-04,474.1937277319372,476.0726231021899,470.4459182059382,474.18377685546875,7088700,META
2024-06-05,481.59989624411645,493.72810301008064,481.06306467707714,492.1474609375,15690500,META
2024-06-06,490.07975361628957,499.8618601386418,488.002052964121,490.85516357421875,10667300,META
2024-06-07,492.99247117957646,495.97482161134235,487.28625039496967,490.059814453125,9380700,META
2024-06-10,490.9544956849635,499.70274150325434,490.507161339267,499.6430969238281,11220900,META
2024-06-11,497.2174749867736,504.6137065941105,495.3385796246827,504.4844665527344,9673700,META
2024-06-12,510.9660698187759,510.98597157055474,501.5020890731281,505.84637451171875,11983200,META
2024-06-13,502.7347908052071,506.36331100254307,498.4103767232153,501.13427734375,9954600,META
2024-06-14,500.1889423120375,504.66690962077223,498.298251077537,501.6915588378906,10243300,META
2024-06-17,499.2137382202111,508.2492673895921,493.5814470509708,504.1494445800781,11266600,META
2024-06-18,502.08955596287245,503.522507821699,492.5962574901857,497.04437255859375,13060400,META
2024-06-20,499.54207976711996,501.20391638251726,494.3376762505557,499.2435607910156,11801200,META
2024-06-21,500.98504667305747,500.98504667305747,489.979200494197,492.35748291015625,22359200,META
2024-06-24,496.75587378729097,505.3137429424904,491.86991004565067,496.46728515625,13525300,META
2024-06-25,494.6163313992583,508.2094529447459,493.07393265728075,508.1000061035156,12063200,META
2024-06-26,504.16931296840505,511.2942595205893,502.2089573502192,510.6076354980469,8882300,META
2024-06-27,511.7321146820941,520.3198650922028,511.3838526564667,517.01611328125,10121200,META
2024-06-28,514.6179980416158,519.3248199785614,501.37313740335526,501.75128173828125,15855100,META
2024-07-01,502.4776513058608,504.0996449110336,490.7553303316806,502.2089538574219,10328200,META
2024-07-02,498.30817385697856,508.0004748642971,497.0045903470144,507.00537109375,7739500,META
2024-07-03,503.89071570148445,508.776679094368,503.542423291387,507.463134765625,6005600,META
2024-07-05,509.09512300088096,538.2218010293692,509.09512300088096,537.2664794921875,21354100,META
2024-07-08,539.6945030030015,540.1522726002711,524.0714224714271,526.7283325195312,14917500,META
2024-07-09,531.1367301221164,534.8484483976972,525.6039546228031,527.4050903320312,8753200,META
2024-07-10,528.1911531915238,536.241570100338,525.7730581128677,532.0720825195312,10983300,META
2024-07-11,528.2906998418636,532.8383317448535,505.8809416050376,510.18975830078125,16458300,META
2024-07-12,495.32290900460265,505.6023185565317,491.81019357981927,496.4274597167969,19750500,META
2024-07-15,496.18865119987476,504.19922526492195,490.95439508743516,493.7307434082031,12539200,META
2024-07-16,499.0445951724543,501.482611822555,483.4115217410242,487.3919372558594,14075800,META
2024-07-17,476.8239032636759,476.8239032636759,456.87205376676457,459.7279968261719,28076600,META
2024-07-18,472.6743277747539,476.8935583722376,462.2655500283145,473.5201721191406,19267200,META
2024-07-19,473.7290992026768,484.3269482993647,473.3808068088941,474.4555358886719,15149400,META
2024-07-22,484.19761839377304,489.6507984290717,481.5307473618028,485.01361083984375,12023100,META
2024-07-23,487.44160441967085,492.79526731259404,485.33198938412994,486.2972412109375,9455500,META
2024-07-24,469.9974905005345,473.9679450896209,458.3249115680211,459.01153564453125,17649700,META
2024-07-25,460.99181179623156,461.28037004297926,440.4827059887369,451.1900329589844,18240500,META
2024-07-26,461.9271746914679,467.4698795206978,457.1705799627187,463.4198303222656,14222400,META
2024-07-29,467.57937523258846,471.63938534707097,462.74315500593724,463.4297790527344,11339600,META
2024-07-30,464.7134928556887,470.41544878621977,454.4639354603108,460.9221496582031,11390400,META
2024-07-31,468.7137838808179,474.166963671529,464.46470156072644,472.505126953125,24285800,META
2024-08-01,518.4490717442071,524.5888450886373,489.69057844469546,495.3029479980469,43083100,META
2024-08-02,486.6058052916806,498.6963115581178,473.81871415056764,485.7500305175781,24044700,META
2024-08-05,449.1401205576873,481.11281153240685,448.5927952293006,473.4007568359375,21396200,META
2024-08-06,476.65469498140897,500.0993368395598,476.30640259620463,491.6708068847656,20955000,META
2024-08-07,500.6665383730933,507.65215553919904,484.4761814495962,486.526123046875,20105300,META
2024-08-08,495.0641811973923,507.46316706158274,492.2977936207041,507.1347961425781,16156800,META
2024-08-09,505.22421179778416,515.8022018845128,503.22407353299633,515.2349853515625,13696600,META
2024-08-12,514.3293458773064,515.4837003209536,506.60736088372124,513.423828125,9767400,META
2024-08-13,517.46388442956,528.8976162175638,515.6130061254378,525.9520874023438,13743800,META
2024-08-14,525.4745310471874,531.3854502831607,520.5686764069014,524.180908203125,11444200,META
2024-08-15,529.186243628135,537.1272134882921,524.1211991482853,534.6991577148438,13482100,META
2024-08-16,529.2957529559742,531.0470846831789,522.0911501880614,524.837646484375,14776700,META
2024-08-19,524.2903643248923,529.0568899352673,520.2005020489785,526.6885986328125,9879700,META
2024-08-20,525.7631254837314,528.4897612100921,523.3052479844695,524.1510620117188,7944400,META
2024-08-21,524.5690033025425,536.759025104398,524.3500488791344,532.5397338867188,13423300,META
2024-08-22,534.3707451204748,541.5653262197158,526.0019488156585,529.3255615234375,15708300,META
2024-08-23,534.2911656840746,537.2267343182201,522.4892480796358,525.4148559570312,11323900,META
2024-08-26,525.0167963537939,525.4148622106036,512.4287683884583,518.5685424804688,9584000,META
2024-08-27,516.4388809932385,521.4442815851747,512.7868675462582,516.5582885742188,6282700,META
2024-08-28,515.135413196109,518.5387122265323,509.94100004912804,514.2498168945312,9106100,META
2024-08-29,516.5086314086758,524.6187519270367,513.1551363566217,515.6826782226562,8317400,META
2024-08-30,518.797350646977,520.9766304354436,512.677498614824,518.757568359375,9157500,META
2024-09-03,517.095787334066,522.9171206537142,506.12972329874776,509.2543640136719,12459100,META
2024-09-04,503.5921671144299,514.0606781053099,501.6019595944186,510.2294921875,8335200,META
2024-09-05,509.2145278610141,519.0760103589896,508.6473113953943,514.329345703125,8640900,META
2024-09-06,519.3248287702129,522.0116214504744,495.81051872807694,497.82061767578125,14744500,META
2024-09-09,503.6817688622659,508.826438765725,499.6217281440494,502.3184814453125,11047800,META
2024-09-10,505.67197656424986,511.66249081468396,497.5817773967797,502.3184814453125,9899000,META
2024-09-11,504.5275670486504,510.6076364452127,493.1734295034738,509.3239440917969,10782500,META
2024-09-12,514.5184246686891,524.1311617071216,512.6973676482601,523.0265502929688,11970500,META
2024-09-13,517.7923785867389,524.9969209454283,514.5781517601987,522.0513916015625,10321400,META
2024-09-16,522.4696166460582,531.9918808562331,515.3578444581102,531.1751708984375,9527600,META
2024-09-17,535.4781635235854,539.9604028191319,528.4759413037808,534.2032470703125,11690800,META
2024-09-18,534.9503115622812,542.0521759030291,531.7928398690025,535.8268432617188,10323500,META
2024-09-19,547.8291908534814,559.8515587553402,544.3629456091518,556.8932495117188,15647000,META
2024-09-20,557.7897520081747,562.2719910868118,554.1043432735547,559.1343994140625,22066800,META
2024-09-23,567.2522491176607,571.7145476196829,560.1902057812791,562.1823120117188,12830700,META
2024-09-24,564.4434434938287,565.509227757349,552.00274823687,561.106689453125,12993000,META
2024-09-25,561.8237594778809,574.6031382414297,561.495044920447,566.0669555664062,16543400,META
2024-09-26,573.4576286297669,575.12108106941,560.1304333621082,565.5988159179688,14400800,META
2024-09-27,567.8499035731115,568.587034006437,562.2820002439122,565.1207275390625,9398400,META
2024-09-30,565.4593818880203,572.4118133775064,562.5708034533277,570.1806640625,12792300,META
2024-10-01,575.6987520585425,580.7387783195545,567.8498487564399,574.1947021484375,15259300,META
2024-10-02,572.5910911056551,573.726606271189,567.0929191356522,570.5491943359375,6524700,META
2024-10-03,567.8997238653835,581.0575469776221,566.485284630292,580.4699096679688,11581000,META
2024-10-04,581.4260603106362,594.4942722022978,579.1351503249019,593.587890625,14169500,META
2024-10-07,595.8589431511809,600.5703163409895,581.7349154298203,582.4720458984375,12014200,META
2024-10-08,587.3625447345094,591.2172653007906,583.6571956540708,590.5499267578125,7857400,META
2024-10-09,591.6456279911163,592.0440735871042,579.3144845647184,588.1793823242188,9529700,META
2024-10-10,585.2509860772241,587.9004608400106,580.2209295755789,581.5257568359375,7740400,META
2024-10-11,582.5218551504805,588.876679922811,580.4102270662737,587.6216430664062,8587100,META
2024-10-14,591.8746503066451,597.731447461574,587.631515121897,588.0896606445312,8252000,META
2024-10-15,587.8307163787997,588.2789524674469,577.8503048821323,583.9561157226562,9564200,META
2024-10-16,579.1052785857133,579.7825873772659,571.7643723313396,574.513427734375,11268400,META
2024-10-17,581.0277187741455,582.6611997864444,572.9298015535481,574.6529541015625,8701200,META
2024-10-18,578.8064328711839,581.6651004084903,572.9795465460454,574.1947021484375,7694300,META
2024-10-21,573.756575861057,574.9617613706962,566.8638436822902,572.8899536132812,8171900,META
2024-10-22,572.0233288655415,581.2269108333847,569.8619106006562,579.712890625,8544500,META
2024-10-23,577.680923843806,582.6911004356343,560.279904265033,561.4652099609375,14248400,META
2024-10-24,564.8916036624881,566.6346966004356,559.3037603206038,565.5390625,7184700,META
2024-10-25,571.6647355552979,578.9956716161158,569.463436367779,570.9874267578125,11337900,META
2024-10-28,579.7029225322412,581.4460155123639,571.8540189924909,575.8780517578125,10925100,META
2024-10-29,577.860233390468,591.3268300347977,573.128981140023,590.9384155273438,13019100,META
2024-10-30,598.6079938865262,598.8271571893389,587.0538018330492,589.4642333984375,26864900,META
2024-10-31,582.6911348906162,587.5718199962945,560.7879342651435,565.3399047851562,26838400,META
2024-11-01,565.3696838064145,571.405763142559,560.339627825337,564.9214477539062,15303200,META
2024-11-04,561.8735255720723,566.4454360194603,555.6880747714519,558.467041015625,12064600,META
2024-11-05,565.0608971597502,571.2164978665354,564.433378859103,570.170654296875,9775400,META
2024-11-06,560.5288934332871,570.7384379160791,552.9787937592303,569.7921752929688,18305400,META
2024-11-07,574.6130802295621,592.4523642769371,572.9397183378987,589.3646240234375,14653700,META
2024-11-08,589.205245296399,590.7590857439004,582.2129936797714,587.0139770507812,9415700,META
2024-11-11,584.0456366766098,584.6831252027152,574.2345387059856,580.8682250976562,10209100,META
2024-11-12,586.217068126676,597.2931737075237,578.0893016004109,582.5117797851562,16287700,META
2024-11-13,580.3104381986861,583.3285080451261,572.899801262269,577.7107543945312,10757600,META
2024-11-14,574.7227383039827,578.4679083361312,570.7484954732962,574.882080078125,11053700,META
2024-11-15,568.9654316430945,570.3101398260193,549.323293380173,551.8931274414062,17712900,META
2024-11-18,554.8413869604221,557.6901449788284,547.9188666753142,552.2118530273438,14327300,META
2024-11-19,549.681816342146,559.2140512350836,548.4267797840299,558.8754272460938,9522400,META
2024-11-20,560.7081596102355,564.1146441614266,552.012635573936,563.2879638671875,9797300,META
2024-11-21,567.27222943096,567.7503155056431,546.8829891189956,560.8676147460938,11154700,META
2024-11-22,561.3257340956305,561.6046581556811,552.4011368821567,556.9331665039062,9164000,META
2024-11-25,559.8814479460827,570.3300964942197,554.1940234019514,562.8795776367188,13599800,META
2024-11-26,563.7660269968359,575.2206370859942,562.9691967147016,571.2762451171875,10356600,META
2024-11-27,572.6209746815437,572.7105854147321,561.8735229474948,566.9534301757812,7200200,META
2024-11-29,566.7542128784901,576.1768970734391,564.6625256899628,572.05322265625,7130500,META
2024-12-02,575.2206623708795,592.1535649861262,573.2982871928123,590.4901733398438,12522400,META
2024-12-03,592.651612157578,611.7758444062205,588.9164129212908,611.22802734375,14907200,META
2024-12-04,610.5406511432652,615.3416337599996,602.7116285856121,611.357421875,14697000,META
2024-12-05,614.6445303223205,617.4534076628545,604.654087469592,606.5266723632812,8081200,META
2024-12-06,607.6920148593949,627.3043042136323,606.1282648810326,621.30810546875,16935500,META
2024-12-09,621.4574408246348,623.9276938833166,603.7774980807178,611.1483154296875,11426000,META
2024-12-10,615.1226080382442,623.1209443670939,610.3216243479825,616.8756713867188,10938900,META
2024-12-11,620.909669634273,635.880378199676,619.0769658169937,630.1829223632812,10837200,META
2024-12-12,629.007573636922,634.1471812183523,624.7345274454173,628.3003540039062,7474700,META
2024-12-13,624.7444306032417,628.5892419845969,614.455245285517,617.9015502929688,8453300,META
2024-12-16,627.999656702773,629.1660226489364,616.6355287775485,622.2777099609375,10885600,META
2024-12-17,624.2016226816604,630.382145200943,614.6018896405665,617.4927978515625,12897800,META
2024-12-18,619.0478953096681,625.3878881375024,594.4454838407464,595.312744140625,17075500,META
2024-12-19,608.4713602309599,609.5978131407581,593.1297214059822,593.6979370117188,14958100,META
2024-12-20,588.723602198965,601.2141840625833,578.1768420780382,583.4103393554688,48989400,META
2024-12-23,587.746636194458,599.2005698155671,584.4071908696653,597.9644165039062,10205800,META
2024-12-24,600.8253211686514,606.0787743995681,597.3961932142544,605.8395385742188,4726100,META
2024-12-26,603.5767396891605,604.3941694362019,597.0573191588121,601.4534301757812,6081400,META
2024-12-27,597.5257325712804,599.958064884052,587.9459561336816,597.9244995117188,8084200,META
2024-12-30,586.8992458198082,595.0635027304218,583.739227850836,589.3814086914062,7025900,META
2024-12-31,590.4083164544484,592.102924110321,582.0147395278991,583.6695556640625,6019500,META
2025-01-02,587.8662892601321,603.0085445892757,585.9722980833435,597.3563842773438,12682300,META
2025-01-03,602.8590273821567,607.5841180897974,594.5352379868413,602.7294311523438,11436800,META
2025-01-06,609.9068039022728,629.0065500033512,603.7163023778119,628.2190551757812,14560800,META
2025-01-07,629.7143414477341,630.1130475912898,606.3180848477177,615.94775390625,12071500,META
2025-01-08,611.4718611566152,614.5022833089956,600.895166417742,608.8002319335938,10085800,META
2025-01-10,608.112381815468,627.9298324702991,595.4622707729309,613.9240112304688,19256600,META
2025-01-13,605.1916715787221,607.0557887197621,596.5688977245103,606.4178466796875,10785000,META
2025-01-14,603.1679523273406,603.5866150091213,586.6998639533412,592.3819580078125,13598000,META
2025-01-15,608.2918626953108,620.5033555415417,604.5935029582943,615.1801147460938,15524300,META
2025-01-16,609.5778014543201,614.3128702309481,607.7934500715568,609.37841796875,8355300,META
2025-01-17,622.0883213436317,623.0054123386464,601.7723798733631,610.8438110351562,17280600,META
2025-01-21,615.8879054164239,619.5463519549992,607.0956232572347,614.522216796875,11674000,META
2025-01-22,621.3406555902126,631.7079877162228,617.4828257324606,621.5400390625,12274000,META
2025-01-23,625.3879484959136,634.5988938410488,619.1975078850631,634.4494018554688,9910200,META
2025-01-24,634.3995455880619,649.9504837452617,632.2064489650473,645.4546508789062,19065300,META
2025-01-27,624.6402872001196,661.7831731182577,623.1350240288891,657.8057250976562,28399200,META
2025-01-28,663.9065549274304,680.4344558685057,657.3970515429507,672.2103881835938,20950100,META
2025-01-29,672.878157860452,678.9091276992832,663.577469397903,674.3634643554688,21377800,META
2025-01-30,694.6295927845299,708.5556496697027,673.9746933017885,684.8404541015625,29322900,META
2025-01-31,688.8279583138682,703.0829965126293,683.4250122037394,687.013671875,19303900,META
2025-02-03,673.785212054613,701.7869363277132,673.1273135728528,695.2675170898438,21415700,META
2025-02-04,700.2918112574106,705.4854564160189,689.4360275096896,701.9765014648438,13826300,META
2025-02-05,701.338438880343,715.8826032404849,696.8127318836921,702.654296875,17778200,META
2025-02-06,703.6611131134636,716.6402049884904,701.2885896343017,709.7518920898438,13080700,META
2025-02-07,714.546788192433,722.7310026615398,709.5126746052003,712.2739868164062,16427100,META
2025-02-10,716.3012242622654,718.932940098342,709.0939710353202,715.1448974609375,12904300,META
2025-02-11,711.077742352479,721.3852053088176,707.8080235680292,717.537353515625,12998000,META
2025-02-12,713.0515218383842,724.8144176821432,710.3599968194253,723.099853515625,12016500,META
2025-02-13,719.2520483652149,726.7085168321266,715.7829457591546,726.2698974609375,12569100,META
2025-02-14,723.85738092295,738.5809097984375,723.3389960821124,734.354248046875,16901200,META
2025-02-18,733.6864641630071,734.6833207719243,704.2193852371487,714.1181640625,21938700,META
2025-02-19,701.886719169158,704.7776276936228,693.2041369812721,701.5578002929688,17535500,META
2025-02-20,695.088155137264,703.4118828816584,691.4595827411689,692.6558227539062,12587400,META
2025-02-21,694.3904388515214,701.6575020997228,680.2151053119804,681.4013671875,15660400,META
2025-02-24,684.122756243814,685.1096345134455,660.3676471383606,666.02978515625,15677000,META
2025-02-25,663.8765739042495,665.9002220472909,639.8423754025094,655.4332275390625,20579700,META
2025-02-26,657.576512679624,680.8630693918321,655.9316748718801,671.5823364257812,14488700,META
2025-02-27,680.3047560748793,686.485278775033,655.5029605584499,656.1708374023438,12500000,META
2025-02-28,655.9715119869538,667.5251070483702,640.5800432544102,666.099609375,17534200,META
2025-03-03,671.5624119179504,679.1086244107645,648.7942390448183,652.990966796875,10843800,META
2025-03-04,643.4808482225519,647.7075100421906,621.6895797629608,637.9881591796875,21495200,META
2025-03-05,638.985090470047,657.426937854908,635.6555626035664,654.4064331054688,13770000,META
2025-03-06,645.963033649381,648.5149839411777,622.1481164638366,625.9561157226562,13446500,META
2025-03-07,623.4042318179579,632.7946043265458,598.7220516873743,623.6932983398438,21375700,META
2025-03-10,606.1585603987916,608.1921258261364,585.0251896930085,596.1102294921875,21999900,META
2025-03-11,593.1795048947525,612.9970188777876,591.4649407555324,603.8060302734375,17401500,META
2025-03-12,627.9200120605409,631.3392229811113,607.4345597540354,617.6124877929688,15747000,META
2025-03-13,618.300295022882,618.549509168397,584.666363679096,588.7833862304688,16480300,META
2025-03-14,601.43972556622,607.4860482974414,593.4378646925935,606.2288818359375,12364500,META
2025-03-17,606.0892549627374,611.7164817099355,596.6505800508986,603.5350341796875,15473900,META
2025-03-18,598.695920754158,598.895481615564,573.3632009688982,581.0458374023438,20297700,META
2025-03-19,582.9616006660708,590.9834364727485,573.473050249603,582.7420654296875,20537500,META
2025-03-20,581.4449335433823,608.8230139342973,578.2022676048324,584.6776123046875,24336500,META
2025-03-21,582.1034753081934,596.1916081624212,579.6390781803701,594.904541015625,25015900,META
2025-03-24,613.5822418688982,621.1351668672481,610.818534005287,617.4534912109375,15741300,META
2025-03-25,625.3457252697278,632.4496541118687,619.7782994932003,624.896728515625,15312500,META
2025-03-26,623.479902445872,625.3356905979604,605.2411234358802,609.6012573242188,12609800,META
2025-03-27,600.6415066398952,612.8638628796605,598.7457698845544,601.22021484375,10436500,META
2025-03-28,598.9553576126906,600.3921105915904,572.624893809918,575.4385375976562,17602800,META
2025-03-31,562.2284810192266,577.3941949049992,552.0514847999954,575.0594482421875,21124700,META
2025-04-01,569.5518496754252,588.5787620697387,568.713718453365,584.6776123046875,12836600,META
2025-04-02,573.612639602056,591.3225852084037,572.0661494891557,582.6123046875,13470800,META
2025-04-03,544.9873786131755,551.3130986556911,529.1033205063213,530.4203491210938,34777500,META
2025-04-04,505.4767837476822,516.8311091249631,493.0848271014097,503.591064453125,38589800,META
2025-04-07,484.0053216518451,538.1528441381656,480.8125306436679,515.0850219726562,36606100,META
2025-04-08,542.0241297513288,546.1946900687835,501.72525715038495,509.29815673828125,28034200,META
2025-04-09,508.1207792653783,586.563392325636,500.9769327422793,584.4481811523438,39216600,META
2025-04-10,574.1914363860034,579.9883240820161,534.0921199395266,545.0573120117188,28173500,META
2025-04-11,534.3016346023475,546.1648195031983,527.397266592616,542.3434448242188,17642300,META
2025-04-14,554.9149264864913,556.5113524556241,527.0879095050198,530.2806396484375,14130900,META
2025-04-15,530.9092700648307,536.7261316213554,516.3322523952014,520.3432006835938,15558700,META
2025-04-16,507.36253528750194,512.2115538752881,494.5115946838527,501.176513671875,18735100,META
2025-04-17,504.109870459736,506.1552323217004,496.8862177349848,500.348388671875,14593500,META
2025-04-21,490.22127698998224,492.38639367876976,478.71729620364266,483.56634521484375,16166000,META
2025-04-22,490.7600664511802,505.7362053967078,485.26249029169,499.1510925292969,17399400,META
2025-04-23,527.3373790061787,534.1320095182137,515.3544703338583,519.0960083007812,18173900,META
2025-04-24,517.5594556288198,532.6952680588365,516.3322506362241,531.9469604492188,13910000,META
2025-04-25,545.566124111354,548.6192167322417,535.0399425493104,546.0350952148438,17098900,META
2025-04-28,554.3862228326028,557.2297674992926,539.3701950695558,548.49951171875,15179000,META
2025-04-29,544.7679463052672,555.3141023170735,542.8921836696377,553.1889038085938,11835000,META
2025-04-30,537.1851129255415,547.8609194224242,528.305171612182,547.7611694335938,29244000,META
2025-05-01,590.7439183241091,591.6119501941531,569.2125991017259,570.9187622070312,31159000,META
2025-05-02,582.1434519633877,602.976341384666,577.025022870384,595.6728515625,24739300,META
2025-05-05,589.8858412822701,601.8488361583287,586.7230116613694,597.917724609375,13887700,META
2025-05-06,591.1929940245881,594.6850963262071,585.2564079323492,585.9847412109375,10600700,META
2025-05-07,589.0277995025451,601.7191276587725,585.3461237925522,595.4632568359375,13139100,META
2025-05-08,604.9218677784463,609.9205723172726,595.2737054544873,596.6605834960938,14622800,META
2025-05-09,602.3577169402795,605.6003835325008,590.3748678564078,591.153076171875,10427300,META
2025-05-12,629.4962543948571,638.9449161423443,619.6286183644004,637.987060546875,21965100,META
2025-05-13,644.083302386897,659.4286019389394,641.3794565378789,654.5496826171875,18570800,META
2025-05-14,659.7179321317063,661.1745985140565,652.8334783472295,657.8720703125,12348200,META
2025-05-15,652.8036193165813,655.8267503294444,637.1390348372435,642.4270629882812,14341800,META
2025-05-16,636.5204462352993,638.9948305544648,624.7370982869602,638.8950805664062,18519000,META
2025-05-19,626.8323547421304,641.5490713874889,626.3833579870233,638.98486328125,9592400,META
2025-05-20,634.5748472134089,637.9072763695222,630.8333091235804,635.662353515625,6743500,META
2025-05-21,630.3643287848374,645.1508944069866,628.7479892254967,634.0659790039062,11464600,META
2025-05-22,632.6192119816805,641.7984637515493,629.2867830155565,635.133544921875,8228400,META
2025-05-23,622.5919269408028,631.0228714642786,621.2449976116812,625.64501953125,8454100,META
2025-05-27,633.9761034753569,641.6288391569669,631.322132840975,640.8705444335938,9508400,META
2025-05-28,641.1499165908115,649.4112615873161,641.1000415977985,642.1277465820312,9042900,META
2025-05-29,650.1795649115138,651.8457794764735,638.0569572367845,643.5944213867188,8858800,META
2025-05-30,641.0501397655987,647.9445199213626,631.3521030687026,646.0288696289062,16241000,META
2025-06-02,642.9359196596392,671.7407683371362,642.8062081386795,669.3861083984375,15766300,META
2025-06-03,669.9348099310185,674.0554949945077,663.5293144324946,665.3451538085938,11585000,META
2025-06-04,667.8096186265605,687.4452013964936,667.0613110778705,686.3975830078125,14031900,META
2025-06-05,690.0991647687987,692.8130584501095,680.7104262850396,683.0750732421875,13083100,META
2025-06-06,694.5990561951916,701.2240874679378,690.3087714429512,696.1356201171875,11728000,META
2025-06-09,696.8839311085023,703.5987252238476,692.3741111037318,692.4938354492188,12773200,META
2025-06-10,699.7673231326536,701.6430856337115,689.9994369756769,700.8150024414062,10850100,META
2025-06-11,702.1220817843749,707.2704113136799,690.4284966062165,692.5736694335938,9582500,META
2025-06-12,691.7355479828731,693.8108714889893,685.4497761885773,691.79541015625,7322700,META
2025-06-13,686.3976556130428,693.00271273635,679.4733132608307,681.3291015625,9274400,META
2025-06-16,698.2888218186604,706.097186349852,692.4774795938313,701.0746459960938,13720300,META
2025-06-17,700.9548121157454,704.9188720421186,695.0236535754563,696.19189453125,10066100,META
2025-06-18,697.1405159449071,700.5454731369719,693.8654310237622,694.734130859375,10068300,META
2025-06-20,699.7066745861354,700.7750888089137,677.659531763817,681.3340454101562,22538600,META
2025-06-23,682.6721183845542,698.009235646563,677.7394706648903,697.4900512695312,11080100,META
2025-06-24,703.840534417847,712.1281647182683,701.0646441862544,711.1396484375,13823200,META
2025-06-25,712.2579843149763,715.5131404309827,704.329803307428,707.6248779296875,9320400,META
2025-06-26,713.2963951875835,727.1357448031094,709.9913257897466,725.0089721679688,13964800,META
2025-06-27,725.4383202717177,734.335027558332,724.7792688020234,732.5377197265625,18775700,META
2025-06-30,743.4414931754206,746.7865422233173,733.1568401231899,736.9911499023438,15402100,META
2025-07-01,735.7829112020786,736.6516110389775,714.3049263192432,718.149169921875,13431200,META
2025-07-02,714.2649576351612,719.2275285170003,711.7386953151484,712.507568359375,9336700,META
2025-07-03,725.5281745483136,727.9446154194361,713.3563211505465,717.9395141601562,8601700,META
2025-07-07,716.5315731843128,725.9176023238477,712.4476967305745,717.2804565429688,9457100,META
2025-07-08,720.4956692403485,721.8336399994789,713.7457243829997,719.5969848632812,7770700,META
2025-07-09,721.6439452565418,736.4319538163115,721.6439452565418,731.6890258789062,11418000,META
2025-07-10,730.4608071076664,734.704479422628,718.5285868802704,726.1572265625,9913600,META
2025-07-11,721.4243335394181,724.080346484783,708.6434025181652,716.4417724609375,10873900,META
2025-07-14,716.5315544248375,726.9160944373699,715.4831299390246,719.8466186523438,8939400,META
2025-07-15,722.8222937420867,723.3913915043134,708.7632387544227,709.3323974609375,11529500,META
2025-07-16,712.3078512596281,712.9069335357998,698.2288692710704,701.8634033203125,13067600,META
2025-07-17,703.3412662167694,704.8490277671435,696.0720759709156,700.3656616210938,11803300,META
2025-07-18,701.1445302429636,703.6607977835126,690.6202449112741,703.2314453125,12779800,META
2025-07-21,705.7476506911312,715.932476351091,704.7092210614702,711.908447265625,9404400,META
2025-07-22,715.1236815394241,715.5330442831794,700.3656579311477,703.7606201171875,8921100,META
2025-07-23,705.3182910497592,713.5660026063329,703.880432607157,712.517578125,8771600,META
2025-07-24,715.9824289621253,722.5426547237513,712.9369820539731,713.7357788085938,10920800,META
2025-07-25,715.8525738749273,719.5770617883383,710.8400895031193,711.618896484375,8271700,META
2025-07-28,714.1352096135126,723.6609843506268,711.6189419324959,716.5615844726562,8715700,META
2025-07-29,718.9279854910714,723.3913008144071,698.8678708582052,698.957763671875,13267000,META
2025-07-30,707.0357546566921,707.4451173939698,690.170887478499,694.1749267578125,27077300,META
2025-07-31,774.0458414913344,783.5816106103192,764.3702661872821,772.2884521484375,38831100,META
2025-08-01,759.5973820600149,764.8595554226001,744.2003568990668,748.8933715820312,19028700,META
2025-08-04,758.8684883686742,775.6933771870287,757.2808287946278,775.214111328125,15801700,META
2025-08-05,775.2939526074297,781.9639994147884,761.863966178597,762.3233032226562,11640300,META
2025-08-06,768.853609707056,772.488205034118,759.327834976083,770.8406372070312,9733900,META
2025-08-07,772.3383525306105,773.8461140652291,758.4191051508143,760.6957397460938,9019700,META
2025-08-08,761.6144268371896,768.7538063796192,757.4506521481833,768.1546630859375,7320800,META
2025-08-11,768.9334902466898,772.3084628390361,763.531510748687,764.729736328125,7612000,META
2025-08-12,771.849102319645,792.4883102810505,771.2799436630941,788.8237915039062,14563100,META
2025-08-13,789.9721665216805,794.2757473900336,777.0713578354987,778.9186401367188,8811800,META
2025-08-14,776.7218428333804,786.6370510429252,771.3598429397638,780.9655151367188,8116200,META
2025-08-15,782.9825648931883,795.0645257736991,779.6575056048304,784.0609130859375,13375400,META
2025-08-18,773.9360156125421,774.6549143701418,755.4335751910228,766.2274780273438,16513700,META
2025-08-19,765.977874147037,766.0277875160474,748.2443062415024,750.3611450195312,12286700,META
2025-08-20,746.4570103778062,749.083099657565,729.911672806752,746.6067504882812,11898200,META
2025-08-21,743.6012666698691,744.3900685450179,732.0185006665147,737.9995727539062,8876300,META
2025-08-22,738.1293678852983,755.7731035460037,733.2966081137474,753.6661987304688,10612700,META
2025-08-25,753.6961621486424,757.7501148109367,749.0131426125197,752.1784057617188,6861200,META
2025-08-26,749.6821592803592,753.7461069744401,746.8264320177999,752.9772338867188,7601800,META
2025-08-27,751.1799307743298,753.0272129802489,741.7340542390842,746.2672729492188,8315400,META
2025-08-28,742.8922995313089,751.9288132977724,739.6970516455432,749.99169921875,7468000,META
2025-08-29,744.1704403453122,746.0276565106426,734.2551707121078,737.6002197265625,9070500,META
2025-09-02,724.9589996576248,734.9041924629622,720.655419120511,734.0155029296875,9350900,META
2025-09-03,734.9042121918441,739.1478846127889,732.8971950134412,735.95263671875,7699300,META
2025-09-04,747.4555024338443,760.0267237435045,744.7095967582477,747.535400390625,11439100,META
2025-09-05,751.4994417417535,756.821523128746,743.9207763942886,751.3297119140625,9663400,META
2025-09-08,754.8743737770961,765.3687349414048,750.9003191950952,751.1798706054688,13087800,META
2025-09-09,756.3621991005824,765.1590798691678,752.3082462809408,764.5599975585938,10999000,META
2025-09-10,763.990858904295,764.5600175863916,749.8818911499914,750.8604125976562,12478300,META
2025-09-11,753.5264602522736,755.9727638030715,747.2557810059183,749.7820434570312,7923300,META
2025-09-12,747.6151944100551,756.4420593260343,742.6526235095245,754.4650268554688,8248600,META
2025-09-15,756.3421855933647,772.9175066813722,750.8703641812288,763.5614624023438,10533800,META
2025-09-16,765.8580156945753,780.1966205012909,763.960820221922,777.8401489257812,11782500,META
2025-09-17,778.828725718326,782.1238004242355,765.1691000860621,774.5650634765625,9400900,META
2025-09-18,779.5875734416616,787.6056471582369,772.2085614820411,779.0883178710938,10955000,META
2025-09-19,785.2490765825911,789.6225600448605,768.0447499547826,777.2210693359375,23696800,META
2025-09-22,781.2128396094075,785.0896826443245,763.8469978355404,764.5364379882812,11706900,META
2025-09-23,768.6231126086477,769.9719880546131,750.4579354131178,754.784423828125,10872600,META
2025-09-24,756.8827020619125,760.4897455830934,751.9167814613187,760.0401000976562,8828200,META
2025-09-25,752.8360219788784,756.1533238123261,743.9432502397539,748.2996826171875,10591100,META
2025-09-26,749.3888277967437,751.3172477286904,736.7491118404043,743.1439208984375,9696300,META
2025-09-29,748.1098002440084,750.1681799899285,738.5476529969768,742.794189453125,9246800,META
2025-09-30,741.6451369970716,742.3645209926972,725.7081225297242,733.7815551757812,16226800,META
2025-10-01,720.9020135039985,721.2617054862658,709.6212362201944,716.7554321289062,20419600,META
2025-10-02,721.9911913779041,727.176964520395,717.5548070653372,726.45751953125,11415300,META
2025-10-03,729.0354240673363,730.4043027655052,709.6012618171895,709.98095703125,16154300,META
2025-10-06,704.6153434967972,716.2958197616522,689.9473135389625,715.0767822265625,21654700,META
2025-10-07,717.135073707775,717.9144673294414,705.1748577839295,712.4989013671875,12062900,META
2025-10-08,712.8686286502683,719.063588526951,707.233209995552,717.2550659179688,10790600,META
2025-10-09,717.694662739213,732.9122314453125,711.8593952481671,732.9122314453125,12717200,META
2025-10-10,730.3243364156914,734.6708280741015,703.9358854737135,704.7252197265625,16980100,META
2025-10-13,712.4289500007787,719.353295154282,707.0633311027989,715.1167602539062,9251800,META
2025-10-14,707.2032236513401,714.966850016347,698.7600977854659,708.072509765625,8829800,META
2025-10-15,716.4756800447307,723.3101331023296,708.9318445822669,716.9652709960938,10246800,META
2025-10-16,716.9652609619593,724.898793146875,703.3064176322127,711.48974609375,9017000,META
2025-10-17,706.5038073054051,717.9544293541486,705.5445676686097,716.3357543945312,12232400,META
2025-10-20,720.602270855396,733.1720358988009,719.5930841941394,731.5733032226562,8900200,META
2025-10-21,735.4202444049121,737.898203963144,728.156149137632,732.6724853515625,7647300,META
2025-10-22,733.2320185457676,739.9964601984101,723.4400167690366,732.8123168945312,8734500,META
2025-10-23,734.1012972282697,741.8049752352916,732.5025644943078,733.40185546875,9856000,META
2025-10-24,736.1895728454068,740.6060149267306,730.5542151922721,737.75830078125,9151300,META
2025-10-27,749.1189913399045,755.1341048828856,747.4004223192904,750.2081298828125,11321100,META
2025-10-28,752.0166693998259,757.7819868095911,744.9124781386814,750.82763671875,12193800,META
2025-10-29,754.1349412128479,758.5413205942342,741.9049255575367,751.0574340820312,26818600,META
2025-10-30,668.6047496805471,680.405123547836,649.6401745693712,665.9268798828125,88440100,META
2025-10-31,673.9603724515775,674.3400676801817,645.0439523217459,647.8216552734375,56953200,META
2025-11-03,655.4654426520216,658.792746197499,635.6615861365713,637.1903686523438,33003600,META
2025-11-04,627.528160823027,641.2170082918374,625.4998468710925,626.8087768554688,27356600,META
2025-11-05,631.7947143740674,641.7066132741587,626.0293969573662,635.4317626953125,20219900,META
2025-11-06,635.3318005623231,635.4817027165644,617.4963715076051,618.4356079101562,23628800,META
2025-11-07,615.9875913853423,621.6230097922952,600.7100736857968,621.203369140625,29946800,META
2025-11-10,630.5757412925083,634.4825281361091,617.606277436272,631.2451782226562,19245000,META
2025-11-11,627.4882640088713,629.0469903781388,618.8852946435945,626.5690307617188,13302200,META
2025-11-12,627.6181473129036,628.4774318700306,607.2747531328254,608.5137329101562,24493300,META
2025-11-13,612.5704066192014,617.1466913787408,602.5086055074847,609.3930053710938,20973800,META
2025-11-14,601.2995852054279,613.1799107961393,594.7149894844074,608.96337890625,20724100,META
2025-11-17,608.54364845602,611.1915132655756,594.914810553651,601.5194091796875,16501300,META
2025-11-18,591.1178778321469,603.1680476389258,583.3043040560937,597.2029418945312,25500600,META
2025-11-19,593.236120814011,594.8448550993957,580.7763124672824,589.8389282226562,24744700,META
2025-11-20,603.0082035639184,606.225550290049,582.8745995478572,588.669921875,20603000,META
2025-11-21,588.0204327318114,597.6325885375659,581.38582901572,593.7657470703125,21052600,META
2025-11-24,598.2320754408486,616.1974650582393,597.1429978306941,612.5504150390625,23554900,META
2025-11-25,623.4914651316196,636.5308177101258,617.7960982049689,635.7014770507812,25213000,META
2025-11-26,637.1703200291516,637.8397569399452,631.1152610365342,633.0936279296875,15209500,META
2025-11-28,635.5616748244524,647.5218911860414,634.9821303911365,647.4219970703125,11033200,META
2025-12-01,639.028785702615,644.7941029489796,637.2402664201815,640.3477172851562,13029900,META
2025-12-02,641.8165621493692,647.3420238521164,637.5500224020741,646.5726318359375,11640900,META
2025-12-03,643.8848130159247,648.3211970895987,637.0304181904862,639.0787353515625,11134300,META
2025-12-04,675.4491463216154,675.5490404402168,659.512131337801,660.990966796875,29874600,META
2025-12-05,663.4589092143041,674.1402004180294,661.8502358329807,672.8712158203125,21207900,META
2025-12-08,668.7945609027437,676.1585499822719,664.528021142878,666.256591796875,13161000,META
2025-12-09,663.2291308887899,663.9385132978894,652.807637338328,656.4246826171875,12997100,META
2025-12-10,649.4203737252112,653.9766553823684,642.8757234590145,649.6002197265625,16910900,META
2025-12-11,642.7657334383907,654.7460135009795,640.2777724038347,652.1781005859375,13056700,META
2025-12-12,649.2704855848336,710.4206277669183,638.0896015354143,643.7050170898438,14016900,META
2025-12-15,645.7000122070312,653.0,638.7000122070312,647.510009765625,15549100,META
2025-12-16,643.5,662.5399780273438,643.2000122070312,657.1500244140625,14309100,META
2025-12-17,655.6099853515625,661.22998046875,649.2000122070312,649.5,15598500,META
2025-12-18,657.030029296875,670.5599975585938,656.4600219726562,664.4500122070312,20260300,META
2025-12-19,666.4199829101562,671.0,658.1799926757812,658.77001953125,49977100,META
2025-12-22,661.6500244140625,673.5800170898438,656.6500244140625,661.5,15659400,META
2025-12-23,660.0499877929688,666.0,658.25,664.9400024414062,8486800,META
2025-12-24,662.530029296875,668.1799926757812,662.2000122070312,667.5499877929688,5627500,META
2025-12-26,668.0599975585938,668.9500122070312,661.3200073242188,663.2899780273438,7133800,META
2025-12-29,658.010009765625,660.25,654.3900146484375,658.6900024414062,8506500,META
2025-12-30,658.6900024414062,672.219970703125,657.8400268554688,665.9500122070312,9187500,META
2020-01-02,93.75,94.90049743652344,93.2074966430664,94.90049743652344,80580000,AMZN
2020-01-03,93.2249984741211,94.30999755859375,93.2249984741211,93.74849700927734,75288000,AMZN
2020-01-06,93.0,95.18450164794922,93.0,95.14399719238281,81236000,AMZN
2020-01-07,95.2249984741211,95.69450378417969,94.60199737548828,95.34300231933594,80898000,AMZN
2020-01-08,94.9020004272461,95.55000305175781,94.3219985961914,94.59850311279297,70160000,AMZN
2020-01-09,95.49449920654297,95.89099884033203,94.79000091552734,95.05249786376953,63346000,AMZN
2020-01-10,95.26850128173828,95.34700012207031,94.0,94.15799713134766,57074000,AMZN
2020-01-13,94.56549835205078,94.9000015258789,94.04000091552734,94.56500244140625,55616000,AMZN
2020-01-14,94.29399871826172,94.35549926757812,92.92749786376953,93.47200012207031,68818000,AMZN
2020-01-15,93.61250305175781,93.94300079345703,92.75450134277344,93.10099792480469,57932000,AMZN
2020-01-16,94.14949798583984,94.27950286865234,93.3010025024414,93.89700317382812,53190000,AMZN
2020-01-17,94.29450225830078,94.33200073242188,92.86250305175781,93.23600006103516,79946000,AMZN
2020-01-21,93.25,94.7135009765625,93.0,94.5999984741211,74156000,AMZN
2020-01-22,94.80449676513672,95.125,94.16699981689453,94.37300109863281,64326000,AMZN
2020-01-23,94.25550079345703,94.4990005493164,93.63800048828125,94.22899627685547,49692000,AMZN
2020-01-24,94.56849670410156,94.74949645996094,92.37200164794922,93.08200073242188,75324000,AMZN
2020-01-27,91.0,92.05000305175781,90.76699829101562,91.41699981689453,70570000,AMZN
2020-01-28,92.0250015258789,92.90550231933594,91.5009994506836,92.6624984741211,56160000,AMZN
2020-01-29,93.19999694824219,93.73750305175781,92.7509994506836,92.9000015258789,41760000,AMZN
2020-01-30,92.9000015258789,93.64350128173828,92.53050231933594,93.53399658203125,126548000,AMZN
2020-01-31,102.57350158691406,102.78600311279297,100.1135025024414,100.43599700927734,311346000,AMZN
2020-02-03,100.52999877929688,102.42500305175781,100.01249694824219,100.20999908447266,117834000,AMZN
2020-02-04,101.49400329589844,102.98999786376953,100.76850128173828,102.4834976196289,105786000,AMZN
2020-02-05,103.5510025024414,103.5510025024414,101.5999984741211,101.99349975585938,87524000,AMZN
2020-02-06,102.0510025024414,102.81500244140625,101.23999786376953,102.5114974975586,63660000,AMZN
2020-02-07,102.09950256347656,104.92649841308594,101.90499877929688,103.96399688720703,101906000,AMZN
2020-02-10,104.25050354003906,106.77999877929688,104.24800109863281,106.69550323486328,101124000,AMZN
2020-02-11,107.54499816894531,109.29750061035156,106.80000305175781,107.54000091552734,114920000,AMZN
2020-02-12,108.16000366210938,109.01249694824219,107.7645034790039,108.0,66686000,AMZN
2020-02-13,107.24949645996094,108.51399993896484,107.0999984741211,107.49349975585938,60636000,AMZN
2020-02-14,107.78399658203125,107.9520034790039,106.29450225830078,106.74349975585938,52124000,AMZN
2020-02-18,106.2509994506836,108.30349731445312,106.20549774169922,107.78350067138672,58912000,AMZN
2020-02-19,108.38999938964844,109.25499725341797,108.05599975585938,108.51100158691406,51224000,AMZN
2020-02-20,108.65350341796875,108.8395004272461,106.37249755859375,107.65499877929688,62626000,AMZN
2020-02-21,107.10749816894531,107.22750091552734,104.4000015258789,104.79850006103516,92926000,AMZN
2020-02-24,100.15899658203125,101.96499633789062,99.39849853515625,100.4645004272461,130940000,AMZN
2020-02-25,101.32099914550781,101.7300033569336,97.9209976196289,98.63700103759766,124382000,AMZN
2020-02-26,98.51399993896484,100.7334976196289,98.02249908447266,98.97949981689453,104492000,AMZN
2020-02-27,96.71900177001953,98.75,94.13800048828125,94.21499633789062,162880000,AMZN
2020-02-28,90.73149871826172,94.48799896240234,90.55650329589844,94.1875,189620000,AMZN
2020-03-02,95.32450103759766,97.72550201416016,93.5,97.69750213623047,135234000,AMZN
2020-03-03,98.76850128173828,99.81649780273438,94.40450286865234,95.44950103759766,150690000,AMZN
2020-03-04,97.32849884033203,98.9000015258789,96.0999984741211,98.79149627685547,95458000,AMZN
2020-03-05,96.6500015258789,98.03600311279297,95.5,96.20149993896484,94964000,AMZN
2020-03-06,93.75,95.54350280761719,93.4749984741211,95.05449676513672,105472000,AMZN
2020-03-09,88.69300079345703,93.13849639892578,88.06449890136719,90.03050231933594,156264000,AMZN
2020-03-10,93.54399871826172,94.7135009765625,90.90850067138672,94.59100341796875,142666000,AMZN
2020-03-11,92.89250183105469,93.56600189208984,90.07499694824219,91.04299926757812,112496000,AMZN
2020-03-12,86.0989990234375,88.25,83.75,83.83049774169922,226924000,AMZN
2020-03-13,87.75,89.31549835205078,84.03099822998047,89.25,176194000,AMZN
2020-03-16,82.07550048828125,87.97250366210938,81.30149841308594,84.4574966430664,178346000,AMZN
2020-03-17,88.77349853515625,92.88899993896484,84.46199798583984,90.39199829101562,218342000,AMZN
2020-03-18,87.5,92.08300018310547,87.25,91.5,192904000,AMZN
2020-03-19,93.0,97.25,91.63249969482422,94.04650115966797,207998000,AMZN
2020-03-20,96.31549835205078,97.8499984741211,91.0364990234375,92.30449676513672,196358000,AMZN
2020-03-23,91.38749694824219,95.97000122070312,90.5999984741211,95.1415023803711,156170000,AMZN
2020-03-24,97.57499694824219,97.75,95.01699829101562,97.00499725341797,142942000,AMZN
2020-03-25,96.03450012207031,97.51300048828125,94.28900146484375,94.29199981689453,129582000,AMZN
2020-03-26,95.0999984741211,97.82450103759766,94.4645004272461,97.77449798583984,124426000,AMZN
2020-03-27,96.54299926757812,96.989501953125,94.99600219726562,95.00499725341797,107758000,AMZN
2020-03-30,96.1415023803711,98.68150329589844,95.61699676513672,98.19750213623047,122522000,AMZN
2020-03-31,98.21749877929688,99.6510009765625,97.20050048828125,97.48600006103516,102472000,AMZN
2020-04-01,96.64849853515625,97.24800109863281,94.6500015258789,95.38500213623047,82438000,AMZN
2020-04-02,95.08200073242188,96.37650299072266,94.5,95.94149780273438,86720000,AMZN
2020-04-03,95.55750274658203,96.31649780273438,94.4574966430664,95.32949829101562,72198000,AMZN
2020-04-06,96.80000305175781,99.9260025024414,96.5009994506836,99.87950134277344,115464000,AMZN
2020-04-07,100.85549926757812,101.78600311279297,99.88099670410156,100.58000183105469,102280000,AMZN
2020-04-08,101.05000305175781,102.19999694824219,100.55750274658203,102.1500015258789,79546000,AMZN
2020-04-09,102.21499633789062,102.6500015258789,100.88300323486328,102.13800048828125,92930000,AMZN
2020-04-13,102.0,109.0,101.9000015258789,108.44349670410156,134334000,AMZN
2020-04-14,110.02349853515625,114.5999984741211,109.31050109863281,114.16600036621094,161744000,AMZN
2020-04-15,112.88400268554688,116.66850280761719,112.25,115.38400268554688,137332000,AMZN
2020-04-16,117.30000305175781,123.05000305175781,116.75,120.40950012207031,240764000,AMZN
2020-04-17,118.61650085449219,120.0,115.8010025024414,118.75,158600000,AMZN
2020-04-20,119.49749755859375,122.2490005493164,119.30249786376953,119.68049621582031,115414000,AMZN
2020-04-21,120.83049774169922,121.41549682617188,113.98300170898438,116.40599822998047,149534000,AMZN
2020-04-22,118.44999694824219,119.69999694824219,117.55000305175781,118.17449951171875,84244000,AMZN
2020-04-23,119.9990005493164,121.21099853515625,119.10399627685547,119.97250366210938,101332000,AMZN
2020-04-24,120.8499984741211,121.02149963378906,119.0999984741211,120.51100158691406,76498000,AMZN
2020-04-27,122.16000366210938,122.24400329589844,118.1500015258789,118.80000305175781,112912000,AMZN
2020-04-28,118.6050033569336,118.67500305175781,115.30000305175781,115.7040023803711,105388000,AMZN
2020-04-29,116.50050354003906,119.59449768066406,115.5,118.635498046875,91832000,AMZN
2020-04-30,120.99199676513672,123.75,119.80049896240234,123.69999694824219,190692000,AMZN
2020-05-01,116.83999633789062,118.12200164794922,112.90950012207031,114.302001953125,195452000,AMZN
2020-05-04,112.81900024414062,116.3489990234375,112.81900024414062,115.79949951171875,97318000,AMZN
2020-05-05,117.0,117.55000305175781,115.35649871826172,115.88999938964844,64850000,AMZN
2020-05-06,116.47200012207031,117.87249755859375,116.0,117.56300354003906,62356000,AMZN
2020-05-07,118.73899841308594,118.80000305175781,117.15550231933594,118.38050079345703,67928000,AMZN
2020-05-08,118.60700225830078,119.36199951171875,117.8499984741211,118.98049926757812,64132000,AMZN
2020-05-11,118.73500061035156,120.9834976196289,118.60549926757812,120.44999694824219,65184000,AMZN
2020-05-12,120.59249877929688,120.94999694824219,117.75,117.84750366210938,61498000,AMZN
2020-05-13,118.33999633789062,120.38500213623047,116.88999938964844,118.39600372314453,95658000,AMZN
2020-05-14,118.05049896240234,119.56849670410156,117.6604995727539,119.44249725341797,72962000,AMZN
2020-05-15,118.4260025024414,120.55000305175781,117.81849670410156,120.48899841308594,84700000,AMZN
2020-05-18,120.21749877929688,121.6500015258789,119.20050048828125,121.31300354003906,87144000,AMZN
2020-05-19,121.49150085449219,124.25,121.44850158691406,122.46649932861328,86410000,AMZN
2020-05-20,123.89350128173828,125.00050354003906,123.3635025024414,124.89700317382812,79962000,AMZN
2020-05-21,125.0,126.27249908447266,122.12699890136719,122.33699798583984,102288000,AMZN
2020-05-22,122.75050354003906,123.49250030517578,121.50650024414062,121.84400177001953,57342000,AMZN
2020-05-26,122.9000015258789,123.0999984741211,120.7030029296875,121.09300231933594,71364000,AMZN
2020-05-27,120.24949645996094,120.67900085449219,116.5,120.51950073242188,101138000,AMZN
2020-05-28,119.21649932861328,121.84850311279297,118.9114990234375,120.05500030517578,63804000,AMZN
2020-05-29,120.7969970703125,122.11849975585938,119.91000366210938,122.11849975585938,70198000,AMZN
2020-06-01,122.4000015258789,123.84649658203125,122.20850372314453,123.552001953125,58578000,AMZN
2020-06-02,123.3499984741211,123.67649841308594,122.2655029296875,123.62049865722656,50598000,AMZN
2020-06-03,123.40049743652344,124.4000015258789,123.05850219726562,123.91999816894531,53420000,AMZN
2020-06-04,123.87149810791016,125.37699890136719,122.50050354003906,123.02999877929688,58974000,AMZN
2020-06-05,122.22550201416016,124.43250274658203,121.85649871826172,124.1500015258789,66128000,AMZN
2020-06-08,125.01000213623047,126.5,124.36699676513672,126.2030029296875,79414000,AMZN
2020-06-09,126.47200012207031,131.32150268554688,126.25,130.04299926757812,103520000,AMZN
2020-06-10,132.25,136.11749267578125,131.31300354003906,132.37249755859375,98920000,AMZN
2020-06-11,130.1750030517578,133.56900024414062,126.8115005493164,127.89800262451172,116002000,AMZN
2020-06-12,130.0605010986328,131.07400512695312,125.1675033569336,127.2509994506836,108722000,AMZN
2020-06-15,126.33000183105469,129.1999969482422,125.4000015258789,128.63400268554688,77302000,AMZN
2020-06-16,131.0,131.0,128.8000030517578,130.7635040283203,71712000,AMZN
2020-06-17,132.375,132.75,131.59100341796875,132.0489959716797,59186000,AMZN
2020-06-18,132.35049438476562,132.98199462890625,131.8054962158203,132.69900512695312,49756000,AMZN
2020-06-19,133.9040069580078,134.8715057373047,132.9499969482422,133.75050354003906,115540000,AMZN
2020-06-22,134.22500610351562,135.75,133.4499969482422,135.6909942626953,64176000,AMZN
2020-06-23,136.30099487304688,139.15550231933594,135.90199279785156,138.2205047607422,84634000,AMZN
2020-06-24,139.0,139.8000030517578,136.0500030517578,136.72000122070312,90532000,AMZN
2020-06-25,136.9774932861328,137.81149291992188,135.60699462890625,137.72900390625,59374000,AMZN
2020-06-26,138.7530059814453,139.1284942626953,134.39999389648438,134.64349365234375,130016000,AMZN
2020-06-29,134.50050354003906,134.83999633789062,131.50399780273438,134.0189971923828,84468000,AMZN
2020-06-30,134.2534942626953,138.48150634765625,133.75149536132812,137.9409942626953,75394000,AMZN
2020-07-01,137.89950561523438,144.75,137.6999969482422,143.93499755859375,127268000,AMZN
2020-07-02,145.60049438476562,147.7779998779297,143.55499267578125,144.51499938964844,131868000,AMZN
2020-07-06,146.74850463867188,152.99400329589844,146.5,152.8520050048828,137612000,AMZN
2020-07-07,152.92750549316406,153.4774932861328,149.5,150.00599670410156,105150000,AMZN
2020-07-08,151.1304931640625,154.19850158691406,150.6215057373047,154.0554962158203,100752000,AMZN
2020-07-09,155.79949951171875,159.69400024414062,153.6999969482422,159.13150024414062,127774000,AMZN
2020-07-10,159.58799743652344,160.75,156.78500366210938,160.0,109720000,AMZN
2020-07-13,162.55299377441406,167.21449279785156,153.41949462890625,155.1999969482422,154408000,AMZN
2020-07-14,154.4499969482422,156.36900329589844,147.5,154.1999969482422,144638000,AMZN
2020-07-15,154.01150512695312,154.91749572753906,148.65899658203125,150.44349670410156,115778000,AMZN
2020-07-16,148.55299377441406,151.60000610351562,145.9114990234375,149.9949951171875,127884000,AMZN
2020-07-17,150.4499969482422,151.1999969482422,147.42250061035156,148.09849548339844,95226000,AMZN
2020-07-20,150.00999450683594,160.0679931640625,149.7010040283203,159.8419952392578,151964000,AMZN
2020-07-21,161.62449645996094,162.0290069580078,155.28599548339844,156.9145050048828,122426000,AMZN
2020-07-22,156.25,157.5,153.26300048828125,154.99549865722656,82084000,AMZN
2020-07-23,154.9134979248047,154.9134979248047,148.5,149.32749938964844,113138000,AMZN
2020-07-24,146.5,151.57899475097656,144.39999389648438,150.44549560546875,112648000,AMZN
2020-07-27,153.10000610351562,154.89999389648438,150.7884979248047,152.760498046875,83410000,AMZN
2020-07-28,152.7135009765625,153.85450744628906,149.78799438476562,150.01649475097656,62534000,AMZN
2020-07-29,151.54949951171875,151.95799255371094,149.8385009765625,151.67649841308594,59482000,AMZN
2020-07-30,150.6999969482422,154.60000610351562,150.25,152.593994140625,122566000,AMZN
2020-07-31,162.1999969482422,162.34100341796875,157.5500030517578,158.23399353027344,161710000,AMZN
2020-08-03,159.02549743652344,159.1999969482422,155.1999969482422,155.59449768066406,101494000,AMZN
2020-08-04,155.0605010986328,158.36199951171875,155.0605010986328,156.94149780273438,93886000,AMZN
2020-08-05,157.18850708007812,160.67950439453125,156.36500549316406,160.25149536132812,78330000,AMZN
2020-08-06,159.71800231933594,162.37350463867188,158.27149963378906,161.25,78812000,AMZN
2020-08-07,161.20050048828125,162.04049682617188,157.0334930419922,158.3730010986328,78722000,AMZN
2020-08-10,158.5155029296875,158.62550354003906,155.0760040283203,157.4080047607422,63346000,AMZN
2020-08-11,155.66000366210938,157.96099853515625,153.64999389648438,154.0334930419922,74362000,AMZN
2020-08-12,155.39999389648438,158.71949768066406,155.0709991455078,158.11199951171875,70442000,AMZN
2020-08-13,159.14950561523438,160.87600708007812,157.75,158.05099487304688,62980000,AMZN
2020-08-14,158.90899658203125,158.91200256347656,156.0,157.4010009765625,55034000,AMZN
2020-08-17,158.656005859375,159.74850463867188,157.70899963378906,159.12049865722656,53824000,AMZN
2020-08-18,160.60000610351562,166.0,160.29100036621094,165.62449645996094,106920000,AMZN
2020-08-19,165.15049743652344,165.7949981689453,162.8000030517578,163.0240020751953,83702000,AMZN
2020-08-20,162.60000610351562,165.63099670410156,161.89999389648438,164.86849975585938,66650000,AMZN
2020-08-21,164.75,165.72000122070312,163.76950073242188,164.23599243164062,71518000,AMZN
2020-08-24,165.50750732421875,169.01600646972656,162.8780059814453,165.3730010986328,93326000,AMZN
2020-08-25,164.74949645996094,167.8699951171875,163.35000610351562,167.32449340820312,79856000,AMZN
2020-08-26,167.5554962158203,172.58700561523438,167.22850036621094,172.09249877929688,130174000,AMZN
2020-08-27,172.50250244140625,172.64999389648438,168.89999389648438,170.0,85296000,AMZN
2020-08-28,171.14999389648438,171.6685028076172,169.3249969482422,170.08999633789062,57940000,AMZN
2020-08-31,170.44949340820312,174.75,170.25,172.54800415039062,83718000,AMZN
2020-09-01,174.47900390625,175.69349670410156,173.35000610351562,174.95599365234375,68644000,AMZN
2020-09-02,177.35000610351562,177.6125030517578,174.33450317382812,176.57249450683594,78630000,AMZN
2020-09-03,174.25,174.42050170898438,165.14999389648438,168.39999389648438,163222000,AMZN
2020-09-04,165.89999389648438,169.0749969482422,155.55650329589844,164.7310028076172,175636000,AMZN
2020-09-08,157.1999969482422,162.54249572753906,156.5,157.49200439453125,121884000,AMZN
2020-09-09,160.14950561523438,165.15899658203125,159.25,163.4304962158203,103774000,AMZN
2020-09-10,165.36099243164062,167.4945068359375,158.52749633789062,158.7554931640625,106614000,AMZN
2020-09-11,160.4344940185547,160.86700439453125,154.19900512695312,155.81100463867188,101880000,AMZN
2020-09-14,158.64700317382812,159.3695068359375,154.8000030517578,155.14849853515625,90592000,AMZN
2020-09-15,156.80799865722656,158.75100708007812,155.4459991455078,157.80650329589844,80430000,AMZN
2020-09-16,158.99949645996094,159.36199951171875,153.70750427246094,153.90499877929688,90244000,AMZN
2020-09-17,150.46249389648438,151.47149658203125,148.62750244140625,150.43649291992188,128982000,AMZN
2020-09-18,151.58700561523438,151.88999938964844,145.27699279785156,147.74549865722656,177852000,AMZN
2020-09-21,145.3249969482422,148.10000610351562,143.5500030517578,148.02349853515625,122358000,AMZN
2020-09-22,151.69200134277344,156.69949340820312,150.00999450683594,156.44949340820312,138976000,AMZN
2020-09-23,156.02149963378906,156.35000610351562,149.61900329589844,149.9929962158203,113054000,AMZN
2020-09-24,148.88949584960938,153.46499633789062,148.25,150.989501953125,110588000,AMZN
2020-09-25,152.7429962158203,155.07699584960938,149.9499969482422,154.75650024414062,92304000,AMZN
2020-09-28,157.4425048828125,158.7519989013672,155.85850524902344,158.70249938964844,84484000,AMZN
2020-09-29,158.76950073242188,159.41299438476562,156.6269989013672,157.24400329589844,69916000,AMZN
2020-09-30,157.0570068359375,160.6439971923828,156.69949340820312,157.43649291992188,97922000,AMZN
2020-10-01,160.39999389648438,161.1999969482422,158.60000610351562,161.06300354003906,99438000,AMZN
2020-10-02,157.68150329589844,159.7899932861328,156.14999389648438,156.25,112262000,AMZN
2020-10-05,157.29200744628906,160.12649536132812,157.04249572753906,159.9600067138672,75506000,AMZN
2020-10-06,158.25,159.10000610351562,154.5,154.9980010986328,101738000,AMZN
2020-10-07,156.75,160.0,156.6195068359375,159.7845001220703,86188000,AMZN
2020-10-08,161.24949645996094,161.6645050048828,158.74949645996094,159.52749633789062,63482000,AMZN
2020-10-09,160.5,164.44949340820312,159.89149475097656,164.33250427246094,98158000,AMZN
2020-10-12,167.4969940185547,174.81199645996094,166.9774932861328,172.14649963378906,167284000,AMZN
2020-10-13,173.39950561523438,174.61900329589844,171.21099853515625,172.18150329589844,114894000,AMZN
2020-10-14,172.35000610351562,173.24400329589844,167.0,168.1855010986328,116254000,AMZN
2020-10-15,164.60049438476562,167.79400634765625,164.0,166.9324951171875,104468000,AMZN
2020-10-16,168.1614990234375,169.98300170898438,158.0,163.635498046875,129488000,AMZN
2020-10-19,164.98049926757812,166.4499969482422,159.63699340820312,160.36050415039062,104472000,AMZN
2020-10-20,161.11399841308594,163.3000030517578,159.60049438476562,160.85049438476562,90194000,AMZN
2020-10-21,160.625,161.69400024414062,158.0,159.2469940185547,91854000,AMZN
2020-10-22,159.49349975585938,159.9375,156.0970001220703,158.82000732421875,84240000,AMZN
2020-10-23,159.5500030517578,160.26649475097656,157.0,160.22000122070312,69334000,AMZN
2020-10-26,159.93699645996094,164.1490020751953,157.6649932861328,160.3520050048828,118024000,AMZN
2020-10-27,161.2469940185547,164.58299255371094,160.56500244140625,164.31649780273438,85820000,AMZN
2020-10-28,162.46499633789062,163.2010040283203,158.12350463867188,158.13900756835938,111766000,AMZN
2020-10-29,160.06350708007812,162.8625030517578,158.1999969482422,160.55050659179688,131930000,AMZN
2020-10-30,157.8874969482422,158.35000610351562,150.9499969482422,151.8074951171875,167728000,AMZN
2020-11-02,153.08700561523438,153.98550415039062,147.50599670410156,150.2239990234375,145148000,AMZN
2020-11-03,150.92649841308594,153.7449951171875,149.0489959716797,152.42050170898438,97958000,AMZN
2020-11-04,157.99949645996094,162.24249267578125,156.9864959716797,162.05799865722656,136780000,AMZN
2020-11-05,165.99850463867188,168.33999633789062,164.44400024414062,166.10000610351562,115786000,AMZN
2020-11-06,165.23199462890625,166.10000610351562,161.60000610351562,165.56849670410156,92946000,AMZN
2020-11-09,161.55149841308594,164.4499969482422,155.60549926757812,157.18699645996094,143808000,AMZN
2020-11-10,154.75100708007812,155.6999969482422,150.9739990234375,151.75100708007812,131820000,AMZN
2020-11-11,153.08900451660156,156.95750427246094,152.5,156.8695068359375,87338000,AMZN
2020-11-12,157.99749755859375,158.79400634765625,154.30250549316406,155.51400756835938,87240000,AMZN
2020-11-13,156.10000610351562,157.08599853515625,154.26950073242188,156.4405059814453,75124000,AMZN
2020-11-16,154.66000366210938,157.13499450683594,153.63450622558594,156.55299377441406,76174000,AMZN
2020-11-17,159.177001953125,159.46249389648438,156.76300048828125,156.7830047607422,68894000,AMZN
2020-11-18,156.6999969482422,157.0,155.2550048828125,155.2729949951172,58336000,AMZN
2020-11-19,155.2655029296875,156.25,154.04600524902344,155.8509979248047,60206000,AMZN
2020-11-20,155.8509979248047,156.64450073242188,154.90249633789062,154.97000122070312,67488000,AMZN
2020-11-23,155.8350067138672,156.9875030517578,153.2729949951172,154.91949462890625,94178000,AMZN
2020-11-24,155.02499389648438,156.71249389648438,154.31300354003906,155.9029998779297,72042000,AMZN
2020-11-25,157.093505859375,159.89999389648438,157.01300048828125,159.2534942626953,75808000,AMZN
2020-11-27,160.56300354003906,160.8094940185547,159.50250244140625,159.76699829101562,47858000,AMZN
2020-11-30,160.4239959716797,161.41949462890625,156.27749633789062,158.40199279785156,81278000,AMZN
2020-12-01,159.4250030517578,162.44749450683594,157.85899353027344,161.00399780273438,90740000,AMZN
2020-12-02,161.08250427246094,161.60000610351562,158.66299438476562,160.17649841308594,62586000,AMZN
2020-12-03,160.2729949951172,161.4320068359375,159.0655059814453,159.3365020751953,57840000,AMZN
2020-12-04,159.91050720214844,159.91050720214844,157.93800354003906,158.12899780273438,58272000,AMZN
2020-12-07,157.82400512695312,159.03799438476562,157.08450317382812,157.89999389648438,55026000,AMZN
2020-12-08,157.94500732421875,159.2064971923828,156.00100708007812,158.864501953125,65726000,AMZN
2020-12-09,158.39450073242188,158.72149658203125,154.39999389648438,155.2100067138672,82016000,AMZN
2020-12-10,154.44949340820312,157.10499572753906,153.8000030517578,155.07449340820312,60604000,AMZN
2020-12-11,154.83299255371094,155.93350219726562,153.64100646972656,155.8209991455078,61294000,AMZN
2020-12-14,157.14999389648438,159.52349853515625,156.3000030517578,157.84849548339844,83116000,AMZN
2020-12-15,159.05050659179688,159.4250030517578,156.52450561523438,158.25599670410156,66390000,AMZN
2020-12-16,158.80050659179688,162.35000610351562,158.1840057373047,162.04800415039062,88552000,AMZN
2020-12-17,162.5,163.17550659179688,161.0500030517578,161.8040008544922,69486000,AMZN
2020-12-18,162.19949340820312,162.4709930419922,158.5800018310547,160.08250427246094,119914000,AMZN
2020-12-21,160.00050354003906,161.34849548339844,158.3000030517578,160.3090057373047,76736000,AMZN
2020-12-22,160.14199829101562,161.10000610351562,159.00399780273438,160.3260040283203,47388000,AMZN
2020-12-23,160.25,160.50650024414062,159.20849609375,159.2635040283203,41876000,AMZN
2020-12-24,159.69500732421875,160.10000610351562,158.4499969482422,158.63450622558594,29038000,AMZN
2020-12-28,159.6999969482422,165.1999969482422,158.63450622558594,164.197998046875,113736000,AMZN
2020-12-29,165.4969940185547,167.53250122070312,164.06100463867188,166.10000610351562,97458000,AMZN
2020-12-30,167.0500030517578,167.10499572753906,164.12350463867188,164.29249572753906,64186000,AMZN
2020-12-31,163.75,164.14599609375,162.05999755859375,162.84649658203125,59144000,AMZN
2021-01-04,163.5,163.60000610351562,157.2010040283203,159.3314971923828,88228000,AMZN
2021-01-05,158.30050659179688,161.16900634765625,158.2530059814453,160.92550659179688,53110000,AMZN
2021-01-06,157.32400512695312,159.87550354003906,156.55799865722656,156.91900634765625,87896000,AMZN
2021-01-07,157.85000610351562,160.427001953125,157.75,158.10800170898438,70290000,AMZN
2021-01-08,159.0,159.53199768066406,157.11000061035156,159.13499450683594,70754000,AMZN
2021-01-11,157.40049743652344,157.81900024414062,155.5,155.7104949951172,73668000,AMZN
2021-01-12,156.0,157.10699462890625,154.3000030517578,156.04150390625,70292000,AMZN
2021-01-13,156.4219970703125,159.49749755859375,156.10400390625,158.29449462890625,66424000,AMZN
2021-01-14,158.37600708007812,158.89999389648438,156.0294952392578,156.37350463867188,61418000,AMZN
2021-01-15,156.1510009765625,157.12750244140625,154.7584991455078,155.21249389648438,84880000,AMZN
2021-01-19,155.35000610351562,157.25,154.8000030517578,156.03799438476562,66102000,AMZN
2021-01-20,159.09950256347656,163.99000549316406,158.75,163.16900634765625,106196000,AMZN
2021-01-21,164.64999389648438,167.42750549316406,164.47850036621094,165.34950256347656,98722000,AMZN
2021-01-22,165.2154998779297,166.0955047607422,164.1580047607422,164.6114959716797,56438000,AMZN
2021-01-25,166.4250030517578,168.1945037841797,162.15750122070312,164.6999969482422,74996000,AMZN
2021-01-26,164.8179931640625,166.89999389648438,164.14349365234375,166.30650329589844,59104000,AMZN
2021-01-27,167.07449340820312,167.3260040283203,160.35400390625,161.62899780273438,93204000,AMZN
2021-01-28,161.7519989013672,165.08399963378906,161.4344940185547,161.88099670410156,62984000,AMZN
2021-01-29,161.5,161.84950256347656,159.2274932861328,160.30999755859375,85872000,AMZN
2021-02-01,162.1179962158203,167.51300048828125,161.75149536132812,167.1439971923828,83204000,AMZN
2021-02-02,169.0,171.38699340820312,168.05650329589844,169.0,141972000,AMZN
2021-02-03,171.25050354003906,171.6999969482422,165.43099975585938,165.62649536132812,141776000,AMZN
2021-02-04,166.5,167.35000610351562,163.8874969482422,166.5500030517578,73414000,AMZN
2021-02-05,165.9499969482422,168.85000610351562,165.135498046875,167.6074981689453,72416000,AMZN
2021-02-08,167.9250030517578,168.25,165.1999969482422,166.14700317382812,65148000,AMZN
2021-02-09,165.62449645996094,166.89999389648438,164.89199829101562,165.25,44070000,AMZN
2021-02-10,165.6999969482422,165.8975067138672,162.6999969482422,164.32899475097656,63032000,AMZN
2021-02-11,164.60000610351562,164.60000610351562,162.4029998779297,163.10650634765625,46028000,AMZN
2021-02-12,162.5,164.0124969482422,161.66549682617188,163.885498046875,46706000,AMZN
2021-02-16,162.70249938964844,165.4149932861328,162.67950439453125,163.44749450683594,51494000,AMZN
2021-02-17,163.17999267578125,166.04550170898438,162.97500610351562,165.4320068359375,65950000,AMZN
2021-02-18,164.12100219726562,166.89999389648438,163.69700622558594,166.4114990234375,60548000,AMZN
2021-02-19,166.4114990234375,166.6750030517578,162.28750610351562,162.4949951171875,86104000,AMZN
2021-02-22,160.406494140625,161.61599731445312,158.61300659179688,159.03700256347656,70314000,AMZN
2021-02-23,156.35150146484375,160.2364959716797,154.67999267578125,159.72500610351562,93544000,AMZN
2021-02-24,158.33749389648438,158.56149291992188,156.2689971923828,157.97650146484375,60226000,AMZN
2021-02-25,156.83700561523438,158.91299438476562,152.38800048828125,152.85800170898438,90676000,AMZN
2021-02-26,154.75999450683594,156.1219940185547,151.8350067138672,154.64649963378906,85518000,AMZN
2021-03-01,156.39450073242188,157.47799682617188,154.89950561523438,157.3070068359375,54582000,AMZN
2021-03-02,157.17349243164062,158.17599487304688,154.3560028076172,154.72650146484375,51916000,AMZN
2021-03-03,154.0590057373047,155.38900756835938,149.75,150.25,79774000,AMZN
2021-03-04,150.60000610351562,152.906494140625,147.27149963378906,148.8784942626953,109632000,AMZN
2021-03-05,150.25,150.4499969482422,144.0500030517578,150.0229949951172,107772000,AMZN
2021-03-08,150.75,153.22950744628906,147.5655059814453,147.59750366210938,83700000,AMZN
2021-03-09,150.89950561523438,154.54800415039062,150.25750732421875,153.1425018310547,80600000,AMZN
2021-03-10,154.92250061035156,155.822998046875,151.50250244140625,152.8820037841797,60250000,AMZN
2021-03-11,155.20050048828125,156.58900451660156,154.14649963378906,155.67950439453125,55528000,AMZN
2021-03-12,153.75,154.94900512695312,152.27499389648438,154.47450256347656,48438000,AMZN
2021-03-15,153.72850036621094,154.11199951171875,151.60450744628906,154.08399963378906,58272000,AMZN
2021-03-16,155.24850463867188,156.44549560546875,153.79299926757812,154.59300231933594,50776000,AMZN
2021-03-17,153.66099548339844,158.65249633789062,153.51100158691406,156.7864990234375,62372000,AMZN
2021-03-18,155.0500030517578,155.8314971923828,151.25,151.39950561523438,72992000,AMZN
2021-03-19,151.4615020751953,153.864501953125,150.8314971923828,153.7480010986328,92508000,AMZN
2021-03-22,153.3925018310547,156.32899475097656,153.00250244140625,155.5435028076172,58044000,AMZN
2021-03-23,156.35000610351562,159.10000610351562,156.04249572753906,156.875,76346000,AMZN
2021-03-24,157.552001953125,158.0155029296875,154.25750732421875,154.35350036621094,59180000,AMZN
2021-03-25,153.64950561523438,155.48899841308594,151.85699462890625,152.31300354003906,71270000,AMZN
2021-03-26,152.2030029296875,152.83299255371094,149.8000030517578,152.60150146484375,66258000,AMZN
2021-03-29,152.77200317382812,154.5625,151.42250061035156,153.7864990234375,54920000,AMZN
2021-03-30,153.50050354003906,153.64999389648438,151.6999969482422,152.76449584960938,46752000,AMZN
2021-03-31,153.2030029296875,155.9665069580078,153.125,154.70399475097656,61878000,AMZN
2021-04-01,155.89700317382812,158.1219940185547,155.77749633789062,158.0500030517578,58806000,AMZN
2021-04-05,158.64999389648438,161.79800415039062,158.06199645996094,161.3365020751953,66698000,AMZN
2021-04-06,161.1875,162.36549377441406,160.8520050048828,161.1909942626953,50756000,AMZN
2021-04-07,161.69000244140625,165.1804962158203,161.1824951171875,163.96949768066406,66924000,AMZN
2021-04-08,165.5449981689453,166.22500610351562,164.60000610351562,164.96499633789062,56242000,AMZN
2021-04-09,165.23500061035156,168.61000061035156,164.44500732421875,168.61000061035156,86830000,AMZN
2021-04-12,167.760498046875,169.7519989013672,167.5574951171875,168.96949768066406,65636000,AMZN
2021-04-13,170.04249572753906,171.60000610351562,169.781494140625,170.0,66316000,AMZN
2021-04-14,170.20199584960938,170.2064971923828,166.3000030517578,166.64999389648438,62904000,AMZN
2021-04-15,168.5500030517578,169.85000610351562,167.60000610351562,168.95449829101562,64672000,AMZN
2021-04-16,169.0,170.33999633789062,167.7794952392578,169.9720001220703,63720000,AMZN
2021-04-19,169.51649475097656,171.79649353027344,168.00799560546875,168.60049438476562,54508000,AMZN
2021-04-20,168.67999267578125,169.14950561523438,165.8000030517578,166.7344970703125,52460000,AMZN
2021-04-21,165.8000030517578,168.14300537109375,165.1905059814453,168.1009979248047,44224000,AMZN
2021-04-22,168.58399963378906,168.64349365234375,165.07249450683594,165.45199584960938,51612000,AMZN
2021-04-23,165.9550018310547,168.75,165.4250030517578,167.04400634765625,63856000,AMZN
2021-04-26,167.39999389648438,171.42250061035156,166.5469970703125,170.4499969482422,97614000,AMZN
2021-04-27,172.17349243164062,173.0,169.90049743652344,170.8715057373047,76542000,AMZN
2021-04-28,171.74000549316406,174.49400329589844,171.25,172.9250030517578,92638000,AMZN
2021-04-29,175.2550048828125,175.72250366210938,171.75,173.5655059814453,153648000,AMZN
2021-04-30,176.25599670410156,177.6999969482422,173.125,173.37100219726562,140186000,AMZN
2021-05-03,174.2364959716797,174.33250427246094,168.63499450683594,169.32449340820312,117510000,AMZN
2021-05-04,167.8094940185547,168.3990020751953,163.60650634765625,165.593505859375,108788000,AMZN
2021-05-05,166.9429931640625,167.73500061035156,163.21800231933594,163.52699279785156,74226000,AMZN
2021-05-06,163.5,165.72000122070312,162.36000061035156,165.31849670410156,88954000,AMZN
2021-05-07,165.95449829101562,166.54449462890625,164.45350646972656,164.58050537109375,94206000,AMZN
2021-05-10,164.11599731445312,164.14999389648438,159.5,159.52450561523438,116772000,AMZN
2021-05-11,156.81399536132812,161.89999389648438,156.36849975585938,161.19549560546875,92396000,AMZN
2021-05-12,159.25,160.39700317382812,156.65499877929688,157.5970001220703,98728000,AMZN
2021-05-13,159.27349853515625,160.19200134277344,156.64999389648438,158.07350158691406,67018000,AMZN
2021-05-14,159.2779998779297,161.4429931640625,159.14999389648438,161.14500427246094,66500000,AMZN
2021-05-17,162.29649353027344,164.6374969482422,161.72950744628906,163.51950073242188,74478000,AMZN
2021-05-18,164.62899780273438,165.60000610351562,161.51849365234375,161.61399841308594,56568000,AMZN
2021-05-19,159.75,161.7375030517578,159.1999969482422,161.58999633789062,53594000,AMZN
2021-05-20,162.22000122070312,162.98399353027344,161.8090057373047,162.38400268554688,52664000,AMZN
2021-05-21,162.5,162.83450317382812,159.85049438476562,160.1540069580078,82098000,AMZN
2021-05-24,160.77499389648438,162.8975067138672,160.52499389648438,162.24949645996094,48456000,AMZN
2021-05-25,163.33349609375,163.99099731445312,160.68800354003906,162.95249938964844,65222000,AMZN
2021-05-26,163.72950744628906,164.7864990234375,162.92550659179688,163.25799560546875,47680000,AMZN
2021-05-27,162.8000030517578,163.01800537109375,161.5019989013672,161.5054931640625,51224000,AMZN
2021-05-28,162.10000610351562,162.39950561523438,160.98500061035156,161.15350341796875,46596000,AMZN
2021-06-01,162.1750030517578,162.5489959716797,160.4530029296875,160.9324951171875,48600000,AMZN
2021-06-02,161.15499877929688,161.75,160.39999389648438,161.69949340820312,40290000,AMZN
2021-06-03,160.2115020751953,160.7220001220703,159.20150756835938,159.35049438476562,47966000,AMZN
2021-06-04,160.60000610351562,161.0500030517578,159.9405059814453,160.31100463867188,44994000,AMZN
2021-06-07,159.8665008544922,160.39999389648438,158.61000061035156,159.90049743652344,44316000,AMZN
2021-06-08,161.1304931640625,163.97650146484375,160.90049743652344,163.20550537109375,68334000,AMZN
2021-06-09,163.64349365234375,164.87899780273438,163.53500366210938,164.0574951171875,49110000,AMZN
2021-06-10,164.10049438476562,167.5500030517578,164.0574951171875,167.4824981689453,69530000,AMZN
2021-06-11,167.4824981689453,168.32899475097656,166.67250061035156,167.3415069580078,56348000,AMZN
2021-06-14,167.3415069580078,169.25,166.77499389648438,169.19349670410156,51394000,AMZN
2021-06-15,169.1999969482422,169.84950256347656,168.15550231933594,169.156494140625,48524000,AMZN
2021-06-16,169.60000610351562,171.3175048828125,168.02650451660156,170.7624969482422,84056000,AMZN
2021-06-17,170.15899658203125,174.86000061035156,170.0500030517578,174.46200561523438,102730000,AMZN
2021-06-18,173.99949645996094,175.35000610351562,173.6855010986328,174.34500122070312,104954000,AMZN
2021-06-21,173.8209991455078,174.10000610351562,171.6999969482422,172.697998046875,65542000,AMZN
2021-06-22,172.9029998779297,176.18899536132812,172.80450439453125,175.27200317382812,66902000,AMZN
2021-06-23,175.25,176.0500030517578,174.16000366210938,175.1909942626953,56266000,AMZN
2021-06-24,175.3820037841797,176.2429962158203,171.54249572753906,172.45399475097656,76640000,AMZN
2021-06-25,173.1999969482422,173.24099731445312,169.70899963378906,170.072998046875,78820000,AMZN
2021-06-28,170.8000030517578,172.39999389648438,170.67550659179688,172.1945037841797,44856000,AMZN
2021-06-29,171.9409942626953,172.80149841308594,171.15150451660156,172.40699768066406,41968000,AMZN
2021-06-30,172.05299377441406,173.5800018310547,171.75,172.00799560546875,48080000,AMZN
2021-07-01,171.73049926757812,172.85000610351562,170.4709930419922,171.64849853515625,40742000,AMZN
2021-07-02,172.58200073242188,175.58599853515625,171.8459930419922,175.5489959716797,63388000,AMZN
2021-07-06,176.5054931640625,184.2740020751953,176.4499969482422,183.78700256347656,134896000,AMZN
2021-07-07,185.86900329589844,186.7100067138672,183.94549560546875,184.82899475097656,106562000,AMZN
2021-07-08,182.17799377441406,187.99949645996094,181.05599975585938,186.57049560546875,103612000,AMZN
2021-07-09,186.12600708007812,187.39999389648438,184.6699981689453,185.9669952392578,74964000,AMZN
2021-07-12,187.1999969482422,187.864501953125,184.83949279785156,185.92750549316406,51432000,AMZN
2021-07-13,185.10499572753906,188.6540069580078,183.5659942626953,183.8679962158203,76918000,AMZN
2021-07-14,185.4425048828125,185.88299560546875,183.04150390625,184.08399963378906,65932000,AMZN
2021-07-15,184.7100067138672,184.77000427246094,181.04600524902344,181.55999755859375,63706000,AMZN
2021-07-16,181.66549682617188,182.30299377441406,178.5229949951172,178.68150329589844,80874000,AMZN
2021-07-19,176.62899780273438,177.510498046875,174.95799255371094,177.47950744628906,75692000,AMZN
2021-07-20,178.36599731445312,179.60000610351562,175.89999389648438,178.6595001220703,65114000,AMZN
2021-07-21,178.81900024414062,179.32249450683594,177.1820068359375,179.25999450683594,46380000,AMZN
2021-07-22,179.3614959716797,182.00100708007812,179.11349487304688,181.90150451660156,65308000,AMZN
2021-07-23,182.0,183.3054962158203,181.1020050048828,182.83200073242188,48726000,AMZN
2021-07-26,183.6584930419922,185.60400390625,182.3625030517578,184.99099731445312,58002000,AMZN
2021-07-27,184.9250030517578,184.9250030517578,179.3074951171875,181.3195037841797,82638000,AMZN
2021-07-28,181.68899536132812,182.92100524902344,180.0500030517578,181.51600646972656,59988000,AMZN
2021-07-29,181.3874969482422,181.8975067138672,179.00050354003906,179.99600219726562,110400000,AMZN
2021-07-30,167.3975067138672,168.40699768066406,165.3489990234375,166.37950134277344,199312000,AMZN
2021-08-02,167.65499877929688,167.9459991455078,165.85000610351562,166.57400512695312,67078000,AMZN
2021-08-03,167.03599548339844,169.5500030517578,164.98849487304688,168.31199645996094,83146000,AMZN
2021-08-04,168.96749877929688,169.44400024414062,167.2779998779297,167.73599243164062,43678000,AMZN
2021-08-05,167.81100463867188,169.4499969482422,167.04600524902344,168.79949951171875,48670000,AMZN
2021-08-06,168.75,168.75,166.45199584960938,167.2469940185547,52752000,AMZN
2021-08-09,167.1804962158203,167.74400329589844,166.42599487304688,167.093505859375,42964000,AMZN
2021-08-10,167.25050354003906,167.89999389648438,165.75,166.03399658203125,48252000,AMZN
2021-08-11,166.57249450683594,166.88499450683594,163.88949584960938,164.60549926757812,58944000,AMZN
2021-08-12,164.5,165.72549438476562,163.48350524902344,165.1750030517578,46282000,AMZN
2021-08-13,165.2834930419922,165.30349731445312,164.14999389648438,164.69850158691406,41134000,AMZN
2021-08-16,164.14999389648438,165.0,160.55650329589844,164.94949340820312,66394000,AMZN
2021-08-17,163.875,164.02450561523438,161.28399658203125,162.09800720214844,67758000,AMZN
2021-08-18,162.09950256347656,162.7050018310547,160.0,160.06100463867188,56086000,AMZN
2021-08-19,159.7010040283203,161.64999389648438,159.1230010986328,159.3874969482422,75658000,AMZN
2021-08-20,160.19349670410156,160.3905029296875,158.78799438476562,159.99749755859375,67168000,AMZN
2021-08-23,160.59500122070312,164.0449981689453,160.50050354003906,163.2935028076172,65362000,AMZN
2021-08-24,164.0,165.77450561523438,163.72900390625,165.28900146484375,51036000,AMZN
2021-08-25,165.49349975585938,166.0500030517578,164.3074951171875,164.95899963378906,33606000,AMZN
2021-08-26,164.9499969482422,166.60000610351562,164.8000030517578,165.8000030517578,41976000,AMZN
2021-08-27,166.6614990234375,167.61599731445312,165.6875,167.48150634765625,48048000,AMZN
2021-08-30,167.8715057373047,172.25,167.76100158691406,171.07850646972656,63844000,AMZN
2021-08-31,171.24000549316406,173.62899780273438,169.7794952392578,173.5395050048828,87128000,AMZN
2021-09-01,174.82000732421875,176.35000610351562,173.76199340820312,173.9499969482422,72598000,AMZN
2021-09-02,174.73800659179688,175.59800720214844,172.75,173.156005859375,58474000,AMZN
2021-09-03,172.60000610351562,174.1334991455078,171.82200622558594,173.90249633789062,51514000,AMZN
2021-09-07,173.89999389648438,176.4044952392578,173.8470001220703,175.46449279785156,54758000,AMZN
2021-09-08,175.58250427246094,177.281494140625,174.7834930419922,176.27499389648438,61068000,AMZN
2021-09-09,176.30099487304688,177.49949645996094,174.01849365234375,174.20799255371094,54384000,AMZN
2021-09-10,175.0915069580078,175.42250061035156,173.14549255371094,173.45750427246094,47946000,AMZN
2021-09-13,174.13999938964844,174.8979949951172,171.89999389648438,172.85850524902344,51380000,AMZN
2021-09-14,173.77749633789062,174.3404998779297,171.885498046875,172.5,38738000,AMZN
2021-09-15,172.12600708007812,174.27099609375,170.10049438476562,173.7895050048828,59150000,AMZN
2021-09-16,172.9980010986328,174.62750244140625,172.3070068359375,174.41200256347656,51672000,AMZN
2021-09-17,174.42050170898438,174.87049865722656,172.60650634765625,173.12600708007812,92332000,AMZN
2021-09-20,169.8000030517578,170.9499969482422,165.25050354003906,167.7864990234375,93382000,AMZN
2021-09-21,168.75,168.98500061035156,166.6195068359375,167.18150329589844,55618000,AMZN
2021-09-22,167.5500030517578,169.4499969482422,167.05250549316406,169.00250244140625,48228000,AMZN
2021-09-23,169.00250244140625,171.447998046875,169.00250244140625,170.8000030517578,47588000,AMZN
2021-09-24,170.10049438476562,171.46299743652344,169.6699981689453,171.2760009765625,42324000,AMZN
2021-09-27,168.5749969482422,170.77850341796875,166.98049926757812,170.2899932861328,72690000,AMZN
2021-09-28,167.885498046875,168.45950317382812,164.5050048828125,165.79800415039062,88616000,AMZN
2021-09-29,166.10549926757812,167.56500244140625,164.89349365234375,165.05599975585938,51246000,AMZN
2021-09-30,165.8000030517578,166.3925018310547,163.69949340820312,164.2519989013672,56848000,AMZN
2021-10-01,164.45050048828125,165.45849609375,162.7969970703125,164.16299438476562,56712000,AMZN
2021-10-04,163.96949768066406,163.99949645996094,158.8125,159.48899841308594,90462000,AMZN
2021-10-05,160.22500610351562,163.0364990234375,160.1230010986328,161.0500030517578,65384000,AMZN
2021-10-06,160.67649841308594,163.2169952392578,159.93099975585938,163.10049438476562,50660000,AMZN
2021-10-07,164.57699584960938,166.28750610351562,164.1529998779297,165.1215057373047,48182000,AMZN
2021-10-08,165.85000610351562,166.07150268554688,164.41000366210938,164.43099975585938,39964000,AMZN
2021-10-11,163.75,164.62950134277344,161.90499877929688,162.31500244140625,40684000,AMZN
2021-10-12,162.85000610351562,163.37649536132812,161.81399536132812,162.3665008544922,36392000,AMZN
2021-10-13,163.48550415039062,164.41900634765625,163.05450439453125,164.21400451660156,48402000,AMZN
2021-10-14,165.12249755859375,165.6300048828125,164.53900146484375,164.9929962158203,42190000,AMZN
2021-10-15,165.5709991455078,170.52099609375,165.1999969482422,170.4510040283203,103598000,AMZN
2021-10-18,169.41799926757812,172.45849609375,169.2550048828125,172.33700561523438,63482000,AMZN
2021-10-19,171.71449279785156,172.7344970703125,171.10000610351562,172.20750427246094,47722000,AMZN
2021-10-20,172.63299560546875,173.14300537109375,170.01849365234375,170.7530059814453,42796000,AMZN
2021-10-21,170.71249389648438,172.01400756835938,170.14999389648438,171.75050354003906,37628000,AMZN
2021-10-22,171.0500030517578,171.49200439453125,166.56500244140625,166.77749633789062,62782000,AMZN
2021-10-25,166.75,167.38999938964844,164.88499450683594,166.01849365234375,44520000,AMZN
2021-10-26,167.47549438476562,170.80599975585938,167.19900512695312,168.80349731445312,53966000,AMZN
2021-10-27,169.39999389648438,171.85000610351562,168.57249450683594,169.62449645996094,54044000,AMZN
2021-10-28,170.10499572753906,173.9499969482422,169.3000030517578,172.32850646972656,114174000,AMZN
2021-10-29,165.00100708007812,168.74099731445312,163.66600036621094,168.6215057373047,129722000,AMZN
2021-11-01,168.08999633789062,168.79299926757812,164.6009979248047,165.90550231933594,72178000,AMZN
2021-11-02,165.75050354003906,166.55599975585938,164.17750549316406,165.6374969482422,52552000,AMZN
2021-11-03,165.4499969482422,169.74600219726562,164.87600708007812,169.1999969482422,67944000,AMZN
2021-11-04,168.5,174.93150329589844,168.25,173.85000610351562,107060000,AMZN
2021-11-05,173.85000610351562,178.3125,173.8489990234375,175.94949340820312,99940000,AMZN
2021-11-08,176.16200256347656,178.9499969482422,174.39300537109375,174.44900512695312,61480000,AMZN
2021-11-09,175.7624969482422,179.68850708007812,175.07150268554688,178.81149291992188,85898000,AMZN
2021-11-10,178.19349670410156,180.2725067138672,173.1544952392578,174.1024932861328,80548000,AMZN
2021-11-11,175.64999389648438,177.16200256347656,173.37350463867188,173.625,45288000,AMZN
2021-11-12,174.25,177.0364990234375,172.3524932861328,176.25750732421875,53788000,AMZN
2021-11-15,176.85000610351562,179.69400024414062,176.29049682617188,177.28399658203125,58594000,AMZN
2021-11-16,176.9499969482422,178.8249969482422,176.25750732421875,177.03500366210938,44342000,AMZN
2021-11-17,178.23599243164062,179.3625030517578,177.2675018310547,177.4499969482422,51206000,AMZN
2021-11-18,178.3175048828125,185.2100067138672,178.0500030517578,184.80299377441406,114070000,AMZN
2021-11-19,185.63450622558594,188.1074981689453,183.78599548339844,183.82850646972656,98734000,AMZN
2021-11-22,183.81900024414062,185.67300415039062,178.375,178.6284942626953,96844000,AMZN
2021-11-23,179.2519989013672,181.05250549316406,176.385498046875,179.0019989013672,73804000,AMZN
2021-11-24,178.1334991455078,180.6820068359375,176.84249877929688,179.02049255371094,46560000,AMZN
2021-11-26,180.10499572753906,181.6750030517578,175.20750427246094,175.22799682617188,59826000,AMZN
2021-11-29,177.3820037841797,179.8000030517578,176.5749969482422,178.07850646972656,65312000,AMZN
2021-11-30,178.1750030517578,179.2884979248047,174.60049438476562,175.35350036621094,80022000,AMZN
2021-12-01,177.25,177.99400329589844,172.0800018310547,172.18600463867188,74916000,AMZN
2021-12-02,173.0,174.63499450683594,171.1875,171.8679962158203,64726000,AMZN
2021-12-03,172.75,173.49349975585938,166.92999267578125,169.489501953125,80712000,AMZN
2021-12-06,169.64999389648438,173.69549560546875,166.9344940185547,171.36849975585938,68860000,AMZN
2021-12-07,174.60000610351562,177.49949645996094,173.33450317382812,176.1645050048828,66410000,AMZN
2021-12-08,176.15049743652344,177.17999267578125,174.75050354003906,176.1580047607422,45254000,AMZN
2021-12-09,175.75,176.96949768066406,174.13949584960938,174.17100524902344,46062000,AMZN
2021-12-10,175.41700744628906,175.927001953125,170.5,172.21200561523438,60690000,AMZN
2021-12-13,172.0,172.10000610351562,169.1300048828125,169.5675048828125,62170000,AMZN
2021-12-14,167.5500030517578,169.49899291992188,166.44000244140625,169.0915069580078,55976000,AMZN
2021-12-15,168.59800720214844,173.60000610351562,165.19500732421875,173.31500244140625,75794000,AMZN
2021-12-16,173.36849975585938,174.16600036621094,168.16050720214844,168.87100219726562,60876000,AMZN
2021-12-17,167.7104949951172,170.89849853515625,165.61349487304688,170.0175018310547,85542000,AMZN
2021-12-20,166.85000610351562,167.87449645996094,165.60000610351562,167.07899475097656,57372000,AMZN
2021-12-21,167.85049438476562,170.7165069580078,165.6475067138672,170.41700744628906,55956000,AMZN
2021-12-22,169.27000427246094,172.0500030517578,168.50050354003906,171.03700256347656,55036000,AMZN
2021-12-23,170.42799377441406,171.97500610351562,170.14999389648438,171.06849670410156,36788000,AMZN
2021-12-27,171.03700256347656,172.9429931640625,169.2154998779297,169.66949462890625,58688000,AMZN
2021-12-28,170.1824951171875,172.17599487304688,169.135498046875,170.66099548339844,54638000,AMZN
2021-12-29,170.83999633789062,171.21200561523438,168.60049438476562,169.2010040283203,35754000,AMZN
2021-12-30,169.6999969482422,170.88800048828125,168.5240020751953,168.64450073242188,37584000,AMZN
2021-12-31,168.95599365234375,169.35000610351562,166.55850219726562,166.7169952392578,47830000,AMZN
2022-01-03,167.5500030517578,170.70350646972656,166.16050720214844,170.4044952392578,63520000,AMZN
2022-01-04,170.43800354003906,171.39999389648438,166.34950256347656,167.52200317382812,70726000,AMZN
2022-01-05,166.88299560546875,167.12649536132812,164.35699462890625,164.35699462890625,64302000,AMZN
2022-01-06,163.45050048828125,164.8000030517578,161.93699645996094,163.25399780273438,51958000,AMZN
2022-01-07,163.83900451660156,165.24349975585938,162.031005859375,162.5540008544922,46606000,AMZN
2022-01-10,160.5854949951172,161.6614990234375,156.30450439453125,161.48599243164062,87798000,AMZN
2022-01-11,161.5,166.35000610351562,160.70150756835938,165.36199951171875,62806000,AMZN
2022-01-12,166.5749969482422,166.8780059814453,164.41700744628906,165.20700073242188,50030000,AMZN
2022-01-13,165.25050354003906,166.22149658203125,161.09100341796875,161.21400451660156,52188000,AMZN
2022-01-14,160.14999389648438,162.25,159.80050659179688,162.13800048828125,45974000,AMZN
2022-01-18,159.10499572753906,159.7344970703125,157.6645050048828,158.91749572753906,67292000,AMZN
2022-01-19,158.76199340820312,159.25,156.25,156.2989959716797,53242000,AMZN
2022-01-20,156.76600646972656,158.0,151.3509979248047,151.66749572753906,71974000,AMZN
2022-01-21,149.9499969482422,150.89999389648438,142.07049560546875,142.64300537109375,163972000,AMZN
2022-01-24,139.0,144.94500732421875,135.3520050048828,144.54400634765625,155624000,AMZN
2022-01-25,142.24249267578125,143.60000610351562,138.14500427246094,139.98599243164062,90824000,AMZN
2022-01-26,144.75,145.18499755859375,137.31849670410156,138.87249755859375,95602000,AMZN
2022-01-27,140.8000030517578,144.24349975585938,139.35000610351562,139.6374969482422,77516000,AMZN
2022-01-28,140.86050415039062,143.9980010986328,137.92950439453125,143.97799682617188,74392000,AMZN
2022-01-31,144.75,150.36050415039062,144.30050659179688,149.57350158691406,78308000,AMZN
2022-02-01,150.0,151.70799255371094,147.62750244140625,151.19349670410156,59220000,AMZN
2022-02-02,155.05050659179688,155.0749969482422,148.86349487304688,150.6125030517578,87330000,AMZN
2022-02-03,141.7375030517578,144.24749755859375,138.33299255371094,138.8455047607422,225532000,AMZN
2022-02-04,155.60650634765625,161.1999969482422,150.60800170898438,157.63949584960938,253456000,AMZN
2022-02-07,158.52000427246094,162.6909942626953,157.25,157.9355010986328,102624000,AMZN
2022-02-08,156.75050354003906,161.79249572753906,155.55050659179688,161.4134979248047,76040000,AMZN
2022-02-09,162.87350463867188,163.83450317382812,160.25,161.1894989013672,68786000,AMZN
2022-02-10,158.35000610351562,160.7165069580078,157.75,159.0034942626953,68268000,AMZN
2022-02-11,158.13450622558594,159.0,152.73399353027344,153.2935028076172,77100000,AMZN
2022-02-14,151.75100708007812,158.44850158691406,151.64999389648438,155.16700744628906,83230000,AMZN
2022-02-15,157.60549926757812,158.0070037841797,154.6374969482422,156.510498046875,56440000,AMZN
2022-02-16,155.79049682617188,158.83399963378906,154.7344970703125,158.10049438476562,52704000,AMZN
2022-02-17,158.14599609375,160.3489990234375,154.5,154.65249633789062,64032000,AMZN
2022-02-18,155.49949645996094,155.49949645996094,150.89300537109375,152.60150146484375,63604000,AMZN
2022-02-22,150.47850036621094,152.9824981689453,148.48550415039062,150.19749450683594,66128000,AMZN
2022-02-23,151.65049743652344,151.76300048828125,144.6510009765625,144.82699584960938,64244000,AMZN
2022-02-24,139.83749389648438,151.74899291992188,139.5,151.35800170898438,100786000,AMZN
2022-02-25,150.5500030517578,153.99000549316406,149.2135009765625,153.7884979248047,62396000,AMZN
2022-02-28,152.4250030517578,154.4499969482422,150.85000610351562,153.56300354003906,57684000,AMZN
2022-03-01,152.7324981689453,154.0989990234375,149.9770050048828,151.14199829101562,44874000,AMZN
2022-03-02,150.8489990234375,152.99949645996094,148.75,152.05250549316406,47334000,AMZN
2022-03-03,153.531494140625,153.9290008544922,146.8560028076172,147.89849853515625,65198000,AMZN
2022-03-04,147.15899658203125,147.85000610351562,143.8070068359375,145.64100646972656,60934000,AMZN
2022-03-07,145.44349670410156,146.09449768066406,137.41650390625,137.4530029296875,86934000,AMZN
2022-03-08,136.68350219726562,140.69949340820312,133.57249450683594,136.01449584960938,91662000,AMZN
2022-03-09,139.5,140.25,136.8280029296875,139.2790069580078,82656000,AMZN
2022-03-10,145.68499755859375,148.67449951171875,143.97799682617188,146.8175048828125,135062000,AMZN
2022-03-11,149.57449340820312,149.6750030517578,145.36900329589844,145.52450561523438,68900000,AMZN
2022-03-14,145.9810028076172,147.4499969482422,140.88400268554688,141.85299682617188,74086000,AMZN
2022-03-15,142.85000610351562,147.98500061035156,142.0,147.3665008544922,75584000,AMZN
2022-03-16,148.5,153.14999389648438,147.35350036621094,153.10400390625,84958000,AMZN
2022-03-17,152.6405029296875,157.49850463867188,152.13999938964844,157.23899841308594,72934000,AMZN
2022-03-18,156.81300354003906,161.593994140625,156.01100158691406,161.25050354003906,102962000,AMZN
2022-03-21,161.12100219726562,163.08399963378906,159.55299377441406,161.4915008544922,66538000,AMZN
2022-03-22,161.8054962158203,166.16700744628906,161.69900512695312,164.88900756835938,64086000,AMZN
2022-03-23,163.7050018310547,166.3699951171875,162.68699645996094,163.4080047607422,55812000,AMZN
2022-03-24,163.74949645996094,164.11849975585938,160.0500030517578,163.64950561523438,56798000,AMZN
2022-03-25,164.0,165.36849975585938,162.25,164.77349853515625,49032000,AMZN
2022-03-28,164.97500610351562,169.03750610351562,164.89999389648438,168.99049377441406,59854000,AMZN
2022-03-29,170.38400268554688,170.8314971923828,167.86849975585938,169.31500244140625,66154000,AMZN
2022-03-30,168.50950622558594,168.95050048828125,165.5,166.30099487304688,56168000,AMZN
2022-03-31,166.44500732421875,166.4949951171875,162.95350646972656,162.99749755859375,59966000,AMZN
2022-04-01,164.14950561523438,165.82699584960938,162.3195037841797,163.55999755859375,57090000,AMZN
2022-04-04,164.125,168.39450073242188,163.20550537109375,168.34649658203125,49882000,AMZN
2022-04-05,167.7415008544922,168.11050415039062,163.26600646972656,164.05499267578125,53728000,AMZN
2022-04-06,161.65049743652344,162.1999969482422,157.25450134277344,158.75599670410156,79056000,AMZN
2022-04-07,158.39999389648438,160.07899475097656,154.51150512695312,157.7845001220703,68136000,AMZN
2022-04-08,156.75,157.36849975585938,154.2310028076172,154.4604949951172,46002000,AMZN
2022-04-11,152.71299743652344,154.13650512695312,150.5345001220703,151.1219940185547,52112000,AMZN
2022-04-12,153.6925048828125,155.0989990234375,150.38299560546875,150.78750610351562,55178000,AMZN
2022-04-13,150.01849365234375,156.02499389648438,149.60000610351562,155.54100036621094,53390000,AMZN
2022-04-14,155.38999938964844,155.89700317382812,151.4720001220703,151.7064971923828,51598000,AMZN
2022-04-18,151.52349853515625,154.0395050048828,150.25050354003906,152.78500366210938,46514000,AMZN
2022-04-19,152.0294952392578,158.6490020751953,151.55050659179688,158.11549377441406,54926000,AMZN
2022-04-20,157.6024932861328,157.6024932861328,153.60350036621094,153.9980010986328,59630000,AMZN
2022-04-21,154.71400451660156,156.73800659179688,147.58949279785156,148.29600524902344,63970000,AMZN
2022-04-22,148.25,149.61500549316406,143.69749450683594,144.35000610351562,73078000,AMZN
2022-04-25,144.0229949951172,146.22149658203125,142.30650329589844,146.07400512695312,61874000,AMZN
2022-04-26,144.8000030517578,144.8560028076172,138.92950439453125,139.39100646972656,77530000,AMZN
2022-04-27,140.19149780273438,141.94850158691406,135.7834930419922,138.16700744628906,71336000,AMZN
2022-04-28,142.17799377441406,145.9375,140.3000030517578,144.59649658203125,117316000,AMZN
2022-04-29,129.8489990234375,130.76100158691406,121.625,124.28150177001953,272662000,AMZN
2022-05-02,122.4010009765625,124.66799926757812,118.375,124.5,148788000,AMZN
2022-05-03,124.05349731445312,126.22049713134766,122.82499694824219,124.25350189208984,79134000,AMZN
2022-05-04,123.5999984741211,126.0,119.18299865722656,125.92849731445312,110746000,AMZN
2022-05-05,123.0,123.4990005493164,115.07250213623047,116.40699768066406,144392000,AMZN
2022-05-06,114.8499984741211,119.05049896240234,113.08149719238281,114.77249908447266,124260000,AMZN
2022-05-09,111.3125,114.0,107.95700073242188,108.78900146484375,128124000,AMZN
2022-05-10,111.25,112.64250183105469,107.1709976196289,108.85900115966797,105434000,AMZN
2022-05-11,108.10350036621094,110.15599822998047,104.42849731445312,105.37200164794922,109704000,AMZN
2022-05-12,102.75,110.78050231933594,102.40550231933594,106.93049621582031,132026000,AMZN
2022-05-13,109.06900024414062,113.18399810791016,107.80000305175781,113.05500030517578,93684000,AMZN
2022-05-16,113.0999984741211,113.99250030517578,110.35399627685547,110.81050109863281,74566000,AMZN
2022-05-17,113.2750015258789,115.80000305175781,111.27649688720703,115.36849975585938,76448000,AMZN
2022-05-18,111.43949890136719,112.85299682617188,106.2490005493164,107.11250305175781,108380000,AMZN
2022-05-19,106.28050231933594,110.03399658203125,106.19300079345703,107.31900024414062,88142000,AMZN
2022-05-20,109.56849670410156,109.89800262451172,105.0094985961914,107.59100341796875,99500000,AMZN
2022-05-23,108.46099853515625,108.81900024414062,103.94999694824219,107.55699920654297,107798000,AMZN
2022-05-24,104.0250015258789,105.4000015258789,101.26000213623047,104.0999984741211,102934000,AMZN
2022-05-25,103.65550231933594,108.17500305175781,103.6500015258789,106.7750015258789,93120000,AMZN
2022-05-26,107.97000122070312,112.66549682617188,107.45349884033203,111.07749938964844,93002000,AMZN
2022-05-27,113.55000305175781,115.18699645996094,112.62799835205078,115.14649963378906,93660000,AMZN
2022-05-31,116.27999877929688,121.99449920654297,115.67500305175781,120.20950317382812,144634000,AMZN
2022-06-01,122.25599670410156,125.17900085449219,120.62249755859375,121.68399810791016,127528000,AMZN
2022-06-02,121.68399810791016,125.61000061035156,120.04499816894531,125.51100158691406,100560000,AMZN
2022-06-03,124.19999694824219,124.4000015258789,121.04650115966797,122.3499984741211,97604000,AMZN
2022-06-06,125.25,128.99000549316406,123.80999755859375,124.79000091552734,135269000,AMZN
2022-06-07,122.01000213623047,124.0999984741211,120.62999725341797,123.0,85156700,AMZN
2022-06-08,122.61000061035156,123.75,120.75,121.18000030517578,64926600,AMZN
2022-06-09,119.98999786376953,121.30000305175781,116.0999984741211,116.1500015258789,67029800,AMZN
2022-06-10,113.41999816894531,114.5,109.05000305175781,109.6500015258789,87266000,AMZN
2022-06-13,104.19000244140625,106.54000091552734,101.86000061035156,103.66999816894531,99277700,AMZN
2022-06-14,104.19000244140625,104.87999725341797,101.43000030517578,102.30999755859375,69728800,AMZN
2022-06-15,103.86000061035156,109.05999755859375,103.52999877929688,107.66999816894531,85011100,AMZN
2022-06-16,104.47000122070312,104.58000183105469,102.01000213623047,103.66000366210938,82186300,AMZN
2022-06-17,102.80000305175781,106.9800033569336,102.51000213623047,106.22000122070312,99772100,AMZN
2022-06-21,108.19999694824219,111.62999725341797,103.55999755859375,108.68000030517578,70901200,AMZN
2022-06-22,107.43000030517578,112.12999725341797,107.0199966430664,108.94999694824219,60040100,AMZN
2022-06-23,110.38999938964844,113.0,107.93000030517578,112.44000244140625,64345300,AMZN
2022-06-24,112.37999725341797,116.70999908447266,111.43000030517578,116.45999908447266,69867600,AMZN
2022-06-27,117.08999633789062,117.9800033569336,112.69999694824219,113.22000122070312,62133200,AMZN
2022-06-28,113.5,114.8499984741211,107.04000091552734,107.4000015258789,74942900,AMZN
2022-06-29,107.37999725341797,110.98999786376953,106.91000366210938,108.91999816894531,66375300,AMZN
2022-06-30,108.11000061035156,108.18000030517578,102.5199966430664,106.20999908447266,97679400,AMZN
2022-07-01,106.29000091552734,109.75,105.8499984741211,109.55999755859375,73021200,AMZN
2022-07-05,107.5999984741211,114.08000183105469,106.31999969482422,113.5,76583700,AMZN
2022-07-06,113.20999908447266,115.4800033569336,112.01000213623047,114.33000183105469,66958900,AMZN
2022-07-07,113.8499984741211,116.98999786376953,113.48999786376953,116.33000183105469,57872300,AMZN
2022-07-08,114.5999984741211,116.58000183105469,113.69000244140625,115.54000091552734,45719700,AMZN
2022-07-11,114.08000183105469,114.30000305175781,110.87000274658203,111.75,53487600,AMZN
2022-07-12,112.16000366210938,113.2300033569336,108.33999633789062,109.22000122070312,54280300,AMZN
2022-07-13,107.02999877929688,111.77999877929688,106.01000213623047,110.4000015258789,61353800,AMZN
2022-07-14,110.23999786376953,111.18000030517578,107.58000183105469,110.62999725341797,51163100,AMZN
2022-07-15,112.5,115.58999633789062,111.58999633789062,113.55000305175781,84317800,AMZN
2022-07-18,115.0,117.23999786376953,113.1500015258789,113.76000213623047,59115400,AMZN
2022-07-19,115.69999694824219,118.94999694824219,114.02999877929688,118.20999908447266,60990000,AMZN
2022-07-20,118.62000274658203,123.4800033569336,118.31999969482422,122.7699966430664,71268300,AMZN
2022-07-21,123.19999694824219,124.8499984741211,121.26000213623047,124.62999725341797,60239900,AMZN
2022-07-22,125.01000213623047,125.5,121.3499984741211,122.41999816894531,51463800,AMZN
2022-07-25,122.69999694824219,123.63999938964844,120.02999877929688,121.13999938964844,50221300,AMZN
2022-07-26,115.79000091552734,118.1500015258789,114.52999877929688,114.80999755859375,67075100,AMZN
2022-07-27,117.30999755859375,121.9000015258789,117.16000366210938,120.97000122070312,61582000,AMZN
2022-07-28,121.56999969482422,122.83999633789062,118.08000183105469,122.27999877929688,82245500,AMZN
2022-07-29,134.89999389648438,137.64999389648438,132.41000366210938,134.9499969482422,148892900,AMZN
2022-08-01,134.9600067138672,138.8300018310547,133.50999450683594,135.38999938964844,76846900,AMZN
2022-08-02,134.72000122070312,137.44000244140625,134.08999633789062,134.16000366210938,61922400,AMZN
2022-08-03,136.2100067138672,140.49000549316406,136.0500030517578,139.52000427246094,71827800,AMZN
2022-08-04,140.5800018310547,143.55999755859375,139.5500030517578,142.57000732421875,70585000,AMZN
2022-08-05,140.10000610351562,142.86000061035156,139.60000610351562,140.8000030517578,50686900,AMZN
2022-08-08,142.0500030517578,144.22999572753906,138.2899932861328,139.41000366210938,52229000,AMZN
2022-08-09,138.0500030517578,138.9499969482422,136.2100067138672,137.8300018310547,40434700,AMZN
2022-08-10,142.89999389648438,144.60000610351562,141.00999450683594,142.69000244140625,54773800,AMZN
2022-08-11,143.86000061035156,144.49000549316406,139.75999450683594,140.63999938964844,44867300,AMZN
2022-08-12,142.0500030517578,143.57000732421875,140.1199951171875,143.5500030517578,47643500,AMZN
2022-08-15,142.8000030517578,143.75999450683594,141.49000549316406,143.17999267578125,39014600,AMZN
2022-08-16,143.91000366210938,146.57000732421875,142.0,144.77999877929688,59102900,AMZN
2022-08-17,142.69000244140625,143.3800048828125,140.77999877929688,142.10000610351562,48149800,AMZN
2022-08-18,141.32000732421875,142.77000427246094,140.3800048828125,142.3000030517578,37458700,AMZN
2022-08-19,140.47000122070312,141.11000061035156,137.91000366210938,138.22999572753906,47792800,AMZN
2022-08-22,135.72000122070312,136.32000732421875,132.85000610351562,133.22000122070312,50461500,AMZN
2022-08-23,133.41000366210938,134.99000549316406,132.9499969482422,133.6199951171875,36252100,AMZN
2022-08-24,132.75,135.47000122070312,132.10000610351562,133.8000030517578,38627000,AMZN
2022-08-25,135.25999450683594,137.4199981689453,134.27999877929688,137.27999877929688,37496300,AMZN
2022-08-26,136.5500030517578,137.8300018310547,130.5,130.75,53322700,AMZN
2022-08-29,129.89999389648438,131.9499969482422,128.77000427246094,129.7899932861328,48101600,AMZN
2022-08-30,131.25,132.07000732421875,126.8499984741211,128.72999572753906,49203000,AMZN
2022-08-31,129.4499969482422,130.58999633789062,126.73999786376953,126.7699966430664,53648700,AMZN
2022-09-01,126.0,128.02000427246094,123.66000366210938,127.81999969482422,56636100,AMZN
2022-09-02,129.5,131.3800048828125,126.38999938964844,127.51000213623047,57429800,AMZN
2022-09-06,127.91999816894531,128.6199951171875,124.73999786376953,126.11000061035156,43888600,AMZN
2022-09-07,126.12000274658203,129.82000732421875,125.4000015258789,129.47999572753906,47900300,AMZN
2022-09-08,127.72000122070312,130.27999877929688,127.0999984741211,129.82000732421875,43988500,AMZN
2022-09-09,130.91000366210938,133.69000244140625,130.75999450683594,133.27000427246094,49387600,AMZN
2022-09-12,134.10000610351562,136.49000549316406,134.0,136.4499969482422,53826900,AMZN
2022-09-13,131.00999450683594,131.39999389648438,126.2699966430664,126.81999969482422,72694000,AMZN
2022-09-14,127.36000061035156,128.83999633789062,126.33000183105469,128.5500030517578,45316800,AMZN
2022-09-15,127.37999725341797,130.3699951171875,125.5,126.27999877929688,52887200,AMZN
2022-09-16,122.77999877929688,123.87000274658203,120.69999694824219,123.52999877929688,115667800,AMZN
2022-09-19,122.16000366210938,124.70999908447266,121.80000305175781,124.66000366210938,47279700,AMZN
2022-09-20,123.3499984741211,124.4000015258789,121.13999938964844,122.19000244140625,47698400,AMZN
2022-09-21,122.48999786376953,123.76000213623047,118.44999694824219,118.54000091552734,58498900,AMZN
2022-09-22,117.08000183105469,118.79000091552734,116.26000213623047,117.30999755859375,55229200,AMZN
2022-09-23,116.0,116.05000305175781,112.05999755859375,113.77999877929688,65126700,AMZN
2022-09-26,113.30000305175781,117.33999633789062,113.12999725341797,115.1500015258789,62723300,AMZN
2022-09-27,117.19999694824219,118.31999969482422,113.05000305175781,114.41000366210938,60094700,AMZN
2022-09-28,114.37999725341797,118.69999694824219,113.80000305175781,118.01000213623047,55763800,AMZN
2022-09-29,115.5999984741211,116.06999969482422,113.05999755859375,114.80000305175781,58969700,AMZN
2022-09-30,114.08000183105469,116.91999816894531,112.83999633789062,113.0,59479600,AMZN
2022-10-03,113.58000183105469,116.91000366210938,112.44999694824219,115.87999725341797,50941900,AMZN
2022-10-04,119.88999938964844,123.0,119.79000091552734,121.08999633789062,62812600,AMZN
2022-10-05,118.58000183105469,121.75,117.69000244140625,120.94999694824219,48217500,AMZN
2022-10-06,120.7699966430664,121.52999877929688,119.5,120.30000305175781,42253800,AMZN
2022-10-07,118.0,118.16999816894531,113.87999725341797,114.55999755859375,54678000,AMZN
2022-10-10,115.0999984741211,116.25,112.43000030517578,113.66999816894531,42339700,AMZN
2022-10-11,112.70999908447266,115.4800033569336,110.38999938964844,112.20999908447266,56432200,AMZN
2022-10-12,112.48999786376953,113.83000183105469,111.4000015258789,112.9000015258789,45728700,AMZN
2022-10-13,107.87999725341797,113.44000244140625,105.3499984741211,112.52999877929688,86868100,AMZN
2022-10-14,114.0999984741211,114.95999908447266,106.5999984741211,106.9000015258789,67737300,AMZN
2022-10-17,110.11000061035156,114.19000244140625,110.08999633789062,113.79000091552734,62782000,AMZN
2022-10-18,119.05999755859375,119.5199966430664,114.79000091552734,116.36000061035156,65607400,AMZN
2022-10-19,114.70999908447266,116.58999633789062,113.22000122070312,115.06999969482422,47198100,AMZN
2022-10-20,113.83000183105469,118.23999786376953,113.51000213623047,115.25,48795100,AMZN
2022-10-21,114.79000091552734,119.58999633789062,114.5,119.31999969482422,55660500,AMZN
2022-10-24,119.9800033569336,120.38999938964844,116.56999969482422,119.81999969482422,49531500,AMZN
2022-10-25,119.6500015258789,121.31999969482422,118.94999694824219,120.5999984741211,50934600,AMZN
2022-10-26,116.0,119.3499984741211,114.76000213623047,115.66000366210938,68802300,AMZN
2022-10-27,113.91999816894531,114.12000274658203,109.7699966430664,110.95999908447266,129605400,AMZN
2022-10-28,97.91000366210938,103.95999908447266,97.66000366210938,103.41000366210938,223133400,AMZN
2022-10-31,103.55999755859375,104.87000274658203,100.73999786376953,102.44000244140625,99251400,AMZN
2022-11-01,103.98999786376953,104.58000183105469,96.05999755859375,96.79000091552734,153370000,AMZN
2022-11-02,97.31999969482422,97.73999786376953,92.01000213623047,92.12000274658203,135761800,AMZN
2022-11-03,92.47000122070312,93.5,89.0199966430664,89.30000305175781,136683300,AMZN
2022-11-04,91.48999786376953,92.44000244140625,88.04000091552734,90.9800033569336,129101300,AMZN
2022-11-07,91.94999694824219,92.0999984741211,89.04000091552734,90.52999877929688,77495700,AMZN
2022-11-08,90.79000091552734,91.72000122070312,88.2300033569336,89.9800033569336,88703400,AMZN
2022-11-09,89.47000122070312,89.4800033569336,85.87000274658203,86.13999938964844,90796200,AMZN
2022-11-10,92.94000244140625,98.69000244140625,91.6500015258789,96.62999725341797,173414900,AMZN
2022-11-11,97.87999725341797,101.19000244140625,96.66000366210938,100.79000091552734,111590500,AMZN
2022-11-14,98.7699966430664,100.12000274658203,97.29000091552734,98.48999786376953,99533100,AMZN
2022-11-15,103.20999908447266,103.79000091552734,97.33999633789062,98.94000244140625,111336300,AMZN
2022-11-16,96.8499984741211,98.48999786376953,95.54000091552734,97.12000274658203,87958800,AMZN
2022-11-17,95.37000274658203,96.97000122070312,94.02999877929688,94.8499984741211,82617900,AMZN
2022-11-18,95.94999694824219,95.98999786376953,92.4800033569336,94.13999938964844,72428200,AMZN
2022-11-21,93.97000122070312,95.0199966430664,90.58999633789062,92.45999908447266,84330300,AMZN
2022-11-22,92.62000274658203,93.3499984741211,90.87000274658203,93.19999694824219,62192000,AMZN
2022-11-23,93.23999786376953,94.58000183105469,92.83000183105469,94.12999725341797,59414700,AMZN
2022-11-25,93.79000091552734,94.43000030517578,93.06999969482422,93.41000366210938,35088600,AMZN
2022-11-28,93.93000030517578,96.4000015258789,93.43000030517578,93.94999694824219,74943100,AMZN
2022-11-29,94.04000091552734,94.41000366210938,91.44000244140625,92.41999816894531,65567300,AMZN
2022-11-30,92.47000122070312,96.54000091552734,91.52999877929688,96.54000091552734,102805800,AMZN
2022-12-01,96.98999786376953,97.2300033569336,94.91999816894531,95.5,68488000,AMZN
2022-12-02,94.4800033569336,95.36000061035156,93.77999877929688,94.12999725341797,72496400,AMZN
2022-12-05,93.05000305175781,94.05999755859375,90.81999969482422,91.01000213623047,71535500,AMZN
2022-12-06,90.5,91.04000091552734,87.9000015258789,88.25,75503600,AMZN
2022-12-07,88.33999633789062,89.88999938964844,87.4800033569336,88.45999908447266,68086900,AMZN
2022-12-08,89.23999786376953,90.86000061035156,87.87999725341797,90.3499984741211,73305900,AMZN
2022-12-09,88.9000015258789,90.30000305175781,88.62999725341797,89.08999633789062,67398500,AMZN
2022-12-12,89.20999908447266,90.58000183105469,87.87000274658203,90.55000305175781,61999800,AMZN
2022-12-13,95.2300033569336,96.25,90.5199966430664,92.48999786376953,100212000,AMZN
2022-12-14,92.5,93.45999908447266,89.87000274658203,91.58000183105469,70298000,AMZN
2022-12-15,89.88999938964844,89.97000122070312,87.47000122070312,88.44999694824219,84802900,AMZN
2022-12-16,88.2699966430664,89.3499984741211,86.7300033569336,87.86000061035156,146144100,AMZN
2022-12-19,87.51000213623047,87.62999725341797,84.51000213623047,84.91999816894531,83531500,AMZN
2022-12-20,85.33000183105469,86.61000061035156,84.33000183105469,85.19000244140625,74348300,AMZN
2022-12-21,86.18000030517578,87.2300033569336,85.20999908447266,86.7699966430664,59267200,AMZN
2022-12-22,85.5199966430664,85.68000030517578,82.25,83.79000091552734,81431300,AMZN
2022-12-23,83.25,85.77999877929688,82.93000030517578,85.25,57433700,AMZN
2022-12-27,84.97000122070312,85.3499984741211,83.0,83.04000091552734,57284000,AMZN
2022-12-28,82.80000305175781,83.4800033569336,81.69000244140625,81.81999969482422,58228600,AMZN
2022-12-29,82.87000274658203,84.55000305175781,82.55000305175781,84.18000030517578,54995900,AMZN
2022-12-30,83.12000274658203,84.05000305175781,82.47000122070312,84.0,62401200,AMZN
2023-01-03,85.45999908447266,86.95999908447266,84.20999908447266,85.81999969482422,76706000,AMZN
2023-01-04,86.55000305175781,86.9800033569336,83.36000061035156,85.13999938964844,68885100,AMZN
2023-01-05,85.33000183105469,85.41999816894531,83.06999969482422,83.12000274658203,67930800,AMZN
2023-01-06,83.02999877929688,86.4000015258789,81.43000030517578,86.08000183105469,83303400,AMZN
2023-01-09,87.45999908447266,89.4800033569336,87.08000183105469,87.36000061035156,65266100,AMZN
2023-01-10,87.56999969482422,90.19000244140625,87.29000091552734,89.87000274658203,67756600,AMZN
2023-01-11,90.93000030517578,95.26000213623047,90.93000030517578,95.08999633789062,103126200,AMZN
2023-01-12,96.93000030517578,97.19000244140625,93.5,95.2699966430664,85254800,AMZN
2023-01-13,94.18000030517578,98.37000274658203,94.12000274658203,98.12000274658203,85549400,AMZN
2023-01-17,98.68000030517578,98.88999938964844,95.7300033569336,96.05000305175781,72755000,AMZN
2023-01-18,97.25,99.31999969482422,95.37999725341797,95.45999908447266,79570400,AMZN
2023-01-19,94.73999786376953,95.44000244140625,92.86000061035156,93.68000030517578,69002700,AMZN
2023-01-20,93.86000061035156,97.3499984741211,93.19999694824219,97.25,67481500,AMZN
2023-01-23,97.55999755859375,97.77999877929688,95.86000061035156,97.5199966430664,76501100,AMZN
2023-01-24,96.93000030517578,98.08999633789062,96.0,96.31999969482422,66929500,AMZN
2023-01-25,92.55999755859375,97.23999786376953,91.5199966430664,97.18000030517578,94261600,AMZN
2023-01-26,98.23999786376953,99.48999786376953,96.91999816894531,99.22000122070312,68523600,AMZN
2023-01-27,99.52999877929688,103.48999786376953,99.52999877929688,102.23999786376953,87775600,AMZN
2023-01-30,101.08999633789062,101.73999786376953,99.01000213623047,100.55000305175781,70691900,AMZN
2023-01-31,101.16000366210938,103.3499984741211,101.13999938964844,103.12999725341797,66527300,AMZN
2023-02-01,102.52999877929688,106.23999786376953,101.23999786376953,105.1500015258789,80450100,AMZN
2023-02-02,110.25,114.0,108.87999725341797,112.91000366210938,158154200,AMZN
2023-02-03,105.26000213623047,108.77999877929688,102.5199966430664,103.38999938964844,144374800,AMZN
2023-02-06,102.93000030517578,103.94999694824219,100.6500015258789,102.18000030517578,81945200,AMZN
2023-02-07,101.16999816894531,102.41000366210938,98.08000183105469,102.11000061035156,119501300,AMZN
2023-02-08,102.04000091552734,102.66999816894531,98.77999877929688,100.05000305175781,75878300,AMZN
2023-02-09,101.31999969482422,101.77999877929688,97.56999969482422,98.23999786376953,64622500,AMZN
2023-02-10,97.55999755859375,98.81999969482422,96.2300033569336,97.61000061035156,52740100,AMZN
2023-02-13,97.8499984741211,99.68000030517578,96.91000366210938,99.54000091552734,52841500,AMZN
2023-02-14,98.41000366210938,100.91999816894531,97.5199966430664,99.69999694824219,56202900,AMZN
2023-02-15,99.08999633789062,101.16999816894531,98.44999694824219,101.16000366210938,47957600,AMZN
2023-02-16,99.20999908447266,100.62999725341797,98.0999984741211,98.1500015258789,56339200,AMZN
2023-02-17,97.80000305175781,97.94000244140625,95.6500015258789,97.19999694824219,60029400,AMZN
2023-02-21,95.33999633789062,95.61000061035156,94.2699966430664,94.58000183105469,56580400,AMZN
2023-02-22,95.0999984741211,97.01000213623047,94.80000305175781,95.79000091552734,59534100,AMZN
2023-02-23,96.12000274658203,96.43000030517578,93.66999816894531,95.81999969482422,48467000,AMZN
2023-02-24,93.52999877929688,94.13999938964844,92.31999969482422,93.5,57053800,AMZN
2023-02-27,94.27999877929688,94.77999877929688,93.13999938964844,93.76000213623047,47470300,AMZN
2023-02-28,93.13999938964844,94.69000244140625,92.91999816894531,94.2300033569336,43959300,AMZN
2023-03-01,93.87000274658203,94.68000030517578,91.58999633789062,92.16999816894531,52299500,AMZN
2023-03-02,91.41000366210938,92.2300033569336,90.38999938964844,92.12999725341797,55509400,AMZN
2023-03-03,92.73999786376953,94.94000244140625,92.66000366210938,94.9000015258789,55759600,AMZN
2023-03-06,95.19000244140625,96.55000305175781,93.73999786376953,93.75,52112400,AMZN
2023-03-07,94.05999755859375,95.08999633789062,92.77999877929688,93.55000305175781,49100700,AMZN
2023-03-08,93.5999984741211,94.16999816894531,92.18000030517578,93.91999816894531,44899100,AMZN
2023-03-09,93.68000030517578,96.20999908447266,92.18000030517578,92.25,56218700,AMZN
2023-03-10,92.66999816894531,93.56999969482422,90.25,90.7300033569336,69827500,AMZN
2023-03-13,89.97000122070312,94.0199966430664,88.12000274658203,92.43000030517578,72397100,AMZN
2023-03-14,93.83000183105469,95.06999969482422,92.70999908447266,94.87999725341797,60912700,AMZN
2023-03-15,93.22000122070312,96.66999816894531,93.06999969482422,96.19999694824219,70731800,AMZN
2023-03-16,95.75,100.98999786376953,95.61000061035156,100.04000091552734,84446900,AMZN
2023-03-17,99.79000091552734,100.66000366210938,97.45999908447266,98.94999694824219,87300200,AMZN
2023-03-20,98.41000366210938,98.4800033569336,95.69999694824219,97.70999908447266,62388900,AMZN
2023-03-21,98.13999938964844,100.8499984741211,98.0,100.61000061035156,58597300,AMZN
2023-03-22,100.44999694824219,102.0999984741211,98.61000061035156,98.69999694824219,57475400,AMZN
2023-03-23,100.43000030517578,101.05999755859375,97.62000274658203,98.70999908447266,57559300,AMZN
2023-03-24,98.06999969482422,98.30000305175781,96.4000015258789,98.12999725341797,56095400,AMZN
2023-03-27,99.06999969482422,99.33999633789062,97.08000183105469,98.04000091552734,46721300,AMZN
2023-03-28,98.11000061035156,98.44000244140625,96.29000091552734,97.23999786376953,38720100,AMZN
2023-03-29,98.69000244140625,100.41999816894531,98.55999755859375,100.25,49783300,AMZN
2023-03-30,101.55000305175781,103.04000091552734,101.01000213623047,102.0,53633400,AMZN
2023-03-31,102.16000366210938,103.48999786376953,101.94999694824219,103.29000091552734,56750300,AMZN
2023-04-03,102.30000305175781,103.29000091552734,101.43000030517578,102.41000366210938,41135700,AMZN
2023-04-04,102.75,104.19999694824219,102.11000061035156,103.94999694824219,48662500,AMZN
2023-04-05,103.91000366210938,103.91000366210938,100.75,101.0999984741211,45175400,AMZN
2023-04-06,100.75,102.37999725341797,99.80000305175781,102.05999755859375,43808000,AMZN
2023-04-10,100.95999908447266,102.19999694824219,99.56999969482422,102.16999816894531,37261200,AMZN
2023-04-11,100.80000305175781,101.0,99.01000213623047,99.91999816894531,60417800,AMZN
2023-04-12,100.4000015258789,100.51000213623047,97.70999908447266,97.83000183105469,56735000,AMZN
2023-04-13,98.94999694824219,102.56999969482422,98.70999908447266,102.4000015258789,67925100,AMZN
2023-04-14,102.06999969482422,103.19999694824219,101.11000061035156,102.51000213623047,51450500,AMZN
2023-04-17,103.16000366210938,103.7300033569336,101.58999633789062,102.73999786376953,39919500,AMZN
2023-04-18,103.94999694824219,104.19999694824219,101.5199966430664,102.30000305175781,39790500,AMZN
2023-04-19,101.58000183105469,105.12000274658203,101.38999938964844,104.30000305175781,58398900,AMZN
2023-04-20,103.52999877929688,105.25,103.20999908447266,103.80999755859375,57696900,AMZN
2023-04-21,106.0999984741211,108.1500015258789,105.08000183105469,106.95999908447266,86774200,AMZN
2023-04-24,107.66000366210938,109.2300033569336,105.06999969482422,106.20999908447266,69575600,AMZN
2023-04-25,104.91000366210938,105.44999694824219,102.44999694824219,102.56999969482422,65026800,AMZN
2023-04-26,105.04000091552734,106.62000274658203,104.0999984741211,104.9800033569336,73803800,AMZN
2023-04-27,108.16000366210938,110.86000061035156,106.80000305175781,109.81999969482422,149961200,AMZN
2023-04-28,107.7300033569336,109.4800033569336,104.33000183105469,105.44999694824219,130715900,AMZN
2023-05-01,104.94999694824219,105.2300033569336,101.81999969482422,102.05000305175781,74728100,AMZN
2023-05-02,101.47000122070312,103.9000015258789,101.1500015258789,103.62999725341797,73469400,AMZN
2023-05-03,103.73999786376953,105.95999908447266,103.27999877929688,103.6500015258789,65051900,AMZN
2023-05-04,104.04000091552734,105.38999938964844,103.30999755859375,104.0,45345500,AMZN
2023-05-05,104.2699966430664,105.76000213623047,103.55000305175781,105.66000366210938,56951700,AMZN
2023-05-08,105.04000091552734,106.0999984741211,104.69999694824219,105.83000183105469,49430900,AMZN
2023-05-09,105.4800033569336,106.79000091552734,105.16000366210938,106.62000274658203,44089400,AMZN
2023-05-10,108.0999984741211,110.66999816894531,108.05000305175781,110.19000244140625,78627600,AMZN
2023-05-11,111.02999877929688,113.27999877929688,110.48999786376953,112.18000030517578,74924800,AMZN
2023-05-12,112.16000366210938,112.63999938964844,109.31999969482422,110.26000213623047,49852700,AMZN
2023-05-15,111.1500015258789,112.29000091552734,109.25,111.19999694824219,53011100,AMZN
2023-05-16,111.05000305175781,114.79000091552734,111.05000305175781,113.4000015258789,71472900,AMZN
2023-05-17,114.88999938964844,115.83000183105469,114.22000122070312,115.5,65655200,AMZN
2023-05-18,116.69000244140625,118.5999984741211,116.33999633789062,118.1500015258789,73174100,AMZN
2023-05-19,118.16000366210938,118.30999755859375,115.69999694824219,116.25,55056300,AMZN
2023-05-22,116.7699966430664,116.7699966430664,114.25,115.01000213623047,70741100,AMZN
2023-05-23,114.2699966430664,117.13999938964844,113.77999877929688,114.98999786376953,67576300,AMZN
2023-05-24,115.3499984741211,117.33999633789062,115.0199966430664,116.75,63487900,AMZN
2023-05-25,116.62999725341797,116.87000274658203,114.30999755859375,115.0,66496700,AMZN
2023-05-26,116.04000091552734,121.5,116.0199966430664,120.11000061035156,96779900,AMZN
2023-05-30,122.37000274658203,122.91999816894531,119.86000061035156,121.66000366210938,64314800,AMZN
2023-05-31,121.44999694824219,122.04000091552734,119.16999816894531,120.58000183105469,72800800,AMZN
2023-06-01,120.69000244140625,123.48999786376953,119.93000030517578,122.7699966430664,54375100,AMZN
2023-06-02,124.91999816894531,126.38999938964844,124.0199966430664,124.25,61264400,AMZN
2023-06-05,123.36000061035156,125.80000305175781,123.02999877929688,125.30000305175781,47950100,AMZN
2023-06-06,125.06999969482422,127.4000015258789,125.0,126.61000061035156,45695200,AMZN
2023-06-07,127.01000213623047,127.37000274658203,120.62999725341797,121.2300033569336,95663300,AMZN
2023-06-08,123.01000213623047,125.62999725341797,122.26000213623047,124.25,62159300,AMZN
2023-06-09,124.08000183105469,125.80000305175781,123.19000244140625,123.43000030517578,51396000,AMZN
2023-06-12,124.0199966430664,126.77999877929688,123.52999877929688,126.56999969482422,51338000,AMZN
2023-06-13,128.1199951171875,128.41000366210938,125.18000030517578,126.66000366210938,50564800,AMZN
2023-06-14,126.69999694824219,126.94999694824219,124.12000274658203,126.41999816894531,52422500,AMZN
2023-06-15,125.20999908447266,127.69000244140625,124.31999969482422,127.11000061035156,60458500,AMZN
2023-06-16,127.70999908447266,127.9000015258789,125.30000305175781,125.48999786376953,84247100,AMZN
2023-06-20,124.97000122070312,127.25,124.5,125.77999877929688,56930100,AMZN
2023-06-21,125.63999938964844,126.7300033569336,123.8499984741211,124.83000183105469,52137700,AMZN
2023-06-22,125.30999755859375,130.3300018310547,125.13999938964844,130.14999389648438,90354600,AMZN
2023-06-23,129.11000061035156,130.83999633789062,128.27999877929688,129.3300018310547,71927800,AMZN
2023-06-26,129.3300018310547,131.49000549316406,127.0999984741211,127.33000183105469,59989300,AMZN
2023-06-27,128.6300048828125,130.08999633789062,127.55000305175781,129.17999267578125,46801000,AMZN
2023-06-28,128.94000244140625,131.47999572753906,128.44000244140625,129.0399932861328,52149500,AMZN
2023-06-29,128.77000427246094,129.25999450683594,127.26000213623047,127.9000015258789,40761000,AMZN
2023-06-30,129.47000122070312,131.25,128.9499969482422,130.36000061035156,54350700,AMZN
2023-07-03,130.82000732421875,131.85000610351562,130.07000732421875,130.22000122070312,28264800,AMZN
2023-07-05,130.24000549316406,131.39999389648438,129.63999938964844,130.3800048828125,35895400,AMZN
2023-07-06,128.25,128.72999572753906,127.37000274658203,128.36000061035156,40639900,AMZN
2023-07-07,128.58999633789062,130.97000122070312,128.1300048828125,129.77999877929688,41992300,AMZN
2023-07-10,129.07000732421875,129.27999877929688,125.91999816894531,127.12999725341797,61889300,AMZN
2023-07-11,127.75,129.77000427246094,127.3499984741211,128.77999877929688,49951500,AMZN
2023-07-12,130.30999755859375,131.25999450683594,128.8300018310547,130.8000030517578,54022800,AMZN
2023-07-13,134.0399932861328,134.6699981689453,132.7100067138672,134.3000030517578,61170900,AMZN
2023-07-14,134.05999755859375,136.64999389648438,134.05999755859375,134.67999267578125,54487100,AMZN
2023-07-17,134.55999755859375,135.6199951171875,133.2100067138672,133.55999755859375,48450200,AMZN
2023-07-18,132.7100067138672,133.86000061035156,131.35000610351562,132.8300018310547,54882900,AMZN
2023-07-19,133.38999938964844,135.99000549316406,132.52999877929688,135.36000061035156,54531000,AMZN
2023-07-20,134.07000732421875,134.7899932861328,129.3300018310547,129.9600067138672,59820600,AMZN
2023-07-21,131.33999633789062,131.3699951171875,128.4199981689453,130.0,133307300,AMZN
2023-07-24,130.30999755859375,131.66000366210938,128.35000610351562,128.8000030517578,45591100,AMZN
2023-07-25,129.30999755859375,129.5800018310547,128.52999877929688,129.1300048828125,39236700,AMZN
2023-07-26,126.51000213623047,129.0800018310547,126.11000061035156,128.14999389648438,53910100,AMZN
2023-07-27,131.0,132.6300048828125,127.79000091552734,128.25,52610700,AMZN
2023-07-28,129.69000244140625,133.00999450683594,129.3300018310547,132.2100067138672,46317400,AMZN
2023-07-31,133.1999969482422,133.8699951171875,132.3800048828125,133.67999267578125,41901500,AMZN
2023-08-01,133.5500030517578,133.69000244140625,131.6199951171875,131.69000244140625,42098500,AMZN
2023-08-02,130.14999389648438,130.22999572753906,126.81999969482422,128.2100067138672,51027600,AMZN
2023-08-03,127.4800033569336,129.83999633789062,126.41000366210938,128.91000366210938,88585200,AMZN
2023-08-04,141.05999755859375,143.6300048828125,139.32000732421875,139.57000732421875,153128500,AMZN
2023-08-07,140.99000549316406,142.5399932861328,138.9499969482422,142.22000122070312,71213100,AMZN
2023-08-08,140.6199951171875,140.83999633789062,138.4199981689453,139.94000244140625,51710500,AMZN
2023-08-09,139.97000122070312,140.32000732421875,137.10000610351562,137.85000610351562,50017300,AMZN
2023-08-10,139.07000732421875,140.41000366210938,137.49000549316406,138.55999755859375,58928400,AMZN
2023-08-11,137.39999389648438,139.3300018310547,137.0,138.41000366210938,42905800,AMZN
2023-08-14,138.3000030517578,140.58999633789062,137.75,140.57000732421875,47148700,AMZN
2023-08-15,140.0500030517578,141.27999877929688,137.22999572753906,137.6699981689453,42781500,AMZN
2023-08-16,137.19000244140625,137.27000427246094,135.00999450683594,135.07000732421875,41675900,AMZN
2023-08-17,135.4600067138672,136.08999633789062,133.52999877929688,133.97999572753906,48354100,AMZN
2023-08-18,131.6199951171875,134.07000732421875,131.14999389648438,133.22000122070312,48497700,AMZN
2023-08-21,133.74000549316406,135.19000244140625,132.7100067138672,134.67999267578125,41442500,AMZN
2023-08-22,135.0800018310547,135.64999389648438,133.72999572753906,134.25,32905400,AMZN
2023-08-23,134.5,135.9499969482422,133.22000122070312,135.52000427246094,42801000,AMZN
2023-08-24,136.39999389648438,136.77999877929688,131.8300018310547,131.83999633789062,43646300,AMZN
2023-08-25,132.47000122070312,133.8699951171875,130.5800018310547,133.25999450683594,44147500,AMZN
2023-08-28,133.77999877929688,133.9499969482422,131.85000610351562,133.13999938964844,34108400,AMZN
2023-08-29,133.3800048828125,135.13999938964844,133.25,134.91000366210938,38646100,AMZN
2023-08-30,134.92999267578125,135.67999267578125,133.9199981689453,135.07000732421875,36137000,AMZN
2023-08-31,135.05999755859375,138.7899932861328,135.0,138.00999450683594,58781300,AMZN
2023-09-01,139.4600067138672,139.9600067138672,136.8800048828125,138.1199951171875,40991500,AMZN
2023-09-05,137.72999572753906,137.8000030517578,135.82000732421875,137.27000427246094,40636700,AMZN
2023-09-06,136.32000732421875,137.4499969482422,134.61000061035156,135.36000061035156,41785500,AMZN
2023-09-07,133.89999389648438,138.02999877929688,133.16000366210938,137.85000610351562,48498900,AMZN
2023-09-08,136.86000061035156,138.85000610351562,136.75,138.22999572753906,38348200,AMZN
2023-09-11,138.75,143.6199951171875,138.63999938964844,143.10000610351562,56764500,AMZN
2023-09-12,142.32000732421875,143.0,140.61000061035156,141.22999572753906,42668500,AMZN
2023-09-13,140.9499969482422,144.97999572753906,140.8699951171875,144.85000610351562,60465200,AMZN
2023-09-14,145.0800018310547,145.86000061035156,142.9499969482422,144.72000122070312,64033600,AMZN
2023-09-15,142.69000244140625,143.57000732421875,140.08999633789062,140.38999938964844,102909300,AMZN
2023-09-18,140.47999572753906,141.75,139.22000122070312,139.97999572753906,42823500,AMZN
2023-09-19,138.6999969482422,138.83999633789062,135.55999755859375,137.6300048828125,61482500,AMZN
2023-09-20,138.5500030517578,139.3699951171875,135.1999969482422,135.2899932861328,46263700,AMZN
2023-09-21,131.94000244140625,132.24000549316406,129.30999755859375,129.3300018310547,70343300,AMZN
2023-09-22,131.11000061035156,132.02999877929688,128.52000427246094,129.1199951171875,59904300,AMZN
2023-09-25,129.36000061035156,131.77999877929688,128.77000427246094,131.27000427246094,46017800,AMZN
2023-09-26,130.1199951171875,130.38999938964844,125.27999877929688,125.9800033569336,73048200,AMZN
2023-09-27,125.76000213623047,127.4800033569336,124.12999725341797,125.9800033569336,66553400,AMZN
2023-09-28,124.04000091552734,126.58000183105469,123.04000091552734,125.9800033569336,54555000,AMZN
2023-09-29,128.1999969482422,129.14999389648438,126.31999969482422,127.12000274658203,62411700,AMZN
2023-10-02,127.27999877929688,130.47000122070312,126.54000091552734,129.4600067138672,48029700,AMZN
2023-10-03,128.05999755859375,128.52000427246094,124.25,124.72000122070312,51565000,AMZN
2023-10-04,126.05999755859375,127.36000061035156,125.68000030517578,127.0,44203900,AMZN
2023-10-05,126.70999908447266,126.7300033569336,124.33000183105469,125.95999908447266,39660600,AMZN
2023-10-06,124.16000366210938,128.4499969482422,124.12999725341797,127.95999908447266,46836700,AMZN
2023-10-09,126.22000122070312,128.7899932861328,124.76000213623047,128.25999450683594,38773700,AMZN
2023-10-10,128.82000732421875,130.74000549316406,128.0500030517578,129.47999572753906,42178600,AMZN
2023-10-11,129.74000549316406,132.0500030517578,129.61000061035156,131.8300018310547,40741800,AMZN
2023-10-12,132.1699981689453,134.47999572753906,131.22999572753906,132.3300018310547,55528600,AMZN
2023-10-13,132.97999572753906,133.30999755859375,128.9499969482422,129.7899932861328,45786600,AMZN
2023-10-16,130.69000244140625,133.07000732421875,130.42999267578125,132.5500030517578,42832900,AMZN
2023-10-17,130.38999938964844,132.5800018310547,128.7100067138672,131.47000122070312,49344600,AMZN
2023-10-18,129.89999389648438,130.6699981689453,127.51000213623047,128.1300048828125,42699500,AMZN
2023-10-19,130.57000732421875,132.24000549316406,127.47000122070312,128.39999389648438,60961400,AMZN
2023-10-20,128.0500030517578,128.1699981689453,124.97000122070312,125.16999816894531,56406400,AMZN
2023-10-23,124.62999725341797,127.87999725341797,123.9800033569336,126.55999755859375,48260000,AMZN
2023-10-24,127.73999786376953,128.8000030517578,126.33999633789062,128.55999755859375,46477400,AMZN
2023-10-25,126.04000091552734,126.33999633789062,120.79000091552734,121.38999938964844,74577500,AMZN
2023-10-26,120.62999725341797,121.63999938964844,118.3499984741211,119.56999969482422,100419500,AMZN
2023-10-27,126.19999694824219,130.02000427246094,125.5199966430664,127.73999786376953,125309300,AMZN
2023-10-30,129.72000122070312,133.0,128.55999755859375,132.7100067138672,72485500,AMZN
2023-10-31,132.75,133.57000732421875,131.7100067138672,133.08999633789062,51589400,AMZN
2023-11-01,133.9600067138672,137.35000610351562,133.7100067138672,137.0,61529400,AMZN
2023-11-02,138.72999572753906,138.80999755859375,136.47000122070312,138.07000732421875,52236700,AMZN
2023-11-03,138.99000549316406,139.49000549316406,137.4499969482422,138.60000610351562,44059800,AMZN
2023-11-06,138.75999450683594,140.72999572753906,138.36000061035156,139.74000549316406,44970400,AMZN
2023-11-07,140.5500030517578,143.3699951171875,140.5,142.7100067138672,53553500,AMZN
2023-11-08,142.97000122070312,143.1199951171875,141.22000122070312,142.0800018310547,44521700,AMZN
2023-11-09,142.02000427246094,142.64999389648438,139.83999633789062,140.60000610351562,36235400,AMZN
2023-11-10,140.4600067138672,143.64999389648438,139.91000366210938,143.55999755859375,49287800,AMZN
2023-11-13,142.0800018310547,143.22999572753906,140.6699981689453,142.58999633789062,35680600,AMZN
2023-11-14,145.0,147.25999450683594,144.67999267578125,145.8000030517578,56674600,AMZN
2023-11-15,147.05999755859375,147.2899932861328,142.58999633789062,143.1999969482422,63875700,AMZN
2023-11-16,140.91000366210938,143.32000732421875,139.52000427246094,142.8300018310547,49653500,AMZN
2023-11-17,142.66000366210938,145.22999572753906,142.5399932861328,145.17999267578125,49636700,AMZN
2023-11-20,145.1300048828125,146.6300048828125,144.72999572753906,146.1300048828125,41951200,AMZN
2023-11-21,143.91000366210938,144.0500030517578,141.5,143.89999389648438,71226000,AMZN
2023-11-22,144.57000732421875,147.74000549316406,144.57000732421875,146.7100067138672,45669100,AMZN
2023-11-24,146.6999969482422,147.1999969482422,145.32000732421875,146.74000549316406,22378400,AMZN
2023-11-27,147.52999877929688,149.25999450683594,146.8800048828125,147.72999572753906,53762400,AMZN
2023-11-28,146.97999572753906,147.60000610351562,145.52999877929688,147.02999877929688,42711700,AMZN
2023-11-29,147.85000610351562,148.5399932861328,145.97000122070312,146.32000732421875,40610900,AMZN
2023-11-30,144.75999450683594,146.92999267578125,144.3300018310547,146.08999633789062,65814000,AMZN
2023-12-01,146.0,147.25,145.5500030517578,147.02999877929688,39951800,AMZN
2023-12-04,145.25,145.35000610351562,142.80999755859375,144.83999633789062,48294200,AMZN
2023-12-05,143.5500030517578,148.57000732421875,143.1300048828125,146.8800048828125,46822400,AMZN
2023-12-06,147.5800018310547,147.85000610351562,144.27999877929688,144.52000427246094,39679000,AMZN
2023-12-07,146.14999389648438,147.9199981689453,145.33999633789062,146.8800048828125,52352800,AMZN
2023-12-08,145.47999572753906,147.83999633789062,145.39999389648438,147.4199981689453,41906000,AMZN
2023-12-11,145.66000366210938,146.19000244140625,143.63999938964844,145.88999938964844,50907300,AMZN
2023-12-12,145.52000427246094,147.5,145.3000030517578,147.47999572753906,44944300,AMZN
2023-12-13,148.1199951171875,149.4600067138672,146.82000732421875,148.83999633789062,52766200,AMZN
2023-12-14,149.92999267578125,150.5399932861328,145.52000427246094,147.4199981689453,58400800,AMZN
2023-12-15,148.3800048828125,150.57000732421875,147.8800048828125,149.97000122070312,110089300,AMZN
2023-12-18,150.55999755859375,154.85000610351562,150.0500030517578,154.07000732421875,62512800,AMZN
2023-12-19,154.39999389648438,155.1199951171875,152.69000244140625,153.7899932861328,43171300,AMZN
2023-12-20,152.89999389648438,155.6300048828125,151.55999755859375,152.1199951171875,50322100,AMZN
2023-12-21,153.3000030517578,153.97000122070312,152.10000610351562,153.83999633789062,36305700,AMZN
2023-12-22,153.77000427246094,154.35000610351562,152.7100067138672,153.4199981689453,29514100,AMZN
2023-12-26,153.55999755859375,153.97999572753906,153.02999877929688,153.41000366210938,25067200,AMZN
2023-12-27,153.55999755859375,154.77999877929688,153.1199951171875,153.33999633789062,31434700,AMZN
2023-12-28,153.72000122070312,154.0800018310547,152.9499969482422,153.3800048828125,27057000,AMZN
2023-12-29,153.10000610351562,153.88999938964844,151.02999877929688,151.94000244140625,39823200,AMZN
2024-01-02,151.5399932861328,152.3800048828125,148.38999938964844,149.92999267578125,47339400,AMZN
2024-01-03,149.1999969482422,151.0500030517578,148.3300018310547,148.47000122070312,49425500,AMZN
2024-01-04,145.58999633789062,147.3800048828125,144.0500030517578,144.57000732421875,56039800,AMZN
2024-01-05,144.69000244140625,146.58999633789062,144.52999877929688,145.24000549316406,45153100,AMZN
2024-01-08,146.74000549316406,149.39999389648438,146.14999389648438,149.10000610351562,46757100,AMZN
2024-01-09,148.3300018310547,151.7100067138672,148.2100067138672,151.3699951171875,43812600,AMZN
2024-01-10,152.05999755859375,154.4199981689453,151.8800048828125,153.72999572753906,44421800,AMZN
2024-01-11,155.0399932861328,157.1699981689453,153.1199951171875,155.17999267578125,49072700,AMZN
2024-01-12,155.38999938964844,156.1999969482422,154.00999450683594,154.6199951171875,40484200,AMZN
2024-01-16,153.52999877929688,154.99000549316406,152.14999389648438,153.16000366210938,41384600,AMZN
2024-01-17,151.49000549316406,152.14999389648438,149.91000366210938,151.7100067138672,34953400,AMZN
2024-01-18,152.77000427246094,153.77999877929688,151.82000732421875,153.5,37850200,AMZN
2024-01-19,153.8300018310547,155.75999450683594,152.74000549316406,155.33999633789062,51651600,AMZN
2024-01-22,156.88999938964844,157.0500030517578,153.89999389648438,154.77999877929688,43687500,AMZN
2024-01-23,154.85000610351562,156.2100067138672,153.92999267578125,156.02000427246094,37986000,AMZN
2024-01-24,157.8000030517578,158.50999450683594,156.47999572753906,156.8699951171875,48547300,AMZN
2024-01-25,156.9499969482422,158.50999450683594,154.5500030517578,157.75,43638600,AMZN
2024-01-26,158.4199981689453,160.72000122070312,157.91000366210938,159.1199951171875,51047400,AMZN
2024-01-29,159.33999633789062,161.2899932861328,158.89999389648438,161.25999450683594,45270400,AMZN
2024-01-30,160.6999969482422,161.72999572753906,158.49000549316406,159.0,45207400,AMZN
2024-01-31,157.0,159.00999450683594,154.80999755859375,155.1999969482422,50284400,AMZN
2024-02-01,155.8699951171875,159.75999450683594,155.6199951171875,159.27999877929688,76542400,AMZN
2024-02-02,169.19000244140625,172.5,167.3300018310547,171.80999755859375,117218300,AMZN
2024-02-05,170.1999969482422,170.5500030517578,167.6999969482422,170.30999755859375,55081300,AMZN
2024-02-06,169.38999938964844,170.7100067138672,167.64999389648438,169.14999389648438,42505500,AMZN
2024-02-07,169.47999572753906,170.8800048828125,168.94000244140625,170.52999877929688,47174100,AMZN
2024-02-08,169.64999389648438,171.42999267578125,168.8800048828125,169.83999633789062,42316500,AMZN
2024-02-09,170.89999389648438,175.0,170.5800018310547,174.4499969482422,56986000,AMZN
2024-02-12,174.8000030517578,175.38999938964844,171.5399932861328,172.33999633789062,51050400,AMZN
2024-02-13,167.72999572753906,170.9499969482422,165.75,168.63999938964844,56345100,AMZN
2024-02-14,169.2100067138672,171.2100067138672,168.27999877929688,170.97999572753906,42815500,AMZN
2024-02-15,170.5800018310547,171.1699981689453,167.58999633789062,169.8000030517578,49855200,AMZN
2024-02-16,168.74000549316406,170.4199981689453,167.1699981689453,169.50999450683594,48107700,AMZN
2024-02-20,167.8300018310547,168.7100067138672,165.74000549316406,167.0800018310547,41980300,AMZN
2024-02-21,168.94000244140625,170.22999572753906,167.13999938964844,168.58999633789062,44420100,AMZN
2024-02-22,173.10000610351562,174.8000030517578,171.77000427246094,174.5800018310547,55392400,AMZN
2024-02-23,174.27999877929688,175.75,173.6999969482422,174.99000549316406,59715200,AMZN
2024-02-26,175.6999969482422,176.3699951171875,174.25999450683594,174.72999572753906,44368600,AMZN
2024-02-27,174.0800018310547,174.6199951171875,172.86000061035156,173.5399932861328,31141700,AMZN
2024-02-28,172.44000244140625,174.0500030517578,172.27000427246094,173.16000366210938,28180500,AMZN
2024-02-29,173.00999450683594,177.22000122070312,172.85000610351562,176.75999450683594,53805400,AMZN
2024-03-01,176.75,178.72999572753906,176.07000732421875,178.22000122070312,31981200,AMZN
2024-03-04,177.52999877929688,180.13999938964844,177.49000549316406,177.5800018310547,37381500,AMZN
2024-03-05,176.92999267578125,176.92999267578125,173.3000030517578,174.1199951171875,37228300,AMZN
2024-03-06,175.5399932861328,176.4600067138672,173.25999450683594,173.50999450683594,32090900,AMZN
2024-03-07,174.8300018310547,177.99000549316406,173.72000122070312,176.82000732421875,34063300,AMZN
2024-03-08,176.44000244140625,178.7899932861328,174.3300018310547,175.35000610351562,37893200,AMZN
2024-03-11,174.30999755859375,174.47000122070312,171.47000122070312,171.9600067138672,28484800,AMZN
2024-03-12,173.5,176.75999450683594,171.97999572753906,175.38999938964844,36610600,AMZN
2024-03-13,175.89999389648438,177.6199951171875,175.5500030517578,176.55999755859375,30772600,AMZN
2024-03-14,177.69000244140625,179.52999877929688,176.47000122070312,178.75,43705800,AMZN
2024-03-15,176.63999938964844,177.92999267578125,173.89999389648438,174.4199981689453,72147400,AMZN
2024-03-18,175.8000030517578,176.69000244140625,174.27999877929688,174.47999572753906,31250700,AMZN
2024-03-19,174.22000122070312,176.08999633789062,173.52000427246094,175.89999389648438,26880900,AMZN
2024-03-20,176.13999938964844,178.52999877929688,174.63999938964844,178.14999389648438,29947200,AMZN
2024-03-21,179.99000549316406,181.4199981689453,178.14999389648438,178.14999389648438,32824300,AMZN
2024-03-22,177.75,179.25999450683594,176.75,178.8699951171875,27995400,AMZN
2024-03-25,178.00999450683594,180.99000549316406,177.24000549316406,179.7100067138672,29815500,AMZN
2024-03-26,180.14999389648438,180.4499969482422,177.9499969482422,178.3000030517578,29659000,AMZN
2024-03-27,179.8800048828125,180.0,177.30999755859375,179.8300018310547,33272600,AMZN
2024-03-28,180.1699981689453,181.6999969482422,179.25999450683594,180.3800048828125,38051600,AMZN
2024-04-01,180.7899932861328,183.0,179.9499969482422,180.97000122070312,29174500,AMZN
2024-04-02,179.07000732421875,180.7899932861328,178.3800048828125,180.69000244140625,32611500,AMZN
2024-04-03,179.89999389648438,182.8699951171875,179.8000030517578,182.41000366210938,31046600,AMZN
2024-04-04,184.0,185.10000610351562,180.0,180.0,41624300,AMZN
2024-04-05,182.3800048828125,186.27000427246094,181.97000122070312,185.07000732421875,42374000,AMZN
2024-04-08,186.89999389648438,187.2899932861328,184.80999755859375,185.19000244140625,39221300,AMZN
2024-04-09,187.24000549316406,187.33999633789062,184.1999969482422,185.6699981689453,36520100,AMZN
2024-04-10,182.77000427246094,186.27000427246094,182.6699981689453,185.9499969482422,35879200,AMZN
2024-04-11,186.74000549316406,189.77000427246094,185.50999450683594,189.0500030517578,40020700,AMZN
2024-04-12,187.72000122070312,188.3800048828125,185.0800018310547,186.1300048828125,38608800,AMZN
2024-04-15,187.42999267578125,188.69000244140625,183.0,183.6199951171875,48052400,AMZN
2024-04-16,183.27000427246094,184.8300018310547,182.25999450683594,183.32000732421875,32891300,AMZN
2024-04-17,184.30999755859375,184.57000732421875,179.82000732421875,181.27999877929688,31359700,AMZN
2024-04-18,181.47000122070312,182.38999938964844,178.64999389648438,179.22000122070312,30723800,AMZN
2024-04-19,178.74000549316406,179.0,173.44000244140625,174.6300048828125,56000700,AMZN
2024-04-22,176.94000244140625,178.8699951171875,174.55999755859375,177.22999572753906,37924900,AMZN
2024-04-23,178.0800018310547,179.92999267578125,175.97999572753906,179.5399932861328,37046500,AMZN
2024-04-24,179.94000244140625,180.32000732421875,176.17999267578125,176.58999633789062,34185100,AMZN
2024-04-25,169.67999267578125,173.9199981689453,166.32000732421875,173.6699981689453,49249400,AMZN
2024-04-26,177.8000030517578,180.82000732421875,176.1300048828125,179.6199951171875,43919800,AMZN
2024-04-29,182.75,183.52999877929688,179.38999938964844,180.9600067138672,54063900,AMZN
2024-04-30,181.08999633789062,182.99000549316406,174.8000030517578,175.0,94639800,AMZN
2024-05-01,181.63999938964844,185.14999389648438,176.55999755859375,179.0,94645100,AMZN
2024-05-02,180.85000610351562,185.10000610351562,179.91000366210938,184.72000122070312,54303500,AMZN
2024-05-03,186.99000549316406,187.8699951171875,185.4199981689453,186.2100067138672,39172000,AMZN
2024-05-06,186.27999877929688,188.75,184.8000030517578,188.6999969482422,34725300,AMZN
2024-05-07,188.9199981689453,189.94000244140625,187.30999755859375,188.75999450683594,34048900,AMZN
2024-05-08,187.44000244140625,188.42999267578125,186.38999938964844,188.0,26136400,AMZN
2024-05-09,188.8800048828125,191.6999969482422,187.44000244140625,189.5,43368400,AMZN
2024-05-10,189.16000366210938,189.88999938964844,186.92999267578125,187.47999572753906,34141800,AMZN
2024-05-13,188.0,188.30999755859375,185.36000061035156,186.57000732421875,24898600,AMZN
2024-05-14,183.82000732421875,187.72000122070312,183.4499969482422,187.07000732421875,38698200,AMZN
2024-05-15,185.97000122070312,186.72000122070312,182.72999572753906,185.99000549316406,75459900,AMZN
2024-05-16,185.60000610351562,187.30999755859375,183.4600067138672,183.6300048828125,38834500,AMZN
2024-05-17,183.75999450683594,185.3000030517578,183.35000610351562,184.6999969482422,33175700,AMZN
2024-05-20,184.33999633789062,186.6699981689453,183.27999877929688,183.5399932861328,30511800,AMZN
2024-05-21,182.3000030517578,183.25999450683594,180.75,183.14999389648438,50839100,AMZN
2024-05-22,183.8800048828125,185.22000122070312,181.97000122070312,183.1300048828125,28148800,AMZN
2024-05-23,183.66000366210938,184.75999450683594,180.0800018310547,181.0500030517578,33670200,AMZN
2024-05-24,181.64999389648438,182.44000244140625,180.3000030517578,180.75,27471600,AMZN
2024-05-28,179.92999267578125,182.24000549316406,179.49000549316406,182.14999389648438,29927000,AMZN
2024-05-29,181.6999969482422,184.0800018310547,181.5500030517578,182.02000427246094,32009300,AMZN
2024-05-30,181.30999755859375,181.33999633789062,178.36000061035156,179.32000732421875,29184700,AMZN
2024-05-31,178.3000030517578,179.2100067138672,173.8699951171875,176.44000244140625,58903900,AMZN
2024-06-03,177.6999969482422,178.6999969482422,175.9199981689453,178.33999633789062,30786600,AMZN
2024-06-04,177.63999938964844,179.82000732421875,176.44000244140625,179.33999633789062,27198400,AMZN
2024-06-05,180.10000610351562,181.5,178.75,181.27999877929688,32116400,AMZN
2024-06-06,181.75,185.0,181.49000549316406,185.0,31371200,AMZN
2024-06-07,184.89999389648438,186.2899932861328,183.36000061035156,184.3000030517578,28021500,AMZN
2024-06-10,184.07000732421875,187.22999572753906,183.7899932861328,187.05999755859375,34445600,AMZN
2024-06-11,187.05999755859375,187.77000427246094,184.5399932861328,187.22999572753906,27265100,AMZN
2024-06-12,188.02000427246094,188.35000610351562,185.42999267578125,186.88999938964844,33984200,AMZN
2024-06-13,186.08999633789062,187.6699981689453,182.6699981689453,183.8300018310547,39721500,AMZN
2024-06-14,183.0800018310547,183.72000122070312,182.22999572753906,183.66000366210938,25456400,AMZN
2024-06-17,182.52000427246094,185.0,181.22000122070312,184.05999755859375,35601900,AMZN
2024-06-18,183.74000549316406,184.2899932861328,181.42999267578125,182.80999755859375,36659200,AMZN
2024-06-20,182.91000366210938,186.50999450683594,182.72000122070312,186.10000610351562,44726800,AMZN
2024-06-21,187.8000030517578,189.27999877929688,185.86000061035156,189.0800018310547,70792500,AMZN
2024-06-24,189.3300018310547,191.0,185.3300018310547,185.57000732421875,50610400,AMZN
2024-06-25,186.80999755859375,188.83999633789062,185.4199981689453,186.33999633789062,45366400,AMZN
2024-06-26,186.9199981689453,194.8000030517578,186.25999450683594,193.61000061035156,65103900,AMZN
2024-06-27,195.00999450683594,199.83999633789062,194.1999969482422,197.85000610351562,74397500,AMZN
2024-06-28,197.72999572753906,198.85000610351562,192.5,193.25,76930200,AMZN
2024-07-01,193.49000549316406,198.3000030517578,192.82000732421875,197.1999969482422,41192000,AMZN
2024-07-02,197.27999877929688,200.42999267578125,195.92999267578125,200.0,45600000,AMZN
2024-07-03,199.94000244140625,200.02999877929688,196.75999450683594,197.58999633789062,31597900,AMZN
2024-07-05,198.64999389648438,200.5500030517578,198.1699981689453,200.0,39858900,AMZN
2024-07-08,200.0399932861328,201.1999969482422,197.9600067138672,199.2899932861328,34767300,AMZN
2024-07-09,199.39999389648438,200.57000732421875,199.0500030517578,199.33999633789062,32700100,AMZN
2024-07-10,200.0,200.11000061035156,197.69000244140625,199.7899932861328,32883800,AMZN
2024-07-11,200.08999633789062,200.27000427246094,192.86000061035156,195.0500030517578,44565000,AMZN
2024-07-12,194.8000030517578,196.47000122070312,193.8300018310547,194.49000549316406,30598500,AMZN
2024-07-15,194.55999755859375,196.19000244140625,190.8300018310547,192.72000122070312,40683200,AMZN
2024-07-16,195.58999633789062,196.6199951171875,192.24000549316406,193.02000427246094,33994700,AMZN
2024-07-17,191.35000610351562,191.5800018310547,185.99000549316406,187.92999267578125,48076100,AMZN
2024-07-18,189.58999633789062,189.67999267578125,181.4499969482422,183.75,51043600,AMZN
2024-07-19,181.13999938964844,184.92999267578125,180.11000061035156,183.1300048828125,43081800,AMZN
2024-07-22,185.0,185.05999755859375,182.47999572753906,182.5500030517578,39931900,AMZN
2024-07-23,184.10000610351562,189.38999938964844,183.55999755859375,186.41000366210938,47537700,AMZN
2024-07-24,183.1999969482422,185.4499969482422,180.41000366210938,180.8300018310547,41532400,AMZN
2024-07-25,182.91000366210938,183.89999389648438,176.8000030517578,179.85000610351562,44464200,AMZN
2024-07-26,180.38999938964844,183.19000244140625,180.24000549316406,182.5,29506000,AMZN
2024-07-29,183.83999633789062,184.75,182.3800048828125,183.1999969482422,33270100,AMZN
2024-07-30,184.72000122070312,185.86000061035156,179.3800048828125,181.7100067138672,39508600,AMZN
2024-07-31,185.0500030517578,187.94000244140625,184.4600067138672,186.97999572753906,41667300,AMZN
2024-08-01,189.2899932861328,190.60000610351562,181.8699951171875,184.07000732421875,70435600,AMZN
2024-08-02,166.75,168.77000427246094,160.5500030517578,167.89999389648438,141448400,AMZN
2024-08-05,154.2100067138672,162.9600067138672,151.61000061035156,161.02000427246094,83149400,AMZN
2024-08-06,161.7100067138672,165.0800018310547,158.5399932861328,161.92999267578125,59950800,AMZN
2024-08-07,166.5500030517578,167.5800018310547,161.42999267578125,162.77000427246094,48408200,AMZN
2024-08-08,165.1699981689453,166.69000244140625,162.5500030517578,165.8000030517578,44616200,AMZN
2024-08-09,166.39999389648438,168.5500030517578,165.85000610351562,166.94000244140625,36401000,AMZN
2024-08-12,168.13999938964844,168.5500030517578,166.11000061035156,166.8000030517578,30072800,AMZN
2024-08-13,167.80999755859375,171.0399932861328,167.10000610351562,170.22999572753906,39237900,AMZN
2024-08-14,172.11000061035156,172.27999877929688,168.86000061035156,170.10000610351562,28843800,AMZN
2024-08-15,174.86000061035156,177.91000366210938,173.99000549316406,177.58999633789062,51698500,AMZN
2024-08-16,177.0399932861328,178.33999633789062,176.25999450683594,177.05999755859375,31489200,AMZN
2024-08-19,177.63999938964844,178.3000030517578,176.16000366210938,178.22000122070312,31129800,AMZN
2024-08-20,177.9199981689453,179.00999450683594,177.42999267578125,178.8800048828125,26255200,AMZN
2024-08-21,179.9199981689453,182.38999938964844,178.88999938964844,180.11000061035156,35599100,AMZN
2024-08-22,181.3800048828125,181.47000122070312,175.67999267578125,176.1300048828125,32047500,AMZN
2024-08-23,177.33999633789062,178.97000122070312,175.24000549316406,177.0399932861328,29150100,AMZN
2024-08-26,176.6999969482422,177.47000122070312,174.3000030517578,175.5,22366200,AMZN
2024-08-27,174.14999389648438,174.88999938964844,172.25,173.1199951171875,29842000,AMZN
2024-08-28,173.69000244140625,173.69000244140625,168.9199981689453,170.8000030517578,29045000,AMZN
2024-08-29,173.22000122070312,174.2899932861328,170.80999755859375,172.1199951171875,26407800,AMZN
2024-08-30,172.77999877929688,178.89999389648438,172.60000610351562,178.5,43429400,AMZN
2024-09-03,177.5500030517578,178.25999450683594,175.25999450683594,176.25,37817500,AMZN
2024-09-04,174.47999572753906,175.97999572753906,172.5399932861328,173.3300018310547,30309200,AMZN
2024-09-05,175.0,179.8800048828125,175.0,177.88999938964844,40170500,AMZN
2024-09-06,177.24000549316406,178.3800048828125,171.16000366210938,171.38999938964844,41466500,AMZN
2024-09-09,174.52999877929688,175.85000610351562,173.50999450683594,175.39999389648438,29037400,AMZN
2024-09-10,177.49000549316406,180.5,176.7899932861328,179.5500030517578,36233800,AMZN
2024-09-11,180.10000610351562,184.99000549316406,175.72999572753906,184.52000427246094,42564700,AMZN
2024-09-12,184.8000030517578,187.41000366210938,183.5399932861328,187.0,33544200,AMZN
2024-09-13,187.0,188.5,185.91000366210938,186.49000549316406,26495400,AMZN
2024-09-16,185.2899932861328,185.80999755859375,183.36000061035156,184.88999938964844,26065500,AMZN
2024-09-17,186.85000610351562,189.4499969482422,186.13999938964844,186.8800048828125,26091700,AMZN
2024-09-18,186.4499969482422,188.8000030517578,185.05999755859375,186.42999267578125,34448100,AMZN
2024-09-19,190.0399932861328,190.99000549316406,188.47000122070312,189.8699951171875,39543200,AMZN
2024-09-20,190.22999572753906,191.83999633789062,187.41000366210938,191.60000610351562,100378600,AMZN
2024-09-23,191.63999938964844,194.4499969482422,190.57000732421875,193.8800048828125,36993100,AMZN
2024-09-24,194.27000427246094,195.3699951171875,190.1300048828125,193.9600067138672,43478900,AMZN
2024-09-25,193.75,193.9499969482422,192.16000366210938,192.52999877929688,26391100,AMZN
2024-09-26,194.30999755859375,194.52999877929688,189.5399932861328,191.16000366210938,36334900,AMZN
2024-09-27,190.67999267578125,190.89999389648438,187.33999633789062,187.97000122070312,36002300,AMZN
2024-09-30,187.13999938964844,188.49000549316406,184.64999389648438,186.3300018310547,41583900,AMZN
2024-10-01,184.89999389648438,186.19000244140625,183.4499969482422,185.1300048828125,36044900,AMZN
2024-10-02,184.44000244140625,186.60000610351562,184.0399932861328,184.75999450683594,23704100,AMZN
2024-10-03,183.0500030517578,183.44000244140625,180.8800048828125,181.9600067138672,30204300,AMZN
2024-10-04,185.75,187.60000610351562,183.60000610351562,186.50999450683594,40890300,AMZN
2024-10-07,182.9499969482422,183.60000610351562,180.25,180.8000030517578,42364200,AMZN
2024-10-08,181.9199981689453,183.08999633789062,180.9199981689453,182.72000122070312,26372100,AMZN
2024-10-09,182.82000732421875,185.85000610351562,182.0500030517578,185.1699981689453,26343100,AMZN
2024-10-10,187.1300048828125,188.1300048828125,185.8300018310547,186.64999389648438,27785000,AMZN
2024-10-11,186.6300048828125,189.92999267578125,186.3000030517578,188.82000732421875,25751600,AMZN
2024-10-14,189.77999877929688,189.8300018310547,187.36000061035156,187.5399932861328,22614400,AMZN
2024-10-15,187.6300048828125,188.41000366210938,184.5800018310547,187.69000244140625,32178900,AMZN
2024-10-16,187.0500030517578,187.77999877929688,185.61000061035156,186.88999938964844,23456800,AMZN
2024-10-17,188.22000122070312,188.94000244140625,186.0,187.52999877929688,25039400,AMZN
2024-10-18,187.14999389648438,190.74000549316406,186.27999877929688,188.99000549316406,37417700,AMZN
2024-10-21,188.0500030517578,189.4600067138672,186.39999389648438,189.07000732421875,24639400,AMZN
2024-10-22,188.35000610351562,191.52000427246094,186.97999572753906,189.6999969482422,29650600,AMZN
2024-10-23,188.85000610351562,189.16000366210938,183.69000244140625,184.7100067138672,31937100,AMZN
2024-10-24,185.25,187.11000061035156,183.86000061035156,186.3800048828125,21647400,AMZN
2024-10-25,187.85000610351562,190.4499969482422,187.52999877929688,187.8300018310547,29362100,AMZN
2024-10-28,189.57000732421875,190.2100067138672,188.2100067138672,188.38999938964844,27930800,AMZN
2024-10-29,188.5800018310547,191.4600067138672,187.82000732421875,190.8300018310547,35690200,AMZN
2024-10-30,194.6999969482422,195.61000061035156,192.4199981689453,192.72999572753906,37707600,AMZN
2024-10-31,190.50999450683594,190.60000610351562,185.22999572753906,186.39999389648438,75146800,AMZN
2024-11-01,199.0,200.5,197.02000427246094,197.92999267578125,99687800,AMZN
2024-11-04,196.4499969482422,197.3300018310547,194.30999755859375,195.77999877929688,38492100,AMZN
2024-11-05,196.0399932861328,199.82000732421875,195.99000549316406,199.5,30564800,AMZN
2024-11-06,200.00999450683594,207.5500030517578,199.13999938964844,207.08999633789062,72292200,AMZN
2024-11-07,207.44000244140625,212.25,207.19000244140625,210.0500030517578,52878400,AMZN
2024-11-08,209.72000122070312,209.9600067138672,207.44000244140625,208.17999267578125,36075800,AMZN
2024-11-11,208.5,209.64999389648438,205.58999633789062,206.83999633789062,35456000,AMZN
2024-11-12,208.3699951171875,209.5399932861328,206.00999450683594,208.91000366210938,38942900,AMZN
2024-11-13,209.39999389648438,215.08999633789062,209.13999938964844,214.10000610351562,46212900,AMZN
2024-11-14,214.16000366210938,215.89999389648438,210.8800048828125,211.47999572753906,42620300,AMZN
2024-11-15,206.75999450683594,207.33999633789062,199.61000061035156,202.61000061035156,86591100,AMZN
2024-11-18,204.14999389648438,204.6699981689453,200.9499969482422,201.6999969482422,36409900,AMZN
2024-11-19,199.3300018310547,205.3000030517578,198.77999877929688,204.61000061035156,31197900,AMZN
2024-11-20,202.97999572753906,203.1300048828125,199.4499969482422,202.8800048828125,32769000,AMZN
2024-11-21,203.49000549316406,203.49000549316406,195.75,198.3800048828125,58800000,AMZN
2024-11-22,198.25,199.25999450683594,196.75,197.1199951171875,31530800,AMZN
2024-11-25,199.27999877929688,201.9499969482422,199.0,201.4499969482422,40685700,AMZN
2024-11-26,201.89999389648438,208.0,201.7899932861328,207.86000061035156,41673700,AMZN
2024-11-27,206.97999572753906,207.63999938964844,205.0500030517578,205.74000549316406,28061600,AMZN
2024-11-29,205.8300018310547,208.1999969482422,204.58999633789062,207.88999938964844,24892400,AMZN
2024-12-02,209.9600067138672,212.99000549316406,209.50999450683594,210.7100067138672,39523200,AMZN
2024-12-03,210.30999755859375,214.02000427246094,209.64999389648438,213.44000244140625,32214800,AMZN
2024-12-04,215.9600067138672,220.0,215.75,218.16000366210938,48745700,AMZN
2024-12-05,218.02999877929688,222.14999389648438,217.3000030517578,220.5500030517578,41140200,AMZN
2024-12-06,220.75,227.14999389648438,220.60000610351562,227.02999877929688,44178100,AMZN
2024-12-09,227.2100067138672,230.0800018310547,225.6699981689453,226.08999633789062,46819400,AMZN
2024-12-10,226.08999633789062,229.05999755859375,224.1999969482422,225.0399932861328,31199900,AMZN
2024-12-11,226.41000366210938,231.1999969482422,226.25999450683594,230.25999450683594,35385800,AMZN
2024-12-12,229.8300018310547,231.08999633789062,227.6300048828125,228.97000122070312,28204100,AMZN
2024-12-13,228.39999389648438,230.1999969482422,225.86000061035156,227.4600067138672,28768100,AMZN
2024-12-16,230.22999572753906,233.0,228.00999450683594,232.92999267578125,37552100,AMZN
2024-12-17,232.38999938964844,232.72999572753906,227.85000610351562,231.14999389648438,35948100,AMZN
2024-12-18,230.77000427246094,231.39999389648438,220.11000061035156,220.52000427246094,43281400,AMZN
2024-12-19,224.91000366210938,226.08999633789062,222.9199981689453,223.2899932861328,39918700,AMZN
2024-12-20,219.83999633789062,226.2100067138672,218.72999572753906,224.9199981689453,88279200,AMZN
2024-12-23,225.00999450683594,226.8800048828125,223.89999389648438,225.05999755859375,28070000,AMZN
2024-12-24,226.94000244140625,229.13999938964844,226.1300048828125,229.0500030517578,15007500,AMZN
2024-12-26,228.5,228.5,226.6699981689453,227.0500030517578,16146700,AMZN
2024-12-27,225.60000610351562,226.02999877929688,220.89999389648438,223.75,27367100,AMZN
2024-12-30,220.05999755859375,223.0,218.42999267578125,221.3000030517578,28321200,AMZN
2024-12-31,222.97000122070312,223.22999572753906,218.94000244140625,219.38999938964844,24819700,AMZN
2025-01-02,222.02999877929688,225.14999389648438,218.19000244140625,220.22000122070312,33956600,AMZN
2025-01-03,222.50999450683594,225.36000061035156,221.6199951171875,224.19000244140625,27515600,AMZN
2025-01-06,226.77999877929688,228.83999633789062,224.83999633789062,227.61000061035156,31849800,AMZN
2025-01-07,227.89999389648438,228.3800048828125,221.4600067138672,222.11000061035156,28084200,AMZN
2025-01-08,223.19000244140625,223.52000427246094,220.1999969482422,222.1300048828125,25033300,AMZN
2025-01-10,221.4600067138672,221.7100067138672,216.5,218.94000244140625,36811500,AMZN
2025-01-13,218.05999755859375,219.39999389648438,216.47000122070312,218.4600067138672,27262700,AMZN
2025-01-14,220.44000244140625,221.82000732421875,216.1999969482422,217.75999450683594,24711700,AMZN
2025-01-15,222.8300018310547,223.57000732421875,220.75,223.35000610351562,31291300,AMZN
2025-01-16,224.4199981689453,224.64999389648438,220.30999755859375,220.66000366210938,24757300,AMZN
2025-01-17,225.83999633789062,226.50999450683594,223.0800018310547,225.94000244140625,42370100,AMZN
2025-01-21,228.89999389648438,231.77999877929688,226.94000244140625,230.7100067138672,39951500,AMZN
2025-01-22,232.02000427246094,235.44000244140625,231.19000244140625,235.00999450683594,41448200,AMZN
2025-01-23,234.10000610351562,235.52000427246094,231.50999450683594,235.4199981689453,26404400,AMZN
2025-01-24,234.5,236.39999389648438,232.92999267578125,234.85000610351562,25890700,AMZN
2025-01-27,226.2100067138672,235.61000061035156,225.86000061035156,235.4199981689453,49428300,AMZN
2025-01-28,234.2899932861328,241.77000427246094,233.97999572753906,238.14999389648438,41587200,AMZN
2025-01-29,239.02000427246094,240.38999938964844,236.14999389648438,237.07000732421875,26091700,AMZN
2025-01-30,237.13999938964844,237.9499969482422,232.22000122070312,234.63999938964844,32020700,AMZN
2025-01-31,236.5,240.2899932861328,236.41000366210938,237.67999267578125,36110200,AMZN
2025-02-03,234.05999755859375,239.25,232.89999389648438,237.4199981689453,37285900,AMZN
2025-02-04,239.00999450683594,242.52000427246094,238.02999877929688,242.05999755859375,29713800,AMZN
2025-02-05,237.02000427246094,238.32000732421875,235.1999969482422,236.1699981689453,38727300,AMZN
2025-02-06,238.00999450683594,239.66000366210938,236.00999450683594,238.8300018310547,60897100,AMZN
2025-02-07,232.5,234.80999755859375,228.05999755859375,229.14999389648438,77539300,AMZN
2025-02-10,230.5500030517578,233.9199981689453,229.1999969482422,233.13999938964844,35419900,AMZN
2025-02-11,231.9199981689453,233.44000244140625,230.1300048828125,232.75999450683594,23713700,AMZN
2025-02-12,230.4600067138672,231.17999267578125,228.16000366210938,228.92999267578125,32285200,AMZN
2025-02-13,228.85000610351562,230.4199981689453,227.52000427246094,230.3699951171875,31346500,AMZN
2025-02-14,229.1999969482422,229.88999938964844,227.22999572753906,228.67999267578125,27031100,AMZN
2025-02-18,228.82000732421875,229.3000030517578,223.72000122070312,226.64999389648438,42975100,AMZN
2025-02-19,225.52000427246094,226.8300018310547,223.7100067138672,226.6300048828125,28566700,AMZN
2025-02-20,224.77999877929688,225.1300048828125,221.80999755859375,222.8800048828125,30001700,AMZN
2025-02-21,223.27999877929688,223.30999755859375,214.74000549316406,216.5800018310547,55323900,AMZN
2025-02-24,217.4499969482422,217.72000122070312,212.4199981689453,212.7100067138672,42387600,AMZN
2025-02-25,211.6300048828125,213.33999633789062,204.16000366210938,212.8000030517578,58958000,AMZN
2025-02-26,214.94000244140625,218.16000366210938,213.08999633789062,214.35000610351562,39120600,AMZN
2025-02-27,218.35000610351562,219.97000122070312,208.3699951171875,208.74000549316406,40548600,AMZN
2025-02-28,208.64999389648438,212.6199951171875,206.99000549316406,212.27999877929688,51771700,AMZN
2025-03-03,213.35000610351562,214.00999450683594,202.5500030517578,205.02000427246094,42948400,AMZN
2025-03-04,200.11000061035156,206.8000030517578,197.42999267578125,203.8000030517578,60853100,AMZN
2025-03-05,204.8000030517578,209.97999572753906,203.25999450683594,208.36000061035156,38610100,AMZN
2025-03-06,204.39999389648438,205.77000427246094,198.3000030517578,200.6999969482422,49863800,AMZN
2025-03-07,199.49000549316406,202.27000427246094,192.52999877929688,199.25,59802800,AMZN
2025-03-10,195.60000610351562,196.72999572753906,190.85000610351562,194.5399932861328,62350900,AMZN
2025-03-11,193.89999389648438,200.17999267578125,193.39999389648438,196.58999633789062,54002900,AMZN
2025-03-12,200.72000122070312,201.52000427246094,195.2899932861328,198.88999938964844,43679300,AMZN
2025-03-13,198.1699981689453,198.8800048828125,191.82000732421875,193.88999938964844,41270800,AMZN
2025-03-14,197.41000366210938,198.64999389648438,195.32000732421875,197.9499969482422,38096700,AMZN
2025-03-17,198.77000427246094,199.0,194.32000732421875,195.74000549316406,47341800,AMZN
2025-03-18,192.52000427246094,194.0,189.3800048828125,192.82000732421875,40414900,AMZN
2025-03-19,193.3800048828125,195.97000122070312,191.9600067138672,195.5399932861328,39442900,AMZN
2025-03-20,193.07000732421875,199.32000732421875,192.3000030517578,194.9499969482422,38921100,AMZN
2025-03-21,192.89999389648438,196.99000549316406,192.52000427246094,196.2100067138672,60056900,AMZN
2025-03-24,200.0,203.63999938964844,199.9499969482422,203.25999450683594,41625400,AMZN
2025-03-25,203.60000610351562,206.2100067138672,203.22000122070312,205.7100067138672,31171200,AMZN
2025-03-26,205.83999633789062,206.00999450683594,199.92999267578125,201.1300048828125,32855300,AMZN
2025-03-27,200.88999938964844,203.7899932861328,199.27999877929688,201.36000061035156,27317700,AMZN
2025-03-28,198.4199981689453,199.25999450683594,191.8800048828125,192.72000122070312,52548200,AMZN
2025-03-31,188.19000244140625,191.3300018310547,184.39999389648438,190.25999450683594,63547600,AMZN
2025-04-01,187.86000061035156,193.92999267578125,187.1999969482422,192.1699981689453,41267300,AMZN
2025-04-02,187.66000366210938,198.33999633789062,187.66000366210938,196.00999450683594,53679200,AMZN
2025-04-03,183.0,184.1300048828125,176.9199981689453,178.41000366210938,95553600,AMZN
2025-04-04,167.14999389648438,178.13999938964844,166.0,171.0,123159400,AMZN
2025-04-07,162.0,183.41000366210938,161.3800048828125,175.25999450683594,109327100,AMZN
2025-04-08,185.22999572753906,185.89999389648438,168.57000732421875,170.66000366210938,87710400,AMZN
2025-04-09,172.1199951171875,192.64999389648438,169.92999267578125,191.10000610351562,116804300,AMZN
2025-04-10,185.44000244140625,186.8699951171875,175.85000610351562,181.22000122070312,68302000,AMZN
2025-04-11,179.92999267578125,185.86000061035156,178.0,184.8699951171875,50594300,AMZN
2025-04-14,186.83999633789062,187.44000244140625,179.22999572753906,182.1199951171875,48002500,AMZN
2025-04-15,181.41000366210938,182.35000610351562,177.92999267578125,179.58999633789062,43642000,AMZN
2025-04-16,176.2899932861328,179.10000610351562,171.41000366210938,174.3300018310547,51875300,AMZN
2025-04-17,176.0,176.2100067138672,172.0,172.61000061035156,44726500,AMZN
2025-04-21,169.60000610351562,169.60000610351562,165.2899932861328,167.32000732421875,48126100,AMZN
2025-04-22,169.85000610351562,176.77999877929688,169.35000610351562,173.17999267578125,56607200,AMZN
2025-04-23,183.4499969482422,187.3800048828125,180.19000244140625,180.60000610351562,63470100,AMZN
2025-04-24,180.9199981689453,186.74000549316406,180.17999267578125,186.5399932861328,43763200,AMZN
2025-04-25,187.6199951171875,189.94000244140625,185.49000549316406,188.99000549316406,36414300,AMZN
2025-04-28,190.11000061035156,190.22000122070312,184.88999938964844,187.6999969482422,33224700,AMZN
2025-04-29,183.99000549316406,188.02000427246094,183.67999267578125,187.38999938964844,41667300,AMZN
2025-04-30,182.1699981689453,185.0500030517578,178.85000610351562,184.4199981689453,55176500,AMZN
2025-05-01,190.6300048828125,191.80999755859375,187.5,190.1999969482422,74266000,AMZN
2025-05-02,191.44000244140625,192.8800048828125,186.39999389648438,189.97999572753906,77903500,AMZN
2025-05-05,186.50999450683594,188.17999267578125,185.52999877929688,186.35000610351562,35217500,AMZN
2025-05-06,184.57000732421875,187.92999267578125,183.85000610351562,185.00999450683594,29314100,AMZN
2025-05-07,185.55999755859375,190.99000549316406,185.00999450683594,188.7100067138672,43948600,AMZN
2025-05-08,191.42999267578125,194.3300018310547,188.82000732421875,192.0800018310547,41043600,AMZN
2025-05-09,193.3800048828125,194.69000244140625,191.16000366210938,193.05999755859375,29663100,AMZN
2025-05-12,210.7100067138672,211.66000366210938,205.75,208.63999938964844,75205000,AMZN
2025-05-13,211.0800018310547,214.83999633789062,210.10000610351562,211.3699951171875,56193700,AMZN
2025-05-14,211.4499969482422,211.92999267578125,208.85000610351562,210.25,38492100,AMZN
2025-05-15,206.4499969482422,206.8800048828125,202.6699981689453,205.1699981689453,64347300,AMZN
2025-05-16,206.85000610351562,206.85000610351562,204.3699951171875,205.58999633789062,43318500,AMZN
2025-05-19,201.64999389648438,206.6199951171875,201.25999450683594,206.16000366210938,34314800,AMZN
2025-05-20,204.6300048828125,205.58999633789062,202.64999389648438,204.07000732421875,29470400,AMZN
2025-05-21,201.61000061035156,203.4600067138672,200.05999755859375,201.1199951171875,42460900,AMZN
2025-05-22,201.3800048828125,205.75999450683594,200.16000366210938,203.10000610351562,38938900,AMZN
2025-05-23,198.89999389648438,202.3699951171875,197.85000610351562,200.99000549316406,33393500,AMZN
2025-05-27,203.08999633789062,206.69000244140625,202.19000244140625,206.02000427246094,34892000,AMZN
2025-05-28,205.9199981689453,207.66000366210938,204.41000366210938,204.72000122070312,28549800,AMZN
2025-05-29,208.02999877929688,208.80999755859375,204.22999572753906,205.6999969482422,34650000,AMZN
2025-05-30,204.83999633789062,205.99000549316406,201.6999969482422,205.00999450683594,51679400,AMZN
2025-06-02,204.97999572753906,207.0,202.67999267578125,206.64999389648438,29113300,AMZN
2025-06-03,207.11000061035156,208.9499969482422,205.02999877929688,205.7100067138672,33139100,AMZN
2025-06-04,206.5500030517578,208.17999267578125,205.17999267578125,207.22999572753906,29915600,AMZN
2025-06-05,209.5500030517578,212.80999755859375,207.55999755859375,207.91000366210938,51864200,AMZN
2025-06-06,212.39999389648438,213.8699951171875,210.5,213.57000732421875,39832500,AMZN
2025-06-09,214.75,217.85000610351562,212.8800048828125,216.97999572753906,38102500,AMZN
2025-06-10,216.77999877929688,217.69000244140625,214.14999389648438,217.61000061035156,31303300,AMZN
2025-06-11,217.41000366210938,218.39999389648438,212.88999938964844,213.1999969482422,39326000,AMZN
2025-06-12,211.77999877929688,213.5800018310547,211.3300018310547,213.24000549316406,27640000,AMZN
2025-06-13,209.9600067138672,214.0500030517578,209.6199951171875,212.10000610351562,29337800,AMZN
2025-06-16,212.30999755859375,217.05999755859375,211.60000610351562,216.10000610351562,33284200,AMZN
2025-06-17,215.1999969482422,217.41000366210938,214.55999755859375,214.82000732421875,32086300,AMZN
2025-06-18,215.08999633789062,217.9600067138672,212.33999633789062,212.52000427246094,44360500,AMZN
2025-06-20,214.67999267578125,214.88999938964844,208.27000427246094,209.69000244140625,75350700,AMZN
2025-06-23,209.7899932861328,210.38999938964844,207.30999755859375,208.47000122070312,37311700,AMZN
2025-06-24,212.13999938964844,214.33999633789062,211.0500030517578,212.77000427246094,38378800,AMZN
2025-06-25,214.6199951171875,216.02999877929688,211.11000061035156,211.99000549316406,31755700,AMZN
2025-06-26,213.1199951171875,218.0399932861328,212.00999450683594,217.1199951171875,50480800,AMZN
2025-06-27,219.9199981689453,223.3000030517578,216.74000549316406,223.3000030517578,119217100,AMZN
2025-06-30,223.52000427246094,223.82000732421875,219.1199951171875,219.38999938964844,58887800,AMZN
2025-07-01,219.5,221.8800048828125,217.92999267578125,220.4600067138672,39256800,AMZN
2025-07-02,219.72999572753906,221.60000610351562,219.05999755859375,219.9199981689453,30894200,AMZN
2025-07-03,221.82000732421875,224.00999450683594,221.36000061035156,223.41000366210938,29632400,AMZN
2025-07-07,223.0,224.2899932861328,222.3699951171875,223.47000122070312,36604100,AMZN
2025-07-08,223.9199981689453,224.0,218.42999267578125,219.36000061035156,45692000,AMZN
2025-07-09,221.07000732421875,224.2899932861328,220.47000122070312,222.5399932861328,38155100,AMZN
2025-07-10,221.5500030517578,222.7899932861328,219.6999969482422,222.25999450683594,30370600,AMZN
2025-07-11,223.5800018310547,226.67999267578125,222.3699951171875,225.02000427246094,50518300,AMZN
2025-07-14,225.07000732421875,226.66000366210938,224.24000549316406,225.69000244140625,35702600,AMZN
2025-07-15,226.1999969482422,227.27000427246094,225.4600067138672,226.35000610351562,34907300,AMZN
2025-07-16,225.8800048828125,226.10000610351562,222.17999267578125,223.19000244140625,39535900,AMZN
2025-07-17,223.32000732421875,224.5,222.50999450683594,223.8800048828125,31855800,AMZN
2025-07-18,225.13999938964844,226.39999389648438,222.97999572753906,226.1300048828125,37833800,AMZN
2025-07-21,225.83999633789062,229.69000244140625,225.64999389648438,229.3000030517578,40297600,AMZN
2025-07-22,229.67999267578125,230.0,226.35000610351562,227.47000122070312,37483700,AMZN
2025-07-23,228.47000122070312,228.7899932861328,227.08999633789062,228.2899932861328,28294900,AMZN
2025-07-24,229.1699981689453,236.0,228.63999938964844,232.22999572753906,42902300,AMZN
2025-07-25,232.22000122070312,232.47999572753906,231.17999267578125,231.44000244140625,28712100,AMZN
2025-07-28,233.35000610351562,234.2899932861328,232.25,232.7899932861328,26300100,AMZN
2025-07-29,234.14999389648438,234.72000122070312,230.30999755859375,231.00999450683594,33716200,AMZN
2025-07-30,231.63999938964844,231.8000030517578,229.2899932861328,230.19000244140625,32993300,AMZN
2025-07-31,235.77000427246094,236.52999877929688,231.39999389648438,234.11000061035156,104357300,AMZN
2025-08-01,217.2100067138672,220.44000244140625,212.8000030517578,214.75,122258800,AMZN
2025-08-04,217.39999389648438,217.44000244140625,211.4199981689453,211.64999389648438,77890100,AMZN
2025-08-05,213.0500030517578,216.3000030517578,212.8699951171875,213.75,51505100,AMZN
2025-08-06,214.6999969482422,222.64999389648438,213.74000549316406,222.30999755859375,54823000,AMZN
2025-08-07,221.0,226.22000122070312,220.82000732421875,223.1300048828125,40603500,AMZN
2025-08-08,223.13999938964844,223.8000030517578,221.8800048828125,222.69000244140625,32970500,AMZN
2025-08-11,221.77999877929688,223.0500030517578,220.39999389648438,221.3000030517578,31646200,AMZN
2025-08-12,222.22999572753906,223.5,219.0500030517578,221.47000122070312,37185800,AMZN
2025-08-13,222.0,224.9199981689453,222.0,224.55999755859375,36508300,AMZN
2025-08-14,227.39999389648438,233.11000061035156,227.02000427246094,230.97999572753906,61545800,AMZN
2025-08-15,232.5800018310547,234.0800018310547,229.80999755859375,231.02999877929688,39649200,AMZN
2025-08-18,230.22999572753906,231.91000366210938,228.3300018310547,231.49000549316406,25248900,AMZN
2025-08-19,230.08999633789062,230.52999877929688,227.1199951171875,228.00999450683594,29891000,AMZN
2025-08-20,227.1199951171875,227.27000427246094,220.9199981689453,223.80999755859375,36604300,AMZN
2025-08-21,222.64999389648438,222.77999877929688,220.5,221.9499969482422,32140500,AMZN
2025-08-22,222.7899932861328,229.13999938964844,220.82000732421875,228.83999633789062,37315300,AMZN
2025-08-25,227.35000610351562,229.60000610351562,227.30999755859375,227.94000244140625,22633700,AMZN
2025-08-26,227.11000061035156,229.0,226.02000427246094,228.7100067138672,26105400,AMZN
2025-08-27,228.57000732421875,229.8699951171875,227.80999755859375,229.1199951171875,21254500,AMZN
2025-08-28,229.00999450683594,232.7100067138672,228.02000427246094,231.60000610351562,33679600,AMZN
2025-08-29,231.32000732421875,231.80999755859375,228.16000366210938,229.0,26199200,AMZN
2025-09-02,223.52000427246094,226.1699981689453,221.8300018310547,225.33999633789062,38843900,AMZN
2025-09-03,225.2100067138672,227.1699981689453,224.36000061035156,225.99000549316406,29223100,AMZN
2025-09-04,231.19000244140625,235.77000427246094,230.77999877929688,235.67999267578125,59391800,AMZN
2025-09-05,235.19000244140625,236.0,231.92999267578125,232.3300018310547,36721800,AMZN
2025-09-08,234.94000244140625,237.60000610351562,233.75,235.83999633789062,33947100,AMZN
2025-09-09,236.36000061035156,238.85000610351562,235.0800018310547,238.24000549316406,27033800,AMZN
2025-09-10,237.52000427246094,237.67999267578125,229.10000610351562,230.3300018310547,60907700,AMZN
2025-09-11,231.49000549316406,231.52999877929688,229.33999633789062,229.9499969482422,37485600,AMZN
2025-09-12,230.35000610351562,230.7899932861328,226.2899932861328,228.14999389648438,38496200,AMZN
2025-09-15,230.6300048828125,233.72999572753906,230.32000732421875,231.42999267578125,33243300,AMZN
2025-09-16,232.94000244140625,235.89999389648438,232.22999572753906,234.0500030517578,38203900,AMZN
2025-09-17,233.77000427246094,234.3000030517578,228.7100067138672,231.6199951171875,42815200,AMZN
2025-09-18,232.5,233.47999572753906,228.7899932861328,231.22999572753906,37931700,AMZN
2025-09-19,232.3699951171875,234.16000366210938,229.6999969482422,231.47999572753906,97943200,AMZN
2025-09-22,230.55999755859375,230.57000732421875,227.50999450683594,227.6300048828125,45914500,AMZN
2025-09-23,227.8300018310547,227.86000061035156,220.07000732421875,220.7100067138672,70956200,AMZN
2025-09-24,224.14999389648438,224.55999755859375,219.4499969482422,220.2100067138672,49509000,AMZN
2025-09-25,220.05999755859375,220.6699981689453,216.47000122070312,218.14999389648438,52226300,AMZN
2025-09-26,219.0800018310547,221.0500030517578,218.02000427246094,219.77999877929688,41650100,AMZN
2025-09-29,220.0800018310547,222.60000610351562,219.3000030517578,222.1699981689453,44259200,AMZN
2025-09-30,222.02999877929688,222.24000549316406,217.88999938964844,219.57000732421875,48396400,AMZN
2025-10-01,217.36000061035156,222.14999389648438,216.61000061035156,220.6300048828125,43933800,AMZN
2025-10-02,221.00999450683594,222.80999755859375,218.9499969482422,222.41000366210938,41258600,AMZN
2025-10-03,223.44000244140625,224.1999969482422,219.33999633789062,219.50999450683594,43639000,AMZN
2025-10-06,221.0,221.72999572753906,216.02999877929688,220.89999389648438,43690900,AMZN
2025-10-07,220.8800048828125,222.88999938964844,220.1699981689453,221.77999877929688,31194700,AMZN
2025-10-08,222.9199981689453,226.72999572753906,221.19000244140625,225.22000122070312,46686000,AMZN
2025-10-09,225.0,228.2100067138672,221.75,227.74000549316406,46412100,AMZN
2025-10-10,226.2100067138672,228.25,216.0,216.3699951171875,72367500,AMZN
2025-10-13,217.6999969482422,220.67999267578125,217.0399932861328,220.07000732421875,37809700,AMZN
2025-10-14,215.55999755859375,219.32000732421875,212.60000610351562,216.38999938964844,45665600,AMZN
2025-10-15,216.6199951171875,217.7100067138672,212.66000366210938,215.57000732421875,45909500,AMZN
2025-10-16,215.6699981689453,218.58999633789062,212.80999755859375,214.47000122070312,42414600,AMZN
2025-10-17,214.55999755859375,214.8000030517578,211.02999877929688,213.0399932861328,45986900,AMZN
2025-10-20,213.8800048828125,216.69000244140625,213.58999633789062,216.47999572753906,38882800,AMZN
2025-10-21,218.42999267578125,223.32000732421875,217.99000549316406,222.02999877929688,50494600,AMZN
2025-10-22,219.3000030517578,220.00999450683594,216.52000427246094,217.9499969482422,44308500,AMZN
2025-10-23,219.0,221.3000030517578,218.17999267578125,221.08999633789062,31540000,AMZN
2025-10-24,221.97000122070312,225.39999389648438,221.89999389648438,224.2100067138672,38685100,AMZN
2025-10-27,227.66000366210938,228.39999389648438,225.5399932861328,226.97000122070312,38267000,AMZN
2025-10-28,228.22000122070312,231.49000549316406,226.2100067138672,229.25,47100000,AMZN
2025-10-29,231.6699981689453,232.82000732421875,227.75999450683594,230.3000030517578,52036200,AMZN
2025-10-30,227.05999755859375,228.44000244140625,222.75,222.86000061035156,102252900,AMZN
2025-10-31,250.10000610351562,250.5,243.97999572753906,244.22000122070312,166340800,AMZN
2025-11-03,255.36000061035156,258.6000061035156,252.89999389648438,254.0,95997800,AMZN
2025-11-04,250.3800048828125,257.010009765625,248.66000366210938,249.32000732421875,51546300,AMZN
2025-11-05,249.02999877929688,251.0,246.16000366210938,250.1999969482422,40610700,AMZN
2025-11-06,249.16000366210938,250.3800048828125,242.1699981689453,243.0399932861328,46004200,AMZN
2025-11-07,242.89999389648438,244.89999389648438,238.49000549316406,244.41000366210938,46374300,AMZN
2025-11-10,248.33999633789062,251.75,245.58999633789062,248.39999389648438,36476500,AMZN
2025-11-11,248.41000366210938,249.75,247.22999572753906,249.10000610351562,23564100,AMZN
2025-11-12,250.24000549316406,250.3699951171875,243.75,244.1999969482422,31190100,AMZN
2025-11-13,243.0500030517578,243.75,236.5,237.5800018310547,41401700,AMZN
2025-11-14,235.05999755859375,238.72999572753906,232.88999938964844,234.69000244140625,38956700,AMZN
2025-11-17,233.25,234.60000610351562,229.19000244140625,232.8699951171875,59919000,AMZN
2025-11-18,228.10000610351562,230.1999969482422,222.4199981689453,222.5500030517578,60608400,AMZN
2025-11-19,223.74000549316406,223.74000549316406,218.52000427246094,222.69000244140625,58335600,AMZN
2025-11-20,227.0500030517578,227.41000366210938,216.74000549316406,217.13999938964844,50309000,AMZN
2025-11-21,216.35000610351562,222.2100067138672,215.17999267578125,220.69000244140625,68490500,AMZN
2025-11-24,222.55999755859375,227.3300018310547,222.27000427246094,226.27999877929688,54318400,AMZN
2025-11-25,226.3800048828125,230.52000427246094,223.8000030517578,229.6699981689453,39379300,AMZN
2025-11-26,230.74000549316406,231.75,228.77000427246094,229.16000366210938,38497900,AMZN
2025-11-28,231.24000549316406,233.2899932861328,230.22000122070312,233.22000122070312,20292300,AMZN
2025-12-01,233.22000122070312,235.8000030517578,232.25,233.8800048828125,42904000,AMZN
2025-12-02,235.00999450683594,238.97000122070312,233.5500030517578,234.4199981689453,45785400,AMZN
2025-12-03,233.35000610351562,233.3800048828125,230.61000061035156,232.3800048828125,35495100,AMZN
2025-12-04,232.77000427246094,233.5,226.8000030517578,229.11000061035156,45683200,AMZN
2025-12-05,230.32000732421875,231.24000549316406,228.5500030517578,229.52999877929688,33117400,AMZN
2025-12-08,229.58999633789062,230.8300018310547,226.27000427246094,226.88999938964844,35019200,AMZN
2025-12-09,226.83999633789062,228.57000732421875,225.11000061035156,227.9199981689453,25841700,AMZN
2025-12-10,228.80999755859375,232.4199981689453,228.4600067138672,231.77999877929688,38790700,AMZN
2025-12-11,230.7100067138672,232.11000061035156,228.69000244140625,230.27999877929688,28249600,AMZN
2025-12-12,229.8699951171875,230.0800018310547,225.1199951171875,226.19000244140625,35639100,AMZN
2025-12-15,227.92999267578125,227.92999267578125,221.5,222.5399932861328,47286100,AMZN
2025-12-16,223.0399932861328,223.66000366210938,221.1300048828125,222.55999755859375,39298900,AMZN
2025-12-17,224.66000366210938,225.19000244140625,220.99000549316406,221.27000427246094,44034400,AMZN
2025-12-18,225.7100067138672,229.22999572753906,224.41000366210938,226.75999450683594,50272400,AMZN
2025-12-19,226.75999450683594,229.1300048828125,225.5800018310547,227.35000610351562,85544400,AMZN
2025-12-22,228.61000061035156,229.47999572753906,226.7100067138672,228.42999267578125,32261300,AMZN
2025-12-23,229.05999755859375,232.4499969482422,228.72999572753906,232.13999938964844,29230200,AMZN
2025-12-24,232.1300048828125,232.9499969482422,231.3300018310547,232.3800048828125,11420500,AMZN
2025-12-26,232.0399932861328,232.99000549316406,231.17999267578125,232.52000427246094,15994700,AMZN
2025-12-29,231.94000244140625,232.60000610351562,230.77000427246094,232.07000732421875,19797900,AMZN
2025-12-30,231.2100067138672,232.77000427246094,230.1999969482422,232.52999877929688,21910500,AMZN
